transaction_id,customer_id,transaction_date,order_amount,category
TXN-10000,CUST-1661,2024-01-01 00:00:00.000000000,32.54,Electronics
TXN-10001,CUST-1272,2024-01-01 03:30:16.923384676,10.12,Home & Kitchen
TXN-10002,CUST-1836,2024-01-01 07:00:33.846769353,45.42,Beauty
TXN-10003,CUST-1619,2024-01-01 10:30:50.770154030,73.43,Books
TXN-10004,CUST-1650,2024-01-01 14:01:07.693538707,58.86,Books
TXN-10005,CUST-1861,2024-01-01 17:31:24.616923384,158.58,Apparel
TXN-10006,CUST-1782,2024-01-01 21:01:41.540308061,18.35,Apparel
TXN-10007,CUST-1858,2024-01-02 00:31:58.463692738,70.53,Books
TXN-10008,CUST-1930,2024-01-02 04:02:15.387077415,63.96,Books
TXN-10009,CUST-1288,2024-01-02 07:32:32.310462092,34.78,Apparel
TXN-10010,CUST-1723,2024-01-02 11:02:49.233846769,139.54,Beauty
TXN-10011,CUST-1892,2024-01-02 14:33:06.157231446,114.83,Electronics
TXN-10012,CUST-1271,2024-01-02 18:03:23.080616123,109.0,Apparel
TXN-10013,CUST-1929,2024-01-02 21:33:40.004000800,166.68,Beauty
TXN-10014,CUST-1065,2024-01-03 01:03:56.927385477,106.22,Beauty
TXN-10015,CUST-1482,2024-01-03 04:34:13.850770154,29.78,Beauty
TXN-10016,CUST-1935,2024-01-03 08:04:30.774154830,101.7,Home & Kitchen
TXN-10017,CUST-1247,2024-01-03 11:34:47.697539507,37.58,Home & Kitchen
TXN-10018,CUST-1155,2024-01-03 15:05:04.620924184,30.8,Beauty
TXN-10019,CUST-1046,2024-01-03 18:35:21.544308861,15.69,Books
TXN-10020,CUST-1934,2024-01-03 22:05:38.467693538,112.2,Home & Kitchen
TXN-10021,CUST-1453,2024-01-04 01:35:55.391078215,103.1,Apparel
TXN-10022,CUST-1200,2024-01-04 05:06:12.314462892,30.04,Home & Kitchen
TXN-10023,CUST-1659,2024-01-04 08:36:29.237847569,113.79,Books
TXN-10024,CUST-1123,2024-01-04 12:06:46.161232246,197.43,Electronics
TXN-10025,CUST-1000,2024-01-04 15:37:03.084616923,18.57,Home & Kitchen
TXN-10026,CUST-1967,2024-01-04 19:07:20.008001600,29.86,Beauty
TXN-10027,CUST-1758,2024-01-04 22:37:36.931386277,114.05,Beauty
TXN-10028,CUST-1854,2024-01-05 02:07:53.854770954,34.07,Beauty
TXN-10029,CUST-1639,2024-01-05 05:38:10.778155631,83.5,Electronics
TXN-10030,CUST-1190,2024-01-05 09:08:27.701540308,16.35,Books
TXN-10031,CUST-1578,2024-01-05 12:38:44.624924985,55.14,Apparel
TXN-10032,CUST-1515,2024-01-05 16:09:01.548309661,110.77,Books
TXN-10033,CUST-1441,2024-01-05 19:39:18.471694338,97.0,Electronics
TXN-10034,CUST-1920,2024-01-05 23:09:35.395079015,136.58,Beauty
TXN-10035,CUST-1814,2024-01-06 02:39:52.318463692,167.44,Books
TXN-10036,CUST-1805,2024-01-06 06:10:09.241848369,121.27,Apparel
TXN-10037,CUST-1142,2024-01-06 09:40:26.165233046,93.51,Beauty
TXN-10038,CUST-1190,2024-01-06 13:10:43.088617723,12.42,Apparel
TXN-10039,CUST-1532,2024-01-06 16:41:00.012002400,67.42,Home & Kitchen
TXN-10040,CUST-1226,2024-01-06 20:11:16.935387077,12.88,Apparel
TXN-10041,CUST-1312,2024-01-06 23:41:33.858771754,133.8,Beauty
TXN-10042,CUST-1628,2024-01-07 03:11:50.782156431,39.0,Home & Kitchen
TXN-10043,CUST-1948,2024-01-07 06:42:07.705541108,71.99,Beauty
TXN-10044,CUST-1301,2024-01-07 10:12:24.628925785,34.58,Beauty
TXN-10045,CUST-1653,2024-01-07 13:42:41.552310462,124.42,Home & Kitchen
TXN-10046,CUST-1995,2024-01-07 17:12:58.475695139,173.2,Apparel
TXN-10047,CUST-1459,2024-01-07 20:43:15.399079816,48.14,Electronics
TXN-10048,CUST-1400,2024-01-08 00:13:32.322464492,159.04,Electronics
TXN-10049,CUST-1550,2024-01-08 03:43:49.245849169,33.3,Electronics
TXN-10050,CUST-1392,2024-01-08 07:14:06.169233846,67.37,Electronics
TXN-10051,CUST-1866,2024-01-08 10:44:23.092618523,156.8,Books
TXN-10052,CUST-1763,2024-01-08 14:14:40.016003200,39.58,Electronics
TXN-10053,CUST-1844,2024-01-08 17:44:56.939387877,241.0,Home & Kitchen
TXN-10054,CUST-1206,2024-01-08 21:15:13.862772554,19.75,Electronics
TXN-10055,CUST-1209,2024-01-09 00:45:30.786157231,11.38,Beauty
TXN-10056,CUST-1114,2024-01-09 04:15:47.709541908,185.86,Electronics
TXN-10057,CUST-1736,2024-01-09 07:46:04.632926585,15.33,Apparel
TXN-10058,CUST-1645,2024-01-09 11:16:21.556311262,371.09,Home & Kitchen
TXN-10059,CUST-1250,2024-01-09 14:46:38.479695939,236.81,Home & Kitchen
TXN-10060,CUST-1218,2024-01-09 18:16:55.403080616,21.05,Books
TXN-10061,CUST-1406,2024-01-09 21:47:12.326465293,67.85,Beauty
TXN-10062,CUST-1442,2024-01-10 01:17:29.249849970,25.34,Home & Kitchen
TXN-10063,CUST-1602,2024-01-10 04:47:46.173234647,51.92,Apparel
TXN-10064,CUST-1353,2024-01-10 08:18:03.096619323,14.75,Electronics
TXN-10065,CUST-1887,2024-01-10 11:48:20.020004000,29.01,Home & Kitchen
TXN-10066,CUST-1557,2024-01-10 15:18:36.943388677,43.86,Apparel
TXN-10067,CUST-1549,2024-01-10 18:48:53.866773354,53.31,Electronics
TXN-10068,CUST-1141,2024-01-10 22:19:10.790158031,294.56,Books
TXN-10069,CUST-1611,2024-01-11 01:49:27.713542708,133.72,Home & Kitchen
TXN-10070,CUST-1500,2024-01-11 05:19:44.636927385,110.29,Home & Kitchen
TXN-10071,CUST-1839,2024-01-11 08:50:01.560312062,67.76,Apparel
TXN-10072,CUST-1701,2024-01-11 12:20:18.483696739,147.44,Beauty
TXN-10073,CUST-1546,2024-01-11 15:50:35.407081416,41.09,Books
TXN-10074,CUST-1658,2024-01-11 19:20:52.330466093,102.56,Beauty
TXN-10075,CUST-1541,2024-01-11 22:51:09.253850770,391.05,Home & Kitchen
TXN-10076,CUST-1845,2024-01-12 02:21:26.177235447,38.33,Beauty
TXN-10077,CUST-1506,2024-01-12 05:51:43.100620124,94.07,Electronics
TXN-10078,CUST-1595,2024-01-12 09:22:00.024004801,149.49,Books
TXN-10079,CUST-1880,2024-01-12 12:52:16.947389477,195.6,Beauty
TXN-10080,CUST-1280,2024-01-12 16:22:33.870774154,104.92,Electronics
TXN-10081,CUST-1423,2024-01-12 19:52:50.794158831,35.01,Apparel
TXN-10082,CUST-1855,2024-01-12 23:23:07.717543508,39.62,Beauty
TXN-10083,CUST-1269,2024-01-13 02:53:24.640928185,11.57,Books
TXN-10084,CUST-1153,2024-01-13 06:23:41.564312862,117.31,Electronics
TXN-10085,CUST-1613,2024-01-13 09:53:58.487697539,13.28,Beauty
TXN-10086,CUST-1726,2024-01-13 13:24:15.411082216,159.99,Apparel
TXN-10087,CUST-1661,2024-01-13 16:54:32.334466893,19.47,Beauty
TXN-10088,CUST-1943,2024-01-13 20:24:49.257851570,24.14,Electronics
TXN-10089,CUST-1082,2024-01-13 23:55:06.181236247,58.55,Beauty
TXN-10090,CUST-1621,2024-01-14 03:25:23.104620924,110.42,Books
TXN-10091,CUST-1946,2024-01-14 06:55:40.028005601,21.22,Home & Kitchen
TXN-10092,CUST-1898,2024-01-14 10:25:56.951390278,53.5,Electronics
TXN-10093,CUST-1425,2024-01-14 13:56:13.874774955,59.46,Electronics
TXN-10094,CUST-1274,2024-01-14 17:26:30.798159632,27.9,Electronics
TXN-10095,CUST-1712,2024-01-14 20:56:47.721544309,19.21,Electronics
TXN-10096,CUST-1283,2024-01-15 00:27:04.644928985,145.78,Beauty
TXN-10097,CUST-1979,2024-01-15 03:57:21.568313662,62.36,Books
TXN-10098,CUST-1172,2024-01-15 07:27:38.491698339,11.09,Apparel
TXN-10099,CUST-1326,2024-01-15 10:57:55.415083016,131.83,Books
TXN-10100,CUST-1717,2024-01-15 14:28:12.338467693,306.44,Electronics
TXN-10101,CUST-1062,2024-01-15 17:58:29.261852370,79.84,Beauty
TXN-10102,CUST-1072,2024-01-15 21:28:46.185237047,62.54,Beauty
TXN-10103,CUST-1762,2024-01-16 00:59:03.108621724,168.04,Electronics
TXN-10104,CUST-1635,2024-01-16 04:29:20.032006401,238.55,Beauty
TXN-10105,CUST-1374,2024-01-16 07:59:36.955391078,115.35,Electronics
TXN-10106,CUST-1632,2024-01-16 11:29:53.878775755,54.22,Books
TXN-10107,CUST-1507,2024-01-16 15:00:10.802160432,77.28,Home & Kitchen
TXN-10108,CUST-1786,2024-01-16 18:30:27.725545109,100.53,Beauty
TXN-10109,CUST-1942,2024-01-16 22:00:44.648929786,26.2,Electronics
TXN-10110,CUST-1397,2024-01-17 01:31:01.572314463,54.46,Electronics
TXN-10111,CUST-1119,2024-01-17 05:01:18.495699139,142.82,Beauty
TXN-10112,CUST-1933,2024-01-17 08:31:35.419083816,89.76,Apparel
TXN-10113,CUST-1436,2024-01-17 12:01:52.342468493,49.73,Electronics
TXN-10114,CUST-1828,2024-01-17 15:32:09.265853170,91.66,Beauty
TXN-10115,CUST-1675,2024-01-17 19:02:26.189237847,19.44,Electronics
TXN-10116,CUST-1935,2024-01-17 22:32:43.112622524,48.5,Apparel
TXN-10117,CUST-1464,2024-01-18 02:03:00.036007201,128.17,Home & Kitchen
TXN-10118,CUST-1285,2024-01-18 05:33:16.959391878,28.68,Apparel
TXN-10119,CUST-1264,2024-01-18 09:03:33.882776555,25.43,Books
TXN-10120,CUST-1319,2024-01-18 12:33:50.806161232,235.92,Beauty
TXN-10121,CUST-1672,2024-01-18 16:04:07.729545909,27.67,Apparel
TXN-10122,CUST-1375,2024-01-18 19:34:24.652930586,32.68,Home & Kitchen
TXN-10123,CUST-1819,2024-01-18 23:04:41.576315263,272.04,Electronics
TXN-10124,CUST-1088,2024-01-19 02:34:58.499699940,109.52,Beauty
TXN-10125,CUST-1653,2024-01-19 06:05:15.423084617,100.2,Apparel
TXN-10126,CUST-1202,2024-01-19 09:35:32.346469294,153.76,Home & Kitchen
TXN-10127,CUST-1820,2024-01-19 13:05:49.269853970,19.23,Apparel
TXN-10128,CUST-1738,2024-01-19 16:36:06.193238647,101.8,Books
TXN-10129,CUST-1954,2024-01-19 20:06:23.116623324,62.54,Beauty
TXN-10130,CUST-1333,2024-01-19 23:36:40.040008001,142.52,Electronics
TXN-10131,CUST-1221,2024-01-20 03:06:56.963392678,63.22,Home & Kitchen
TXN-10132,CUST-1040,2024-01-20 06:37:13.886777355,82.62,Apparel
TXN-10133,CUST-1707,2024-01-20 10:07:30.810162032,58.72,Beauty
TXN-10134,CUST-1067,2024-01-20 13:37:47.733546709,58.78,Apparel
TXN-10135,CUST-1987,2024-01-20 17:08:04.656931386,119.57,Beauty
TXN-10136,CUST-1775,2024-01-20 20:38:21.580316063,84.28,Books
TXN-10137,CUST-1513,2024-01-21 00:08:38.503700740,85.23,Apparel
TXN-10138,CUST-1872,2024-01-21 03:38:55.427085417,54.88,Books
TXN-10139,CUST-1636,2024-01-21 07:09:12.350470094,66.8,Home & Kitchen
TXN-10140,CUST-1621,2024-01-21 10:39:29.273854771,112.7,Books
TXN-10141,CUST-1597,2024-01-21 14:09:46.197239448,141.13,Beauty
TXN-10142,CUST-1936,2024-01-21 17:40:03.120624124,99.44,Home & Kitchen
TXN-10143,CUST-1631,2024-01-21 21:10:20.044008801,203.35,Apparel
TXN-10144,CUST-1126,2024-01-22 00:40:36.967393478,138.75,Apparel
TXN-10145,CUST-1254,2024-01-22 04:10:53.890778155,71.89,Beauty
TXN-10146,CUST-1694,2024-01-22 07:41:10.814162832,93.47,Electronics
TXN-10147,CUST-1015,2024-01-22 11:11:27.737547509,205.59,Electronics
TXN-10148,CUST-1476,2024-01-22 14:41:44.660932186,82.4,Apparel
TXN-10149,CUST-1061,2024-01-22 18:12:01.584316863,140.64,Beauty
TXN-10150,CUST-1880,2024-01-22 21:42:18.507701540,97.55,Electronics
TXN-10151,CUST-1431,2024-01-23 01:12:35.431086217,70.21,Books
TXN-10152,CUST-1669,2024-01-23 04:42:52.354470894,30.76,Apparel
TXN-10153,CUST-1267,2024-01-23 08:13:09.277855571,51.63,Books
TXN-10154,CUST-1034,2024-01-23 11:43:26.201240248,267.55,Beauty
TXN-10155,CUST-1778,2024-01-23 15:13:43.124624925,90.42,Books
TXN-10156,CUST-1575,2024-01-23 18:44:00.048009602,72.33,Electronics
TXN-10157,CUST-1493,2024-01-23 22:14:16.971394279,212.68,Electronics
TXN-10158,CUST-1561,2024-01-24 01:44:33.894778955,76.23,Home & Kitchen
TXN-10159,CUST-1468,2024-01-24 05:14:50.818163632,66.0,Apparel
TXN-10160,CUST-1766,2024-01-24 08:45:07.741548309,116.82,Beauty
TXN-10161,CUST-1660,2024-01-24 12:15:24.664932986,103.53,Apparel
TXN-10162,CUST-1324,2024-01-24 15:45:41.588317663,26.1,Books
TXN-10163,CUST-1303,2024-01-24 19:15:58.511702340,57.8,Beauty
TXN-10164,CUST-1275,2024-01-24 22:46:15.435087017,57.97,Beauty
TXN-10165,CUST-1868,2024-01-25 02:16:32.358471694,45.64,Electronics
TXN-10166,CUST-1962,2024-01-25 05:46:49.281856371,64.63,Books
TXN-10167,CUST-1683,2024-01-25 09:17:06.205241048,49.97,Electronics
TXN-10168,CUST-1928,2024-01-25 12:47:23.128625725,26.67,Electronics
TXN-10169,CUST-1200,2024-01-25 16:17:40.052010402,49.87,Home & Kitchen
TXN-10170,CUST-1444,2024-01-25 19:47:56.975395079,15.63,Electronics
TXN-10171,CUST-1904,2024-01-25 23:18:13.898779756,74.31,Apparel
TXN-10172,CUST-1323,2024-01-26 02:48:30.822164433,154.13,Beauty
TXN-10173,CUST-1034,2024-01-26 06:18:47.745549109,106.9,Electronics
TXN-10174,CUST-1976,2024-01-26 09:49:04.668933786,43.52,Apparel
TXN-10175,CUST-1481,2024-01-26 13:19:21.592318463,16.83,Books
TXN-10176,CUST-1727,2024-01-26 16:49:38.515703140,26.94,Beauty
TXN-10177,CUST-1479,2024-01-26 20:19:55.439087817,69.14,Books
TXN-10178,CUST-1064,2024-01-26 23:50:12.362472494,27.4,Apparel
TXN-10179,CUST-1007,2024-01-27 03:20:29.285857171,68.89,Books
TXN-10180,CUST-1300,2024-01-27 06:50:46.209241848,29.76,Books
TXN-10181,CUST-1342,2024-01-27 10:21:03.132626525,151.75,Books
TXN-10182,CUST-1430,2024-01-27 13:51:20.056011202,47.97,Electronics
TXN-10183,CUST-1423,2024-01-27 17:21:36.979395879,31.13,Electronics
TXN-10184,CUST-1331,2024-01-27 20:51:53.902780556,135.48,Electronics
TXN-10185,CUST-1437,2024-01-28 00:22:10.826165233,41.49,Beauty
TXN-10186,CUST-1587,2024-01-28 03:52:27.749549910,18.87,Apparel
TXN-10187,CUST-1173,2024-01-28 07:22:44.672934587,73.37,Electronics
TXN-10188,CUST-1558,2024-01-28 10:53:01.596319264,75.34,Books
TXN-10189,CUST-1526,2024-01-28 14:23:18.519703941,104.06,Books
TXN-10190,CUST-1872,2024-01-28 17:53:35.443088618,30.6,Books
TXN-10191,CUST-1658,2024-01-28 21:23:52.366473294,53.99,Books
TXN-10192,CUST-1025,2024-01-29 00:54:09.289857971,34.88,Home & Kitchen
TXN-10193,CUST-1819,2024-01-29 04:24:26.213242648,16.33,Beauty
TXN-10194,CUST-1604,2024-01-29 07:54:43.136627325,166.93,Apparel
TXN-10195,CUST-1405,2024-01-29 11:25:00.060012002,107.89,Apparel
TXN-10196,CUST-1231,2024-01-29 14:55:16.983396679,36.91,Electronics
TXN-10197,CUST-1532,2024-01-29 18:25:33.906781356,78.6,Home & Kitchen
TXN-10198,CUST-1818,2024-01-29 21:55:50.830166033,26.85,Apparel
TXN-10199,CUST-1549,2024-01-30 01:26:07.753550710,175.71,Beauty
TXN-10200,CUST-1787,2024-01-30 04:56:24.676935387,19.15,Books
TXN-10201,CUST-1504,2024-01-30 08:26:41.600320064,10.29,Electronics
TXN-10202,CUST-1668,2024-01-30 11:56:58.523704741,62.29,Beauty
TXN-10203,CUST-1178,2024-01-30 15:27:15.447089418,75.62,Apparel
TXN-10204,CUST-1131,2024-01-30 18:57:32.370474095,74.88,Home & Kitchen
TXN-10205,CUST-1822,2024-01-30 22:27:49.293858772,14.2,Electronics
TXN-10206,CUST-1454,2024-01-31 01:58:06.217243448,38.27,Apparel
TXN-10207,CUST-1347,2024-01-31 05:28:23.140628125,61.87,Electronics
TXN-10208,CUST-1539,2024-01-31 08:58:40.064012802,28.31,Apparel
TXN-10209,CUST-1771,2024-01-31 12:28:56.987397479,164.55,Books
TXN-10210,CUST-1405,2024-01-31 15:59:13.910782156,16.84,Home & Kitchen
TXN-10211,CUST-1075,2024-01-31 19:29:30.834166833,60.12,Books
TXN-10212,CUST-1940,2024-01-31 22:59:47.757551510,98.18,Apparel
TXN-10213,CUST-1578,2024-02-01 02:30:04.680936187,32.76,Beauty
TXN-10214,CUST-1853,2024-02-01 06:00:21.604320864,83.41,Books
TXN-10215,CUST-1491,2024-02-01 09:30:38.527705541,142.63,Beauty
TXN-10216,CUST-1193,2024-02-01 13:00:55.451090218,25.84,Apparel
TXN-10217,CUST-1983,2024-02-01 16:31:12.374474895,196.87,Home & Kitchen
TXN-10218,CUST-1161,2024-02-01 20:01:29.297859572,70.48,Beauty
TXN-10219,CUST-1346,2024-02-01 23:31:46.221244249,36.67,Apparel
TXN-10220,CUST-1950,2024-02-02 03:02:03.144628926,52.27,Beauty
TXN-10221,CUST-1360,2024-02-02 06:32:20.068013603,38.07,Books
TXN-10222,CUST-1768,2024-02-02 10:02:36.991398279,106.85,Apparel
TXN-10223,CUST-1583,2024-02-02 13:32:53.914782956,129.33,Books
TXN-10224,CUST-1086,2024-02-02 17:03:10.838167633,144.2,Electronics
TXN-10225,CUST-1933,2024-02-02 20:33:27.761552310,328.92,Apparel
TXN-10226,CUST-1261,2024-02-03 00:03:44.684936987,127.51,Beauty
TXN-10227,CUST-1213,2024-02-03 03:34:01.608321664,78.98,Electronics
TXN-10228,CUST-1664,2024-02-03 07:04:18.531706341,41.08,Books
TXN-10229,CUST-1721,2024-02-03 10:34:35.455091018,68.99,Books
TXN-10230,CUST-1912,2024-02-03 14:04:52.378475695,13.15,Beauty
TXN-10231,CUST-1572,2024-02-03 17:35:09.301860372,112.44,Electronics
TXN-10232,CUST-1779,2024-02-03 21:05:26.225245049,54.29,Home & Kitchen
TXN-10233,CUST-1261,2024-02-04 00:35:43.148629726,11.52,Beauty
TXN-10234,CUST-1729,2024-02-04 04:06:00.072014403,14.84,Books
TXN-10235,CUST-1282,2024-02-04 07:36:16.995399080,46.76,Apparel
TXN-10236,CUST-1647,2024-02-04 11:06:33.918783757,75.68,Electronics
TXN-10237,CUST-1466,2024-02-04 14:36:50.842168433,56.8,Home & Kitchen
TXN-10238,CUST-1379,2024-02-04 18:07:07.765553110,82.41,Apparel
TXN-10239,CUST-1361,2024-02-04 21:37:24.688937787,59.09,Electronics
TXN-10240,CUST-1448,2024-02-05 01:07:41.612322464,91.29,Beauty
TXN-10241,CUST-1440,2024-02-05 04:37:58.535707141,28.55,Beauty
TXN-10242,CUST-1092,2024-02-05 08:08:15.459091818,18.98,Electronics
TXN-10243,CUST-1620,2024-02-05 11:38:32.382476495,78.06,Home & Kitchen
TXN-10244,CUST-1752,2024-02-05 15:08:49.305861172,59.72,Electronics
TXN-10245,CUST-1866,2024-02-05 18:39:06.229245849,12.04,Apparel
TXN-10246,CUST-1423,2024-02-05 22:09:23.152630526,45.91,Apparel
TXN-10247,CUST-1141,2024-02-06 01:39:40.076015203,18.41,Beauty
TXN-10248,CUST-1290,2024-02-06 05:09:56.999399880,66.84,Electronics
TXN-10249,CUST-1431,2024-02-06 08:40:13.922784557,47.79,Beauty
TXN-10250,CUST-1748,2024-02-06 12:10:30.846169234,81.23,Home & Kitchen
TXN-10251,CUST-1851,2024-02-06 15:40:47.769553911,132.84,Apparel
TXN-10252,CUST-1823,2024-02-06 19:11:04.692938588,36.72,Books
TXN-10253,CUST-1688,2024-02-06 22:41:21.616323264,255.46,Books
TXN-10254,CUST-1652,2024-02-07 02:11:38.539707941,67.53,Electronics
TXN-10255,CUST-1700,2024-02-07 05:41:55.463092618,82.23,Electronics
TXN-10256,CUST-1997,2024-02-07 09:12:12.386477295,95.62,Books
TXN-10257,CUST-1048,2024-02-07 12:42:29.309861972,92.41,Electronics
TXN-10258,CUST-1301,2024-02-07 16:12:46.233246649,63.65,Apparel
TXN-10259,CUST-1880,2024-02-07 19:43:03.156631326,52.0,Home & Kitchen
TXN-10260,CUST-1189,2024-02-07 23:13:20.080016003,14.15,Home & Kitchen
TXN-10261,CUST-1135,2024-02-08 02:43:37.003400680,11.68,Beauty
TXN-10262,CUST-1554,2024-02-08 06:13:53.926785357,43.23,Apparel
TXN-10263,CUST-1403,2024-02-08 09:44:10.850170034,40.45,Electronics
TXN-10264,CUST-1891,2024-02-08 13:14:27.773554711,46.79,Electronics
TXN-10265,CUST-1864,2024-02-08 16:44:44.696939388,21.17,Beauty
TXN-10266,CUST-1601,2024-02-08 20:15:01.620324065,110.5,Beauty
TXN-10267,CUST-1806,2024-02-08 23:45:18.543708742,155.85,Electronics
TXN-10268,CUST-1340,2024-02-09 03:15:35.467093418,219.42,Electronics
TXN-10269,CUST-1756,2024-02-09 06:45:52.390478095,60.85,Apparel
TXN-10270,CUST-1944,2024-02-09 10:16:09.313862772,100.51,Beauty
TXN-10271,CUST-1703,2024-02-09 13:46:26.237247449,155.11,Apparel
TXN-10272,CUST-1317,2024-02-09 17:16:43.160632126,50.63,Electronics
TXN-10273,CUST-1617,2024-02-09 20:47:00.084016803,37.77,Books
TXN-10274,CUST-1362,2024-02-10 00:17:17.007401480,217.02,Books
TXN-10275,CUST-1821,2024-02-10 03:47:33.930786157,64.38,Electronics
TXN-10276,CUST-1381,2024-02-10 07:17:50.854170834,61.58,Beauty
TXN-10277,CUST-1232,2024-02-10 10:48:07.777555511,24.74,Books
TXN-10278,CUST-1776,2024-02-10 14:18:24.700940188,18.58,Beauty
TXN-10279,CUST-1343,2024-02-10 17:48:41.624324865,148.44,Books
TXN-10280,CUST-1548,2024-02-10 21:18:58.547709542,81.42,Beauty
TXN-10281,CUST-1816,2024-02-11 00:49:15.471094219,39.57,Books
TXN-10282,CUST-1552,2024-02-11 04:19:32.394478896,25.97,Beauty
TXN-10283,CUST-1528,2024-02-11 07:49:49.317863573,70.81,Apparel
TXN-10284,CUST-1855,2024-02-11 11:20:06.241248249,75.77,Beauty
TXN-10285,CUST-1788,2024-02-11 14:50:23.164632926,27.39,Apparel
TXN-10286,CUST-1818,2024-02-11 18:20:40.088017603,152.99,Apparel
TXN-10287,CUST-1570,2024-02-11 21:50:57.011402280,16.6,Electronics
TXN-10288,CUST-1934,2024-02-12 01:21:13.934786957,43.02,Apparel
TXN-10289,CUST-1182,2024-02-12 04:51:30.858171634,95.55,Home & Kitchen
TXN-10290,CUST-1040,2024-02-12 08:21:47.781556311,34.03,Apparel
TXN-10291,CUST-1550,2024-02-12 11:52:04.704940988,141.88,Beauty
TXN-10292,CUST-1396,2024-02-12 15:22:21.628325665,110.99,Apparel
TXN-10293,CUST-1703,2024-02-12 18:52:38.551710342,126.7,Beauty
TXN-10294,CUST-1778,2024-02-12 22:22:55.475095019,19.51,Beauty
TXN-10295,CUST-1493,2024-02-13 01:53:12.398479696,21.36,Home & Kitchen
TXN-10296,CUST-1658,2024-02-13 05:23:29.321864373,35.32,Apparel
TXN-10297,CUST-1906,2024-02-13 08:53:46.245249050,64.75,Apparel
TXN-10298,CUST-1332,2024-02-13 12:24:03.168633727,113.38,Books
TXN-10299,CUST-1126,2024-02-13 15:54:20.092018403,145.83,Books
TXN-10300,CUST-1557,2024-02-13 19:24:37.015403080,101.39,Electronics
TXN-10301,CUST-1556,2024-02-13 22:54:53.938787757,207.96,Beauty
TXN-10302,CUST-1000,2024-02-14 02:25:10.862172434,110.67,Home & Kitchen
TXN-10303,CUST-1167,2024-02-14 05:55:27.785557111,37.43,Books
TXN-10304,CUST-1619,2024-02-14 09:25:44.708941788,33.1,Apparel
TXN-10305,CUST-1018,2024-02-14 12:56:01.632326465,99.35,Electronics
TXN-10306,CUST-1331,2024-02-14 16:26:18.555711142,26.07,Home & Kitchen
TXN-10307,CUST-1583,2024-02-14 19:56:35.479095819,17.3,Apparel
TXN-10308,CUST-1455,2024-02-14 23:26:52.402480496,66.98,Apparel
TXN-10309,CUST-1956,2024-02-15 02:57:09.325865173,139.3,Beauty
TXN-10310,CUST-1108,2024-02-15 06:27:26.249249850,18.02,Beauty
TXN-10311,CUST-1267,2024-02-15 09:57:43.172634527,127.73,Books
TXN-10312,CUST-1444,2024-02-15 13:28:00.096019204,135.18,Books
TXN-10313,CUST-1239,2024-02-15 16:58:17.019403881,59.37,Apparel
TXN-10314,CUST-1928,2024-02-15 20:28:33.942788558,14.43,Apparel
TXN-10315,CUST-1300,2024-02-15 23:58:50.866173234,24.39,Books
TXN-10316,CUST-1601,2024-02-16 03:29:07.789557911,102.18,Books
TXN-10317,CUST-1102,2024-02-16 06:59:24.712942588,103.3,Apparel
TXN-10318,CUST-1987,2024-02-16 10:29:41.636327265,181.47,Home & Kitchen
TXN-10319,CUST-1249,2024-02-16 13:59:58.559711942,75.54,Apparel
TXN-10320,CUST-1452,2024-02-16 17:30:15.483096619,19.94,Home & Kitchen
TXN-10321,CUST-1519,2024-02-16 21:00:32.406481296,19.71,Home & Kitchen
TXN-10322,CUST-1152,2024-02-17 00:30:49.329865973,105.78,Apparel
TXN-10323,CUST-1858,2024-02-17 04:01:06.253250650,25.23,Electronics
TXN-10324,CUST-1173,2024-02-17 07:31:23.176635327,39.86,Books
TXN-10325,CUST-1342,2024-02-17 11:01:40.100020004,60.09,Beauty
TXN-10326,CUST-1669,2024-02-17 14:31:57.023404681,11.88,Apparel
TXN-10327,CUST-1430,2024-02-17 18:02:13.946789358,31.46,Home & Kitchen
TXN-10328,CUST-1726,2024-02-17 21:32:30.870174035,49.3,Apparel
TXN-10329,CUST-1688,2024-02-18 01:02:47.793558712,34.6,Books
TXN-10330,CUST-1686,2024-02-18 04:33:04.716943388,21.0,Home & Kitchen
TXN-10331,CUST-1851,2024-02-18 08:03:21.640328065,107.65,Beauty
TXN-10332,CUST-1849,2024-02-18 11:33:38.563712742,135.81,Beauty
TXN-10333,CUST-1657,2024-02-18 15:03:55.487097419,32.33,Beauty
TXN-10334,CUST-1961,2024-02-18 18:34:12.410482096,121.68,Electronics
TXN-10335,CUST-1323,2024-02-18 22:04:29.333866773,46.53,Home & Kitchen
TXN-10336,CUST-1989,2024-02-19 01:34:46.257251450,63.0,Home & Kitchen
TXN-10337,CUST-1672,2024-02-19 05:05:03.180636127,155.35,Electronics
TXN-10338,CUST-1638,2024-02-19 08:35:20.104020804,113.96,Home & Kitchen
TXN-10339,CUST-1419,2024-02-19 12:05:37.027405481,132.65,Electronics
TXN-10340,CUST-1593,2024-02-19 15:35:53.950790158,21.04,Apparel
TXN-10341,CUST-1484,2024-02-19 19:06:10.874174835,15.42,Books
TXN-10342,CUST-1658,2024-02-19 22:36:27.797559512,177.9,Beauty
TXN-10343,CUST-1750,2024-02-20 02:06:44.720944189,46.81,Electronics
TXN-10344,CUST-1411,2024-02-20 05:37:01.644328866,35.46,Electronics
TXN-10345,CUST-1935,2024-02-20 09:07:18.567713543,106.74,Electronics
TXN-10346,CUST-1083,2024-02-20 12:37:35.491098219,145.78,Apparel
TXN-10347,CUST-1112,2024-02-20 16:07:52.414482896,158.8,Electronics
TXN-10348,CUST-1736,2024-02-20 19:38:09.337867573,38.48,Books
TXN-10349,CUST-1331,2024-02-20 23:08:26.261252250,153.4,Books
TXN-10350,CUST-1377,2024-02-21 02:38:43.184636927,13.13,Beauty
TXN-10351,CUST-1754,2024-02-21 06:09:00.108021604,13.82,Apparel
TXN-10352,CUST-1654,2024-02-21 09:39:17.031406281,83.27,Books
TXN-10353,CUST-1040,2024-02-21 13:09:33.954790958,14.89,Home & Kitchen
TXN-10354,CUST-1934,2024-02-21 16:39:50.878175635,39.43,Home & Kitchen
TXN-10355,CUST-1769,2024-02-21 20:10:07.801560312,93.78,Home & Kitchen
TXN-10356,CUST-1958,2024-02-21 23:40:24.724944989,40.85,Electronics
TXN-10357,CUST-1796,2024-02-22 03:10:41.648329666,24.85,Electronics
TXN-10358,CUST-1104,2024-02-22 06:40:58.571714343,34.78,Home & Kitchen
TXN-10359,CUST-1201,2024-02-22 10:11:15.495099020,55.88,Beauty
TXN-10360,CUST-1449,2024-02-22 13:41:32.418483697,58.38,Beauty
TXN-10361,CUST-1818,2024-02-22 17:11:49.341868374,124.59,Electronics
TXN-10362,CUST-1842,2024-02-22 20:42:06.265253051,114.02,Home & Kitchen
TXN-10363,CUST-1972,2024-02-23 00:12:23.188637728,55.77,Beauty
TXN-10364,CUST-1265,2024-02-23 03:42:40.112022405,150.15,Electronics
TXN-10365,CUST-1909,2024-02-23 07:12:57.035407081,19.1,Home & Kitchen
TXN-10366,CUST-1209,2024-02-23 10:43:13.958791758,32.11,Apparel
TXN-10367,CUST-1562,2024-02-23 14:13:30.882176435,142.01,Home & Kitchen
TXN-10368,CUST-1117,2024-02-23 17:43:47.805561112,45.61,Home & Kitchen
TXN-10369,CUST-1712,2024-02-23 21:14:04.728945789,307.97,Books
TXN-10370,CUST-1376,2024-02-24 00:44:21.652330466,57.09,Books
TXN-10371,CUST-1550,2024-02-24 04:14:38.575715143,127.74,Apparel
TXN-10372,CUST-1539,2024-02-24 07:44:55.499099820,48.6,Apparel
TXN-10373,CUST-1770,2024-02-24 11:15:12.422484497,51.5,Home & Kitchen
TXN-10374,CUST-1083,2024-02-24 14:45:29.345869174,46.2,Beauty
TXN-10375,CUST-1453,2024-02-24 18:15:46.269253851,105.23,Apparel
TXN-10376,CUST-1666,2024-02-24 21:46:03.192638528,69.48,Home & Kitchen
TXN-10377,CUST-1628,2024-02-25 01:16:20.116023205,225.88,Electronics
TXN-10378,CUST-1513,2024-02-25 04:46:37.039407882,31.67,Books
TXN-10379,CUST-1604,2024-02-25 08:16:53.962792559,17.95,Beauty
TXN-10380,CUST-1677,2024-02-25 11:47:10.886177236,47.47,Home & Kitchen
TXN-10381,CUST-1386,2024-02-25 15:17:27.809561912,81.92,Electronics
TXN-10382,CUST-1911,2024-02-25 18:47:44.732946589,157.89,Books
TXN-10383,CUST-1349,2024-02-25 22:18:01.656331266,41.87,Electronics
TXN-10384,CUST-1295,2024-02-26 01:48:18.579715943,89.55,Home & Kitchen
TXN-10385,CUST-1257,2024-02-26 05:18:35.503100620,42.33,Apparel
TXN-10386,CUST-1080,2024-02-26 08:48:52.426485297,82.02,Books
TXN-10387,CUST-1936,2024-02-26 12:19:09.349869974,172.09,Electronics
TXN-10388,CUST-1267,2024-02-26 15:49:26.273254651,29.73,Apparel
TXN-10389,CUST-1418,2024-02-26 19:19:43.196639328,48.84,Beauty
TXN-10390,CUST-1234,2024-02-26 22:50:00.120024005,385.03,Home & Kitchen
TXN-10391,CUST-1832,2024-02-27 02:20:17.043408682,162.19,Home & Kitchen
TXN-10392,CUST-1310,2024-02-27 05:50:33.966793359,72.37,Books
TXN-10393,CUST-1812,2024-02-27 09:20:50.890178036,64.52,Electronics
TXN-10394,CUST-1974,2024-02-27 12:51:07.813562713,35.12,Beauty
TXN-10395,CUST-1985,2024-02-27 16:21:24.736947390,64.61,Books
TXN-10396,CUST-1356,2024-02-27 19:51:41.660332066,151.38,Books
TXN-10397,CUST-1212,2024-02-27 23:21:58.583716743,96.68,Electronics
TXN-10398,CUST-1573,2024-02-28 02:52:15.507101420,35.69,Beauty
TXN-10399,CUST-1048,2024-02-28 06:22:32.430486097,26.87,Electronics
TXN-10400,CUST-1126,2024-02-28 09:52:49.353870774,33.11,Home & Kitchen
TXN-10401,CUST-1222,2024-02-28 13:23:06.277255451,23.95,Apparel
TXN-10402,CUST-1920,2024-02-28 16:53:23.200640128,17.54,Home & Kitchen
TXN-10403,CUST-1278,2024-02-28 20:23:40.124024805,50.74,Home & Kitchen
TXN-10404,CUST-1407,2024-02-28 23:53:57.047409482,19.02,Books
TXN-10405,CUST-1504,2024-02-29 03:24:13.970794159,24.15,Home & Kitchen
TXN-10406,CUST-1293,2024-02-29 06:54:30.894178836,69.44,Beauty
TXN-10407,CUST-1795,2024-02-29 10:24:47.817563513,23.49,Home & Kitchen
TXN-10408,CUST-1276,2024-02-29 13:55:04.740948190,14.95,Beauty
TXN-10409,CUST-1437,2024-02-29 17:25:21.664332867,38.64,Electronics
TXN-10410,CUST-1106,2024-02-29 20:55:38.587717544,28.67,Books
TXN-10411,CUST-1657,2024-03-01 00:25:55.511102221,64.32,Beauty
TXN-10412,CUST-1419,2024-03-01 03:56:12.434486897,18.1,Home & Kitchen
TXN-10413,CUST-1610,2024-03-01 07:26:29.357871574,114.51,Books
TXN-10414,CUST-1428,2024-03-01 10:56:46.281256251,187.52,Books
TXN-10415,CUST-1374,2024-03-01 14:27:03.204640928,112.03,Beauty
TXN-10416,CUST-1072,2024-03-01 17:57:20.128025605,67.08,Beauty
TXN-10417,CUST-1948,2024-03-01 21:27:37.051410282,157.82,Apparel
TXN-10418,CUST-1997,2024-03-02 00:57:53.974794959,99.04,Apparel
TXN-10419,CUST-1633,2024-03-02 04:28:10.898179636,10.8,Books
TXN-10420,CUST-1029,2024-03-02 07:58:27.821564313,47.58,Apparel
TXN-10421,CUST-1187,2024-03-02 11:28:44.744948990,152.76,Home & Kitchen
TXN-10422,CUST-1363,2024-03-02 14:59:01.668333667,41.83,Electronics
TXN-10423,CUST-1865,2024-03-02 18:29:18.591718344,12.69,Books
TXN-10424,CUST-1799,2024-03-02 21:59:35.515103021,112.83,Electronics
TXN-10425,CUST-1450,2024-03-03 01:29:52.438487698,131.48,Apparel
TXN-10426,CUST-1194,2024-03-03 05:00:09.361872375,23.13,Beauty
TXN-10427,CUST-1155,2024-03-03 08:30:26.285257051,67.81,Books
TXN-10428,CUST-1171,2024-03-03 12:00:43.208641728,25.99,Apparel
TXN-10429,CUST-1846,2024-03-03 15:31:00.132026405,105.27,Home & Kitchen
TXN-10430,CUST-1040,2024-03-03 19:01:17.055411082,33.76,Books
TXN-10431,CUST-1062,2024-03-03 22:31:33.978795759,38.51,Books
TXN-10432,CUST-1022,2024-03-04 02:01:50.902180436,149.81,Beauty
TXN-10433,CUST-1359,2024-03-04 05:32:07.825565113,58.52,Books
TXN-10434,CUST-1074,2024-03-04 09:02:24.748949790,93.09,Beauty
TXN-10435,CUST-1559,2024-03-04 12:32:41.672334467,48.61,Apparel
TXN-10436,CUST-1671,2024-03-04 16:02:58.595719144,36.54,Home & Kitchen
TXN-10437,CUST-1824,2024-03-04 19:33:15.519103821,83.66,Home & Kitchen
TXN-10438,CUST-1117,2024-03-04 23:03:32.442488498,22.62,Books
TXN-10439,CUST-1611,2024-03-05 02:33:49.365873175,45.01,Books
TXN-10440,CUST-1379,2024-03-05 06:04:06.289257852,27.59,Apparel
TXN-10441,CUST-1928,2024-03-05 09:34:23.212642529,99.25,Beauty
TXN-10442,CUST-1919,2024-03-05 13:04:40.136027206,226.46,Home & Kitchen
TXN-10443,CUST-1678,2024-03-05 16:34:57.059411882,415.46,Beauty
TXN-10444,CUST-1289,2024-03-05 20:05:13.982796559,54.88,Apparel
TXN-10445,CUST-1439,2024-03-05 23:35:30.906181236,31.83,Home & Kitchen
TXN-10446,CUST-1667,2024-03-06 03:05:47.829565913,53.87,Home & Kitchen
TXN-10447,CUST-1932,2024-03-06 06:36:04.752950590,150.93,Electronics
TXN-10448,CUST-1006,2024-03-06 10:06:21.676335267,27.3,Apparel
TXN-10449,CUST-1195,2024-03-06 13:36:38.599719944,237.89,Apparel
TXN-10450,CUST-1420,2024-03-06 17:06:55.523104621,41.38,Electronics
TXN-10451,CUST-1567,2024-03-06 20:37:12.446489298,329.11,Beauty
TXN-10452,CUST-1832,2024-03-07 00:07:29.369873975,146.79,Electronics
TXN-10453,CUST-1192,2024-03-07 03:37:46.293258652,133.99,Apparel
TXN-10454,CUST-1558,2024-03-07 07:08:03.216643329,38.69,Beauty
TXN-10455,CUST-1147,2024-03-07 10:38:20.140028006,10.66,Home & Kitchen
TXN-10456,CUST-1786,2024-03-07 14:08:37.063412683,46.11,Electronics
TXN-10457,CUST-1668,2024-03-07 17:38:53.986797360,36.94,Beauty
TXN-10458,CUST-1201,2024-03-07 21:09:10.910182036,12.86,Beauty
TXN-10459,CUST-1443,2024-03-08 00:39:27.833566713,62.8,Beauty
TXN-10460,CUST-1913,2024-03-08 04:09:44.756951390,48.69,Electronics
TXN-10461,CUST-1987,2024-03-08 07:40:01.680336067,85.5,Home & Kitchen
TXN-10462,CUST-1418,2024-03-08 11:10:18.603720744,82.8,Beauty
TXN-10463,CUST-1426,2024-03-08 14:40:35.527105421,19.65,Electronics
TXN-10464,CUST-1478,2024-03-08 18:10:52.450490098,292.81,Apparel
TXN-10465,CUST-1474,2024-03-08 21:41:09.373874775,25.52,Electronics
TXN-10466,CUST-1125,2024-03-09 01:11:26.297259452,54.2,Electronics
TXN-10467,CUST-1394,2024-03-09 04:41:43.220644129,60.22,Electronics
TXN-10468,CUST-1816,2024-03-09 08:12:00.144028806,135.77,Beauty
TXN-10469,CUST-1880,2024-03-09 11:42:17.067413483,17.84,Electronics
TXN-10470,CUST-1805,2024-03-09 15:12:33.990798160,51.98,Apparel
TXN-10471,CUST-1575,2024-03-09 18:42:50.914182837,84.27,Beauty
TXN-10472,CUST-1324,2024-03-09 22:13:07.837567514,28.17,Apparel
TXN-10473,CUST-1391,2024-03-10 01:43:24.760952191,84.06,Books
TXN-10474,CUST-1929,2024-03-10 05:13:41.684336867,202.95,Electronics
TXN-10475,CUST-1687,2024-03-10 08:43:58.607721544,459.91,Beauty
TXN-10476,CUST-1627,2024-03-10 12:14:15.531106221,12.47,Beauty
TXN-10477,CUST-1439,2024-03-10 15:44:32.454490898,30.15,Electronics
TXN-10478,CUST-1203,2024-03-10 19:14:49.377875575,37.86,Home & Kitchen
TXN-10479,CUST-1485,2024-03-10 22:45:06.301260252,48.2,Home & Kitchen
TXN-10480,CUST-1832,2024-03-11 02:15:23.224644929,30.81,Apparel
TXN-10481,CUST-1030,2024-03-11 05:45:40.148029606,27.06,Electronics
TXN-10482,CUST-1387,2024-03-11 09:15:57.071414283,241.84,Electronics
TXN-10483,CUST-1624,2024-03-11 12:46:13.994798960,198.06,Books
TXN-10484,CUST-1876,2024-03-11 16:16:30.918183637,13.61,Home & Kitchen
TXN-10485,CUST-1433,2024-03-11 19:46:47.841568314,41.03,Home & Kitchen
TXN-10486,CUST-1836,2024-03-11 23:17:04.764952991,48.96,Electronics
TXN-10487,CUST-1925,2024-03-12 02:47:21.688337668,30.49,Apparel
TXN-10488,CUST-1375,2024-03-12 06:17:38.611722345,84.34,Electronics
TXN-10489,CUST-1343,2024-03-12 09:47:55.535107021,86.7,Apparel
TXN-10490,CUST-1442,2024-03-12 13:18:12.458491698,152.54,Home & Kitchen
TXN-10491,CUST-1578,2024-03-12 16:48:29.381876375,111.28,Books
TXN-10492,CUST-1074,2024-03-12 20:18:46.305261052,68.66,Beauty
TXN-10493,CUST-1556,2024-03-12 23:49:03.228645729,89.51,Home & Kitchen
TXN-10494,CUST-1771,2024-03-13 03:19:20.152030406,34.01,Apparel
TXN-10495,CUST-1665,2024-03-13 06:49:37.075415083,77.43,Electronics
TXN-10496,CUST-1154,2024-03-13 10:19:53.998799760,60.39,Home & Kitchen
TXN-10497,CUST-1429,2024-03-13 13:50:10.922184437,20.73,Books
TXN-10498,CUST-1362,2024-03-13 17:20:27.845569114,30.83,Apparel
TXN-10499,CUST-1447,2024-03-13 20:50:44.768953791,35.87,Electronics
TXN-10500,CUST-1986,2024-03-14 00:21:01.692338468,203.58,Beauty
TXN-10501,CUST-1233,2024-03-14 03:51:18.615723145,29.64,Apparel
TXN-10502,CUST-1562,2024-03-14 07:21:35.539107822,35.61,Electronics
TXN-10503,CUST-1817,2024-03-14 10:51:52.462492499,44.58,Beauty
TXN-10504,CUST-1261,2024-03-14 14:22:09.385877176,91.74,Electronics
TXN-10505,CUST-1826,2024-03-14 17:52:26.309261852,19.44,Beauty
TXN-10506,CUST-1124,2024-03-14 21:22:43.232646529,240.84,Beauty
TXN-10507,CUST-1910,2024-03-15 00:53:00.156031206,160.5,Beauty
TXN-10508,CUST-1244,2024-03-15 04:23:17.079415883,74.57,Electronics
TXN-10509,CUST-1541,2024-03-15 07:53:34.002800560,94.07,Beauty
TXN-10510,CUST-1937,2024-03-15 11:23:50.926185237,11.26,Apparel
TXN-10511,CUST-1484,2024-03-15 14:54:07.849569914,41.04,Books
TXN-10512,CUST-1121,2024-03-15 18:24:24.772954591,129.1,Books
TXN-10513,CUST-1124,2024-03-15 21:54:41.696339268,16.05,Beauty
TXN-10514,CUST-1548,2024-03-16 01:24:58.619723945,34.88,Books
TXN-10515,CUST-1169,2024-03-16 04:55:15.543108622,76.01,Books
TXN-10516,CUST-1123,2024-03-16 08:25:32.466493299,32.22,Beauty
TXN-10517,CUST-1868,2024-03-16 11:55:49.389877976,213.83,Beauty
TXN-10518,CUST-1034,2024-03-16 15:26:06.313262653,20.54,Apparel
TXN-10519,CUST-1086,2024-03-16 18:56:23.236647330,129.74,Home & Kitchen
TXN-10520,CUST-1645,2024-03-16 22:26:40.160032006,63.19,Electronics
TXN-10521,CUST-1707,2024-03-17 01:56:57.083416683,114.07,Beauty
TXN-10522,CUST-1785,2024-03-17 05:27:14.006801360,37.91,Beauty
TXN-10523,CUST-1200,2024-03-17 08:57:30.930186037,64.19,Books
TXN-10524,CUST-1368,2024-03-17 12:27:47.853570714,155.78,Apparel
TXN-10525,CUST-1796,2024-03-17 15:58:04.776955391,57.18,Books
TXN-10526,CUST-1076,2024-03-17 19:28:21.700340068,43.44,Beauty
TXN-10527,CUST-1058,2024-03-17 22:58:38.623724745,67.62,Beauty
TXN-10528,CUST-1430,2024-03-18 02:28:55.547109422,104.77,Books
TXN-10529,CUST-1637,2024-03-18 05:59:12.470494099,53.97,Beauty
TXN-10530,CUST-1499,2024-03-18 09:29:29.393878776,219.61,Home & Kitchen
TXN-10531,CUST-1912,2024-03-18 12:59:46.317263453,36.21,Electronics
TXN-10532,CUST-1108,2024-03-18 16:30:03.240648130,58.39,Electronics
TXN-10533,CUST-1735,2024-03-18 20:00:20.164032807,116.08,Electronics
TXN-10534,CUST-1277,2024-03-18 23:30:37.087417484,97.63,Home & Kitchen
TXN-10535,CUST-1067,2024-03-19 03:00:54.010802161,159.43,Beauty
TXN-10536,CUST-1068,2024-03-19 06:31:10.934186837,441.06,Books
TXN-10537,CUST-1164,2024-03-19 10:01:27.857571514,51.75,Apparel
TXN-10538,CUST-1488,2024-03-19 13:31:44.780956191,18.84,Beauty
TXN-10539,CUST-1304,2024-03-19 17:02:01.704340868,12.32,Home & Kitchen
TXN-10540,CUST-1908,2024-03-19 20:32:18.627725545,107.34,Home & Kitchen
TXN-10541,CUST-1673,2024-03-20 00:02:35.551110222,165.37,Electronics
TXN-10542,CUST-1364,2024-03-20 03:32:52.474494899,28.7,Beauty
TXN-10543,CUST-1853,2024-03-20 07:03:09.397879576,22.94,Electronics
TXN-10544,CUST-1820,2024-03-20 10:33:26.321264253,14.82,Apparel
TXN-10545,CUST-1378,2024-03-20 14:03:43.244648930,139.74,Electronics
TXN-10546,CUST-1342,2024-03-20 17:34:00.168033607,37.98,Apparel
TXN-10547,CUST-1946,2024-03-20 21:04:17.091418284,48.52,Home & Kitchen
TXN-10548,CUST-1898,2024-03-21 00:34:34.014802961,62.4,Electronics
TXN-10549,CUST-1553,2024-03-21 04:04:50.938187638,147.19,Electronics
TXN-10550,CUST-1353,2024-03-21 07:35:07.861572315,88.92,Books
TXN-10551,CUST-1415,2024-03-21 11:05:24.784956991,81.6,Home & Kitchen
TXN-10552,CUST-1108,2024-03-21 14:35:41.708341668,24.49,Books
TXN-10553,CUST-1562,2024-03-21 18:05:58.631726345,63.99,Apparel
TXN-10554,CUST-1761,2024-03-21 21:36:15.555111022,104.25,Apparel
TXN-10555,CUST-1496,2024-03-22 01:06:32.478495699,281.62,Home & Kitchen
TXN-10556,CUST-1340,2024-03-22 04:36:49.401880376,26.87,Apparel
TXN-10557,CUST-1941,2024-03-22 08:07:06.325265053,10.72,Home & Kitchen
TXN-10558,CUST-1382,2024-03-22 11:37:23.248649730,15.87,Apparel
TXN-10559,CUST-1532,2024-03-22 15:07:40.172034407,45.35,Beauty
TXN-10560,CUST-1299,2024-03-22 18:37:57.095419084,138.84,Electronics
TXN-10561,CUST-1138,2024-03-22 22:08:14.018803761,10.54,Beauty
TXN-10562,CUST-1358,2024-03-23 01:38:30.942188438,55.76,Home & Kitchen
TXN-10563,CUST-1835,2024-03-23 05:08:47.865573115,39.95,Home & Kitchen
TXN-10564,CUST-1498,2024-03-23 08:39:04.788957792,14.04,Beauty
TXN-10565,CUST-1384,2024-03-23 12:09:21.712342469,54.87,Electronics
TXN-10566,CUST-1603,2024-03-23 15:39:38.635727146,32.05,Electronics
TXN-10567,CUST-1958,2024-03-23 19:09:55.559111822,42.53,Books
TXN-10568,CUST-1279,2024-03-23 22:40:12.482496499,101.72,Apparel
TXN-10569,CUST-1636,2024-03-24 02:10:29.405881176,65.29,Books
TXN-10570,CUST-1482,2024-03-24 05:40:46.329265853,19.98,Electronics
TXN-10571,CUST-1908,2024-03-24 09:11:03.252650530,254.12,Beauty
TXN-10572,CUST-1110,2024-03-24 12:41:20.176035207,85.78,Apparel
TXN-10573,CUST-1865,2024-03-24 16:11:37.099419884,118.89,Beauty
TXN-10574,CUST-1138,2024-03-24 19:41:54.022804561,16.19,Books
TXN-10575,CUST-1995,2024-03-24 23:12:10.946189238,13.62,Home & Kitchen
TXN-10576,CUST-1434,2024-03-25 02:42:27.869573915,11.47,Beauty
TXN-10577,CUST-1508,2024-03-25 06:12:44.792958592,25.69,Books
TXN-10578,CUST-1272,2024-03-25 09:43:01.716343269,50.13,Books
TXN-10579,CUST-1098,2024-03-25 13:13:18.639727946,215.96,Books
TXN-10580,CUST-1763,2024-03-25 16:43:35.563112623,55.81,Home & Kitchen
TXN-10581,CUST-1849,2024-03-25 20:13:52.486497300,35.71,Home & Kitchen
TXN-10582,CUST-1103,2024-03-25 23:44:09.409881976,71.9,Home & Kitchen
TXN-10583,CUST-1213,2024-03-26 03:14:26.333266653,18.9,Apparel
TXN-10584,CUST-1760,2024-03-26 06:44:43.256651330,80.53,Home & Kitchen
TXN-10585,CUST-1663,2024-03-26 10:15:00.180036007,73.02,Home & Kitchen
TXN-10586,CUST-1761,2024-03-26 13:45:17.103420684,127.76,Home & Kitchen
TXN-10587,CUST-1786,2024-03-26 17:15:34.026805361,333.93,Beauty
TXN-10588,CUST-1164,2024-03-26 20:45:50.950190038,31.66,Home & Kitchen
TXN-10589,CUST-1998,2024-03-27 00:16:07.873574715,63.45,Apparel
TXN-10590,CUST-1852,2024-03-27 03:46:24.796959392,189.66,Books
TXN-10591,CUST-1519,2024-03-27 07:16:41.720344069,125.35,Beauty
TXN-10592,CUST-1283,2024-03-27 10:46:58.643728746,60.12,Electronics
TXN-10593,CUST-1516,2024-03-27 14:17:15.567113423,228.04,Home & Kitchen
TXN-10594,CUST-1656,2024-03-27 17:47:32.490498100,14.42,Books
TXN-10595,CUST-1612,2024-03-27 21:17:49.413882777,210.52,Books
TXN-10596,CUST-1163,2024-03-28 00:48:06.337267454,13.89,Beauty
TXN-10597,CUST-1885,2024-03-28 04:18:23.260652131,69.44,Electronics
TXN-10598,CUST-1658,2024-03-28 07:48:40.184036807,175.85,Apparel
TXN-10599,CUST-1063,2024-03-28 11:18:57.107421484,32.86,Books
TXN-10600,CUST-1090,2024-03-28 14:49:14.030806161,57.93,Books
TXN-10601,CUST-1116,2024-03-28 18:19:30.954190838,39.4,Books
TXN-10602,CUST-1865,2024-03-28 21:49:47.877575515,237.97,Books
TXN-10603,CUST-1266,2024-03-29 01:20:04.800960192,140.14,Beauty
TXN-10604,CUST-1821,2024-03-29 04:50:21.724344869,102.58,Electronics
TXN-10605,CUST-1684,2024-03-29 08:20:38.647729546,76.44,Books
TXN-10606,CUST-1558,2024-03-29 11:50:55.571114223,138.86,Apparel
TXN-10607,CUST-1139,2024-03-29 15:21:12.494498900,47.35,Apparel
TXN-10608,CUST-1245,2024-03-29 18:51:29.417883577,54.5,Home & Kitchen
TXN-10609,CUST-1660,2024-03-29 22:21:46.341268254,108.2,Books
TXN-10610,CUST-1757,2024-03-30 01:52:03.264652931,43.21,Books
TXN-10611,CUST-1394,2024-03-30 05:22:20.188037608,14.95,Books
TXN-10612,CUST-1486,2024-03-30 08:52:37.111422285,15.79,Books
TXN-10613,CUST-1475,2024-03-30 12:22:54.034806961,19.19,Books
TXN-10614,CUST-1516,2024-03-30 15:53:10.958191638,162.83,Apparel
TXN-10615,CUST-1976,2024-03-30 19:23:27.881576315,57.93,Electronics
TXN-10616,CUST-1183,2024-03-30 22:53:44.804960992,103.59,Electronics
TXN-10617,CUST-1019,2024-03-31 02:24:01.728345669,47.43,Home & Kitchen
TXN-10618,CUST-1936,2024-03-31 05:54:18.651730346,32.45,Apparel
TXN-10619,CUST-1557,2024-03-31 09:24:35.575115023,41.99,Books
TXN-10620,CUST-1523,2024-03-31 12:54:52.498499700,128.56,Electronics
TXN-10621,CUST-1581,2024-03-31 16:25:09.421884377,83.61,Beauty
TXN-10622,CUST-1528,2024-03-31 19:55:26.345269054,218.11,Beauty
TXN-10623,CUST-1882,2024-03-31 23:25:43.268653731,95.39,Beauty
TXN-10624,CUST-1146,2024-04-01 02:56:00.192038408,73.33,Books
TXN-10625,CUST-1665,2024-04-01 06:26:17.115423085,80.66,Books
TXN-10626,CUST-1303,2024-04-01 09:56:34.038807762,224.03,Home & Kitchen
TXN-10627,CUST-1619,2024-04-01 13:26:50.962192439,126.41,Home & Kitchen
TXN-10628,CUST-1747,2024-04-01 16:57:07.885577116,11.83,Home & Kitchen
TXN-10629,CUST-1819,2024-04-01 20:27:24.808961792,67.29,Beauty
TXN-10630,CUST-1863,2024-04-01 23:57:41.732346469,97.44,Books
TXN-10631,CUST-1581,2024-04-02 03:27:58.655731146,113.58,Beauty
TXN-10632,CUST-1694,2024-04-02 06:58:15.579115823,27.98,Home & Kitchen
TXN-10633,CUST-1761,2024-04-02 10:28:32.502500500,161.41,Books
TXN-10634,CUST-1227,2024-04-02 13:58:49.425885177,244.0,Apparel
TXN-10635,CUST-1101,2024-04-02 17:29:06.349269854,30.26,Electronics
TXN-10636,CUST-1586,2024-04-02 20:59:23.272654531,170.67,Electronics
TXN-10637,CUST-1416,2024-04-03 00:29:40.196039208,17.65,Home & Kitchen
TXN-10638,CUST-1957,2024-04-03 03:59:57.119423885,14.3,Beauty
TXN-10639,CUST-1215,2024-04-03 07:30:14.042808562,20.38,Apparel
TXN-10640,CUST-1406,2024-04-03 11:00:30.966193239,14.46,Books
TXN-10641,CUST-1398,2024-04-03 14:30:47.889577916,149.83,Beauty
TXN-10642,CUST-1922,2024-04-03 18:01:04.812962593,14.56,Home & Kitchen
TXN-10643,CUST-1714,2024-04-03 21:31:21.736347270,33.77,Beauty
TXN-10644,CUST-1703,2024-04-04 01:01:38.659731946,18.22,Home & Kitchen
TXN-10645,CUST-1760,2024-04-04 04:31:55.583116623,36.26,Electronics
TXN-10646,CUST-1498,2024-04-04 08:02:12.506501300,17.12,Electronics
TXN-10647,CUST-1753,2024-04-04 11:32:29.429885977,92.7,Beauty
TXN-10648,CUST-1464,2024-04-04 15:02:46.353270654,20.73,Apparel
TXN-10649,CUST-1690,2024-04-04 18:33:03.276655331,153.21,Books
TXN-10650,CUST-1948,2024-04-04 22:03:20.200040008,137.45,Home & Kitchen
TXN-10651,CUST-1973,2024-04-05 01:33:37.123424685,11.03,Books
TXN-10652,CUST-1730,2024-04-05 05:03:54.046809362,179.56,Electronics
TXN-10653,CUST-1081,2024-04-05 08:34:10.970194039,12.2,Apparel
TXN-10654,CUST-1603,2024-04-05 12:04:27.893578716,30.55,Apparel
TXN-10655,CUST-1946,2024-04-05 15:34:44.816963393,12.47,Books
TXN-10656,CUST-1686,2024-04-05 19:05:01.740348070,40.69,Electronics
TXN-10657,CUST-1750,2024-04-05 22:35:18.663732747,64.1,Books
TXN-10658,CUST-1771,2024-04-06 02:05:35.587117424,129.46,Beauty
TXN-10659,CUST-1902,2024-04-06 05:35:52.510502101,40.93,Apparel
TXN-10660,CUST-1364,2024-04-06 09:06:09.433886777,101.68,Apparel
TXN-10661,CUST-1162,2024-04-06 12:36:26.357271454,25.57,Beauty
TXN-10662,CUST-1047,2024-04-06 16:06:43.280656131,114.15,Electronics
TXN-10663,CUST-1510,2024-04-06 19:37:00.204040808,30.19,Apparel
TXN-10664,CUST-1328,2024-04-06 23:07:17.127425485,21.62,Home & Kitchen
TXN-10665,CUST-1839,2024-04-07 02:37:34.050810162,25.38,Home & Kitchen
TXN-10666,CUST-1115,2024-04-07 06:07:50.974194839,25.07,Electronics
TXN-10667,CUST-1940,2024-04-07 09:38:07.897579516,63.94,Beauty
TXN-10668,CUST-1848,2024-04-07 13:08:24.820964193,149.73,Books
TXN-10669,CUST-1336,2024-04-07 16:38:41.744348870,16.22,Electronics
TXN-10670,CUST-1880,2024-04-07 20:08:58.667733547,102.06,Books
TXN-10671,CUST-1736,2024-04-07 23:39:15.591118224,89.67,Electronics
TXN-10672,CUST-1863,2024-04-08 03:09:32.514502901,164.48,Home & Kitchen
TXN-10673,CUST-1839,2024-04-08 06:39:49.437887578,30.99,Beauty
TXN-10674,CUST-1146,2024-04-08 10:10:06.361272255,54.85,Home & Kitchen
TXN-10675,CUST-1574,2024-04-08 13:40:23.284656931,205.1,Beauty
TXN-10676,CUST-1805,2024-04-08 17:10:40.208041608,90.91,Books
TXN-10677,CUST-1322,2024-04-08 20:40:57.131426285,46.92,Electronics
TXN-10678,CUST-1442,2024-04-09 00:11:14.054810962,20.57,Apparel
TXN-10679,CUST-1836,2024-04-09 03:41:30.978195639,32.84,Apparel
TXN-10680,CUST-1012,2024-04-09 07:11:47.901580316,75.28,Beauty
TXN-10681,CUST-1942,2024-04-09 10:42:04.824964993,104.98,Beauty
TXN-10682,CUST-1493,2024-04-09 14:12:21.748349670,19.97,Home & Kitchen
TXN-10683,CUST-1700,2024-04-09 17:42:38.671734347,78.65,Apparel
TXN-10684,CUST-1286,2024-04-09 21:12:55.595119024,69.95,Home & Kitchen
TXN-10685,CUST-1719,2024-04-10 00:43:12.518503701,64.11,Books
TXN-10686,CUST-1113,2024-04-10 04:13:29.441888378,97.87,Apparel
TXN-10687,CUST-1479,2024-04-10 07:43:46.365273055,146.26,Books
TXN-10688,CUST-1021,2024-04-10 11:14:03.288657732,39.26,Electronics
TXN-10689,CUST-1348,2024-04-10 14:44:20.212042409,174.88,Home & Kitchen
TXN-10690,CUST-1725,2024-04-10 18:14:37.135427086,23.13,Beauty
TXN-10691,CUST-1682,2024-04-10 21:44:54.058811762,24.25,Apparel
TXN-10692,CUST-1834,2024-04-11 01:15:10.982196439,33.27,Home & Kitchen
TXN-10693,CUST-1565,2024-04-11 04:45:27.905581116,19.55,Beauty
TXN-10694,CUST-1905,2024-04-11 08:15:44.828965793,29.63,Electronics
TXN-10695,CUST-1809,2024-04-11 11:46:01.752350470,18.44,Apparel
TXN-10696,CUST-1319,2024-04-11 15:16:18.675735147,139.34,Books
TXN-10697,CUST-1125,2024-04-11 18:46:35.599119824,21.22,Electronics
TXN-10698,CUST-1276,2024-04-11 22:16:52.522504501,113.17,Beauty
TXN-10699,CUST-1975,2024-04-12 01:47:09.445889178,13.68,Apparel
TXN-10700,CUST-1203,2024-04-12 05:17:26.369273855,232.49,Apparel
TXN-10701,CUST-1193,2024-04-12 08:47:43.292658532,103.14,Electronics
TXN-10702,CUST-1680,2024-04-12 12:18:00.216043209,10.51,Apparel
TXN-10703,CUST-1663,2024-04-12 15:48:17.139427886,118.25,Beauty
TXN-10704,CUST-1546,2024-04-12 19:18:34.062812563,64.13,Electronics
TXN-10705,CUST-1695,2024-04-12 22:48:50.986197240,123.34,Books
TXN-10706,CUST-1285,2024-04-13 02:19:07.909581916,65.44,Electronics
TXN-10707,CUST-1056,2024-04-13 05:49:24.832966593,86.84,Electronics
TXN-10708,CUST-1733,2024-04-13 09:19:41.756351270,125.75,Books
TXN-10709,CUST-1302,2024-04-13 12:49:58.679735947,48.95,Beauty
TXN-10710,CUST-1162,2024-04-13 16:20:15.603120624,10.2,Home & Kitchen
TXN-10711,CUST-1018,2024-04-13 19:50:32.526505301,152.26,Home & Kitchen
TXN-10712,CUST-1369,2024-04-13 23:20:49.449889978,45.96,Books
TXN-10713,CUST-1263,2024-04-14 02:51:06.373274655,61.39,Beauty
TXN-10714,CUST-1793,2024-04-14 06:21:23.296659332,10.58,Apparel
TXN-10715,CUST-1112,2024-04-14 09:51:40.220044008,60.81,Books
TXN-10716,CUST-1487,2024-04-14 13:21:57.143428686,332.81,Home & Kitchen
TXN-10717,CUST-1326,2024-04-14 16:52:14.066813362,34.46,Beauty
TXN-10718,CUST-1541,2024-04-14 20:22:30.990198040,47.74,Electronics
TXN-10719,CUST-1646,2024-04-14 23:52:47.913582716,97.16,Beauty
TXN-10720,CUST-1578,2024-04-15 03:23:04.836967394,136.47,Beauty
TXN-10721,CUST-1064,2024-04-15 06:53:21.760352070,50.52,Home & Kitchen
TXN-10722,CUST-1291,2024-04-15 10:23:38.683736748,37.79,Home & Kitchen
TXN-10723,CUST-1024,2024-04-15 13:53:55.607121424,218.34,Apparel
TXN-10724,CUST-1548,2024-04-15 17:24:12.530506102,94.79,Apparel
TXN-10725,CUST-1000,2024-04-15 20:54:29.453890778,19.5,Books
TXN-10726,CUST-1910,2024-04-16 00:24:46.377275456,15.36,Electronics
TXN-10727,CUST-1548,2024-04-16 03:55:03.300660132,59.56,Apparel
TXN-10728,CUST-1140,2024-04-16 07:25:20.224044810,28.64,Home & Kitchen
TXN-10729,CUST-1743,2024-04-16 10:55:37.147429486,31.98,Beauty
TXN-10730,CUST-1647,2024-04-16 14:25:54.070814162,167.59,Books
TXN-10731,CUST-1900,2024-04-16 17:56:10.994198840,17.04,Apparel
TXN-10732,CUST-1187,2024-04-16 21:26:27.917583516,104.24,Beauty
TXN-10733,CUST-1127,2024-04-17 00:56:44.840968194,33.72,Beauty
TXN-10734,CUST-1200,2024-04-17 04:27:01.764352870,117.14,Apparel
TXN-10735,CUST-1126,2024-04-17 07:57:18.687737548,106.12,Electronics
TXN-10736,CUST-1256,2024-04-17 11:27:35.611122224,10.56,Electronics
TXN-10737,CUST-1675,2024-04-17 14:57:52.534506902,63.37,Books
TXN-10738,CUST-1546,2024-04-17 18:28:09.457891578,21.25,Electronics
TXN-10739,CUST-1193,2024-04-17 21:58:26.381276256,160.87,Books
TXN-10740,CUST-1702,2024-04-18 01:28:43.304660932,163.94,Home & Kitchen
TXN-10741,CUST-1103,2024-04-18 04:59:00.228045610,50.64,Apparel
TXN-10742,CUST-1534,2024-04-18 08:29:17.151430286,54.08,Beauty
TXN-10743,CUST-1264,2024-04-18 11:59:34.074814964,37.1,Books
TXN-10744,CUST-1801,2024-04-18 15:29:50.998199640,104.57,Electronics
TXN-10745,CUST-1941,2024-04-18 19:00:07.921584316,43.31,Books
TXN-10746,CUST-1973,2024-04-18 22:30:24.844968994,33.38,Books
TXN-10747,CUST-1383,2024-04-19 02:00:41.768353670,52.45,Electronics
TXN-10748,CUST-1259,2024-04-19 05:30:58.691738348,17.2,Electronics
TXN-10749,CUST-1413,2024-04-19 09:01:15.615123024,112.96,Apparel
TXN-10750,CUST-1990,2024-04-19 12:31:32.538507702,10.95,Beauty
TXN-10751,CUST-1357,2024-04-19 16:01:49.461892378,87.56,Apparel
TXN-10752,CUST-1074,2024-04-19 19:32:06.385277056,25.15,Apparel
TXN-10753,CUST-1354,2024-04-19 23:02:23.308661732,29.84,Electronics
TXN-10754,CUST-1583,2024-04-20 02:32:40.232046410,85.72,Electronics
TXN-10755,CUST-1770,2024-04-20 06:02:57.155431086,381.54,Beauty
TXN-10756,CUST-1909,2024-04-20 09:33:14.078815764,122.79,Books
TXN-10757,CUST-1187,2024-04-20 13:03:31.002200440,29.2,Apparel
TXN-10758,CUST-1972,2024-04-20 16:33:47.925585118,24.52,Beauty
TXN-10759,CUST-1684,2024-04-20 20:04:04.848969794,160.87,Apparel
TXN-10760,CUST-1991,2024-04-20 23:34:21.772354472,54.05,Books
TXN-10761,CUST-1289,2024-04-21 03:04:38.695739148,21.06,Apparel
TXN-10762,CUST-1044,2024-04-21 06:34:55.619123824,158.65,Home & Kitchen
TXN-10763,CUST-1572,2024-04-21 10:05:12.542508502,137.0,Beauty
TXN-10764,CUST-1082,2024-04-21 13:35:29.465893178,319.7,Electronics
TXN-10765,CUST-1122,2024-04-21 17:05:46.389277856,190.38,Apparel
TXN-10766,CUST-1357,2024-04-21 20:36:03.312662532,153.18,Beauty
TXN-10767,CUST-1527,2024-04-22 00:06:20.236047210,14.05,Beauty
TXN-10768,CUST-1065,2024-04-22 03:36:37.159431886,18.27,Apparel
TXN-10769,CUST-1935,2024-04-22 07:06:54.082816564,73.12,Electronics
TXN-10770,CUST-1656,2024-04-22 10:37:11.006201240,66.86,Electronics
TXN-10771,CUST-1374,2024-04-22 14:07:27.929585918,55.93,Apparel
TXN-10772,CUST-1161,2024-04-22 17:37:44.852970594,47.91,Beauty
TXN-10773,CUST-1745,2024-04-22 21:08:01.776355272,52.32,Electronics
TXN-10774,CUST-1379,2024-04-23 00:38:18.699739948,73.18,Apparel
TXN-10775,CUST-1655,2024-04-23 04:08:35.623124626,10.16,Apparel
TXN-10776,CUST-1357,2024-04-23 07:38:52.546509302,32.65,Apparel
TXN-10777,CUST-1187,2024-04-23 11:09:09.469893978,64.78,Beauty
TXN-10778,CUST-1321,2024-04-23 14:39:26.393278656,106.07,Electronics
TXN-10779,CUST-1449,2024-04-23 18:09:43.316663332,24.35,Beauty
TXN-10780,CUST-1473,2024-04-23 21:40:00.240048010,69.37,Home & Kitchen
TXN-10781,CUST-1012,2024-04-24 01:10:17.163432686,104.0,Electronics
TXN-10782,CUST-1183,2024-04-24 04:40:34.086817364,54.11,Beauty
TXN-10783,CUST-1110,2024-04-24 08:10:51.010202040,12.06,Electronics
TXN-10784,CUST-1926,2024-04-24 11:41:07.933586718,54.74,Home & Kitchen
TXN-10785,CUST-1507,2024-04-24 15:11:24.856971394,36.37,Books
TXN-10786,CUST-1289,2024-04-24 18:41:41.780356072,209.07,Apparel
TXN-10787,CUST-1294,2024-04-24 22:11:58.703740748,19.98,Beauty
TXN-10788,CUST-1450,2024-04-25 01:42:15.627125426,89.27,Home & Kitchen
TXN-10789,CUST-1903,2024-04-25 05:12:32.550510102,14.06,Home & Kitchen
TXN-10790,CUST-1214,2024-04-25 08:42:49.473894780,54.32,Electronics
TXN-10791,CUST-1973,2024-04-25 12:13:06.397279456,70.55,Electronics
TXN-10792,CUST-1631,2024-04-25 15:43:23.320664132,36.53,Apparel
TXN-10793,CUST-1893,2024-04-25 19:13:40.244048810,55.53,Electronics
TXN-10794,CUST-1566,2024-04-25 22:43:57.167433486,23.39,Beauty
TXN-10795,CUST-1026,2024-04-26 02:14:14.090818164,37.19,Beauty
TXN-10796,CUST-1629,2024-04-26 05:44:31.014202840,82.79,Beauty
TXN-10797,CUST-1732,2024-04-26 09:14:47.937587518,36.94,Books
TXN-10798,CUST-1230,2024-04-26 12:45:04.860972194,182.5,Beauty
TXN-10799,CUST-1564,2024-04-26 16:15:21.784356872,84.25,Electronics
TXN-10800,CUST-1806,2024-04-26 19:45:38.707741548,53.31,Electronics
TXN-10801,CUST-1320,2024-04-26 23:15:55.631126226,12.96,Beauty
TXN-10802,CUST-1912,2024-04-27 02:46:12.554510902,61.92,Home & Kitchen
TXN-10803,CUST-1232,2024-04-27 06:16:29.477895580,118.54,Home & Kitchen
TXN-10804,CUST-1669,2024-04-27 09:46:46.401280256,33.15,Home & Kitchen
TXN-10805,CUST-1436,2024-04-27 13:17:03.324664934,133.29,Apparel
TXN-10806,CUST-1780,2024-04-27 16:47:20.248049610,31.76,Books
TXN-10807,CUST-1532,2024-04-27 20:17:37.171434286,140.19,Beauty
TXN-10808,CUST-1402,2024-04-27 23:47:54.094818964,16.68,Apparel
TXN-10809,CUST-1052,2024-04-28 03:18:11.018203640,160.85,Home & Kitchen
TXN-10810,CUST-1786,2024-04-28 06:48:27.941588318,61.86,Beauty
TXN-10811,CUST-1312,2024-04-28 10:18:44.864972994,36.38,Apparel
TXN-10812,CUST-1280,2024-04-28 13:49:01.788357672,33.1,Electronics
TXN-10813,CUST-1725,2024-04-28 17:19:18.711742348,52.42,Home & Kitchen
TXN-10814,CUST-1030,2024-04-28 20:49:35.635127026,531.89,Apparel
TXN-10815,CUST-1336,2024-04-29 00:19:52.558511702,28.67,Electronics
TXN-10816,CUST-1182,2024-04-29 03:50:09.481896380,18.17,Home & Kitchen
TXN-10817,CUST-1022,2024-04-29 07:20:26.405281056,75.97,Books
TXN-10818,CUST-1543,2024-04-29 10:50:43.328665734,60.29,Home & Kitchen
TXN-10819,CUST-1445,2024-04-29 14:21:00.252050410,65.71,Books
TXN-10820,CUST-1073,2024-04-29 17:51:17.175435088,92.46,Books
TXN-10821,CUST-1009,2024-04-29 21:21:34.098819764,33.31,Books
TXN-10822,CUST-1483,2024-04-30 00:51:51.022204442,191.15,Beauty
TXN-10823,CUST-1455,2024-04-30 04:22:07.945589118,52.91,Beauty
TXN-10824,CUST-1565,2024-04-30 07:52:24.868973794,20.37,Books
TXN-10825,CUST-1563,2024-04-30 11:22:41.792358472,111.7,Electronics
TXN-10826,CUST-1659,2024-04-30 14:52:58.715743148,87.27,Books
TXN-10827,CUST-1159,2024-04-30 18:23:15.639127826,38.46,Apparel
TXN-10828,CUST-1881,2024-04-30 21:53:32.562512502,82.87,Books
TXN-10829,CUST-1013,2024-05-01 01:23:49.485897180,28.62,Beauty
TXN-10830,CUST-1177,2024-05-01 04:54:06.409281856,54.14,Beauty
TXN-10831,CUST-1411,2024-05-01 08:24:23.332666534,182.25,Apparel
TXN-10832,CUST-1877,2024-05-01 11:54:40.256051210,20.75,Apparel
TXN-10833,CUST-1052,2024-05-01 15:24:57.179435888,46.67,Home & Kitchen
TXN-10834,CUST-1407,2024-05-01 18:55:14.102820564,139.09,Electronics
TXN-10835,CUST-1846,2024-05-01 22:25:31.026205242,271.73,Electronics
TXN-10836,CUST-1021,2024-05-02 01:55:47.949589918,55.38,Electronics
TXN-10837,CUST-1029,2024-05-02 05:26:04.872974596,63.04,Beauty
TXN-10838,CUST-1702,2024-05-02 08:56:21.796359272,73.68,Electronics
TXN-10839,CUST-1259,2024-05-02 12:26:38.719743948,212.0,Home & Kitchen
TXN-10840,CUST-1204,2024-05-02 15:56:55.643128626,156.5,Home & Kitchen
TXN-10841,CUST-1058,2024-05-02 19:27:12.566513302,24.03,Electronics
TXN-10842,CUST-1470,2024-05-02 22:57:29.489897980,53.05,Apparel
TXN-10843,CUST-1775,2024-05-03 02:27:46.413282656,56.77,Home & Kitchen
TXN-10844,CUST-1465,2024-05-03 05:58:03.336667334,126.73,Apparel
TXN-10845,CUST-1011,2024-05-03 09:28:20.260052010,79.27,Beauty
TXN-10846,CUST-1630,2024-05-03 12:58:37.183436688,89.65,Home & Kitchen
TXN-10847,CUST-1926,2024-05-03 16:28:54.106821364,483.99,Apparel
TXN-10848,CUST-1973,2024-05-03 19:59:11.030206042,15.84,Electronics
TXN-10849,CUST-1289,2024-05-03 23:29:27.953590718,28.92,Beauty
TXN-10850,CUST-1849,2024-05-04 02:59:44.876975396,49.31,Books
TXN-10851,CUST-1759,2024-05-04 06:30:01.800360072,42.05,Books
TXN-10852,CUST-1353,2024-05-04 10:00:18.723744750,11.64,Electronics
TXN-10853,CUST-1638,2024-05-04 13:30:35.647129426,17.22,Beauty
TXN-10854,CUST-1074,2024-05-04 17:00:52.570514102,95.68,Beauty
TXN-10855,CUST-1872,2024-05-04 20:31:09.493898780,168.6,Beauty
TXN-10856,CUST-1715,2024-05-05 00:01:26.417283456,64.15,Beauty
TXN-10857,CUST-1560,2024-05-05 03:31:43.340668134,68.11,Books
TXN-10858,CUST-1590,2024-05-05 07:02:00.264052810,32.09,Apparel
TXN-10859,CUST-1440,2024-05-05 10:32:17.187437488,119.54,Beauty
TXN-10860,CUST-1990,2024-05-05 14:02:34.110822164,114.51,Apparel
TXN-10861,CUST-1240,2024-05-05 17:32:51.034206842,76.57,Beauty
TXN-10862,CUST-1860,2024-05-05 21:03:07.957591518,27.93,Home & Kitchen
TXN-10863,CUST-1153,2024-05-06 00:33:24.880976196,17.65,Home & Kitchen
TXN-10864,CUST-1785,2024-05-06 04:03:41.804360872,14.98,Home & Kitchen
TXN-10865,CUST-1095,2024-05-06 07:33:58.727745550,77.36,Beauty
TXN-10866,CUST-1725,2024-05-06 11:04:15.651130226,140.74,Apparel
TXN-10867,CUST-1293,2024-05-06 14:34:32.574514904,156.57,Books
TXN-10868,CUST-1208,2024-05-06 18:04:49.497899580,56.72,Electronics
TXN-10869,CUST-1342,2024-05-06 21:35:06.421284256,125.03,Books
TXN-10870,CUST-1087,2024-05-07 01:05:23.344668934,230.14,Beauty
TXN-10871,CUST-1817,2024-05-07 04:35:40.268053610,34.14,Home & Kitchen
TXN-10872,CUST-1775,2024-05-07 08:05:57.191438288,48.06,Home & Kitchen
TXN-10873,CUST-1936,2024-05-07 11:36:14.114822964,211.05,Apparel
TXN-10874,CUST-1389,2024-05-07 15:06:31.038207642,40.96,Beauty
TXN-10875,CUST-1324,2024-05-07 18:36:47.961592318,193.9,Books
TXN-10876,CUST-1939,2024-05-07 22:07:04.884976996,307.43,Beauty
TXN-10877,CUST-1888,2024-05-08 01:37:21.808361672,91.31,Beauty
TXN-10878,CUST-1831,2024-05-08 05:07:38.731746350,137.33,Home & Kitchen
TXN-10879,CUST-1156,2024-05-08 08:37:55.655131026,113.84,Books
TXN-10880,CUST-1667,2024-05-08 12:08:12.578515704,100.18,Electronics
TXN-10881,CUST-1650,2024-05-08 15:38:29.501900380,37.5,Home & Kitchen
TXN-10882,CUST-1632,2024-05-08 19:08:46.425285058,14.41,Books
TXN-10883,CUST-1576,2024-05-08 22:39:03.348669734,41.51,Apparel
TXN-10884,CUST-1618,2024-05-09 02:09:20.272054412,92.46,Home & Kitchen
TXN-10885,CUST-1658,2024-05-09 05:39:37.195439088,18.11,Apparel
TXN-10886,CUST-1136,2024-05-09 09:09:54.118823764,10.9,Home & Kitchen
TXN-10887,CUST-1922,2024-05-09 12:40:11.042208442,21.28,Beauty
TXN-10888,CUST-1673,2024-05-09 16:10:27.965593118,104.34,Books
TXN-10889,CUST-1427,2024-05-09 19:40:44.888977796,280.32,Apparel
TXN-10890,CUST-1451,2024-05-09 23:11:01.812362472,315.88,Home & Kitchen
TXN-10891,CUST-1611,2024-05-10 02:41:18.735747150,61.09,Apparel
TXN-10892,CUST-1849,2024-05-10 06:11:35.659131826,162.64,Home & Kitchen
TXN-10893,CUST-1910,2024-05-10 09:41:52.582516504,110.12,Home & Kitchen
TXN-10894,CUST-1818,2024-05-10 13:12:09.505901180,62.14,Electronics
TXN-10895,CUST-1140,2024-05-10 16:42:26.429285858,73.78,Electronics
TXN-10896,CUST-1082,2024-05-10 20:12:43.352670534,21.07,Electronics
TXN-10897,CUST-1176,2024-05-10 23:43:00.276055212,218.14,Apparel
TXN-10898,CUST-1197,2024-05-11 03:13:17.199439888,42.53,Beauty
TXN-10899,CUST-1623,2024-05-11 06:43:34.122824566,54.31,Home & Kitchen
TXN-10900,CUST-1567,2024-05-11 10:13:51.046209242,93.53,Books
TXN-10901,CUST-1971,2024-05-11 13:44:07.969593918,40.47,Electronics
TXN-10902,CUST-1690,2024-05-11 17:14:24.892978596,32.0,Apparel
TXN-10903,CUST-1420,2024-05-11 20:44:41.816363272,84.78,Apparel
TXN-10904,CUST-1400,2024-05-12 00:14:58.739747950,11.9,Apparel
TXN-10905,CUST-1697,2024-05-12 03:45:15.663132626,105.67,Books
TXN-10906,CUST-1470,2024-05-12 07:15:32.586517304,64.12,Books
TXN-10907,CUST-1217,2024-05-12 10:45:49.509901980,79.81,Electronics
TXN-10908,CUST-1924,2024-05-12 14:16:06.433286658,84.95,Books
TXN-10909,CUST-1928,2024-05-12 17:46:23.356671334,66.16,Electronics
TXN-10910,CUST-1827,2024-05-12 21:16:40.280056012,75.52,Books
TXN-10911,CUST-1986,2024-05-13 00:46:57.203440688,96.35,Books
TXN-10912,CUST-1728,2024-05-13 04:17:14.126825366,114.91,Books
TXN-10913,CUST-1631,2024-05-13 07:47:31.050210042,107.5,Electronics
TXN-10914,CUST-1950,2024-05-13 11:17:47.973594720,162.8,Home & Kitchen
TXN-10915,CUST-1905,2024-05-13 14:48:04.896979396,25.75,Electronics
TXN-10916,CUST-1174,2024-05-13 18:18:21.820364072,48.46,Home & Kitchen
TXN-10917,CUST-1022,2024-05-13 21:48:38.743748750,231.44,Apparel
TXN-10918,CUST-1724,2024-05-14 01:18:55.667133426,47.89,Apparel
TXN-10919,CUST-1916,2024-05-14 04:49:12.590518104,20.0,Electronics
TXN-10920,CUST-1234,2024-05-14 08:19:29.513902780,65.9,Home & Kitchen
TXN-10921,CUST-1012,2024-05-14 11:49:46.437287458,18.7,Home & Kitchen
TXN-10922,CUST-1100,2024-05-14 15:20:03.360672134,27.0,Home & Kitchen
TXN-10923,CUST-1928,2024-05-14 18:50:20.284056812,489.12,Apparel
TXN-10924,CUST-1535,2024-05-14 22:20:37.207441488,68.46,Electronics
TXN-10925,CUST-1875,2024-05-15 01:50:54.130826166,35.06,Beauty
TXN-10926,CUST-1522,2024-05-15 05:21:11.054210842,404.07,Home & Kitchen
TXN-10927,CUST-1784,2024-05-15 08:51:27.977595520,264.85,Home & Kitchen
TXN-10928,CUST-1451,2024-05-15 12:21:44.900980196,53.59,Beauty
TXN-10929,CUST-1430,2024-05-15 15:52:01.824364874,32.62,Electronics
TXN-10930,CUST-1792,2024-05-15 19:22:18.747749550,146.7,Home & Kitchen
TXN-10931,CUST-1605,2024-05-15 22:52:35.671134226,104.31,Electronics
TXN-10932,CUST-1712,2024-05-16 02:22:52.594518904,97.1,Home & Kitchen
TXN-10933,CUST-1532,2024-05-16 05:53:09.517903580,177.7,Books
TXN-10934,CUST-1851,2024-05-16 09:23:26.441288258,97.7,Home & Kitchen
TXN-10935,CUST-1978,2024-05-16 12:53:43.364672934,35.03,Books
TXN-10936,CUST-1722,2024-05-16 16:24:00.288057612,98.78,Electronics
TXN-10937,CUST-1651,2024-05-16 19:54:17.211442288,37.38,Home & Kitchen
TXN-10938,CUST-1292,2024-05-16 23:24:34.134826966,116.8,Apparel
TXN-10939,CUST-1809,2024-05-17 02:54:51.058211642,82.52,Apparel
TXN-10940,CUST-1912,2024-05-17 06:25:07.981596320,16.04,Beauty
TXN-10941,CUST-1100,2024-05-17 09:55:24.904980996,63.94,Apparel
TXN-10942,CUST-1501,2024-05-17 13:25:41.828365674,41.54,Books
TXN-10943,CUST-1303,2024-05-17 16:55:58.751750350,39.88,Apparel
TXN-10944,CUST-1870,2024-05-17 20:26:15.675135028,79.15,Apparel
TXN-10945,CUST-1539,2024-05-17 23:56:32.598519704,39.18,Apparel
TXN-10946,CUST-1552,2024-05-18 03:26:49.521904382,122.51,Home & Kitchen
TXN-10947,CUST-1354,2024-05-18 06:57:06.445289058,15.51,Beauty
TXN-10948,CUST-1302,2024-05-18 10:27:23.368673734,91.0,Electronics
TXN-10949,CUST-1495,2024-05-18 13:57:40.292058412,134.24,Beauty
TXN-10950,CUST-1657,2024-05-18 17:27:57.215443088,93.8,Books
TXN-10951,CUST-1767,2024-05-18 20:58:14.138827766,61.57,Home & Kitchen
TXN-10952,CUST-1973,2024-05-19 00:28:31.062212442,235.14,Home & Kitchen
TXN-10953,CUST-1226,2024-05-19 03:58:47.985597120,36.74,Apparel
TXN-10954,CUST-1235,2024-05-19 07:29:04.908981796,11.45,Apparel
TXN-10955,CUST-1872,2024-05-19 10:59:21.832366474,52.42,Books
TXN-10956,CUST-1891,2024-05-19 14:29:38.755751150,12.52,Home & Kitchen
TXN-10957,CUST-1454,2024-05-19 17:59:55.679135828,240.83,Electronics
TXN-10958,CUST-1012,2024-05-19 21:30:12.602520504,27.67,Beauty
TXN-10959,CUST-1209,2024-05-20 01:00:29.525905182,126.67,Home & Kitchen
TXN-10960,CUST-1740,2024-05-20 04:30:46.449289858,121.73,Electronics
TXN-10961,CUST-1396,2024-05-20 08:01:03.372674536,28.42,Electronics
TXN-10962,CUST-1099,2024-05-20 11:31:20.296059212,82.81,Beauty
TXN-10963,CUST-1030,2024-05-20 15:01:37.219443888,13.7,Electronics
TXN-10964,CUST-1897,2024-05-20 18:31:54.142828566,59.56,Books
TXN-10965,CUST-1527,2024-05-20 22:02:11.066213242,11.11,Electronics
TXN-10966,CUST-1648,2024-05-21 01:32:27.989597920,200.51,Books
TXN-10967,CUST-1328,2024-05-21 05:02:44.912982596,290.0,Electronics
TXN-10968,CUST-1165,2024-05-21 08:33:01.836367274,28.85,Apparel
TXN-10969,CUST-1458,2024-05-21 12:03:18.759751950,27.5,Electronics
TXN-10970,CUST-1821,2024-05-21 15:33:35.683136628,115.1,Books
TXN-10971,CUST-1951,2024-05-21 19:03:52.606521304,31.91,Electronics
TXN-10972,CUST-1981,2024-05-21 22:34:09.529905982,179.09,Electronics
TXN-10973,CUST-1992,2024-05-22 02:04:26.453290658,73.99,Electronics
TXN-10974,CUST-1099,2024-05-22 05:34:43.376675336,42.4,Books
TXN-10975,CUST-1620,2024-05-22 09:05:00.300060012,144.09,Electronics
TXN-10976,CUST-1854,2024-05-22 12:35:17.223444690,61.0,Beauty
TXN-10977,CUST-1172,2024-05-22 16:05:34.146829366,191.97,Beauty
TXN-10978,CUST-1748,2024-05-22 19:35:51.070214042,207.35,Books
TXN-10979,CUST-1161,2024-05-22 23:06:07.993598720,23.56,Apparel
TXN-10980,CUST-1904,2024-05-23 02:36:24.916983396,10.17,Beauty
TXN-10981,CUST-1727,2024-05-23 06:06:41.840368074,319.81,Home & Kitchen
TXN-10982,CUST-1775,2024-05-23 09:36:58.763752750,187.44,Beauty
TXN-10983,CUST-1262,2024-05-23 13:07:15.687137428,14.28,Home & Kitchen
TXN-10984,CUST-1803,2024-05-23 16:37:32.610522104,144.25,Books
TXN-10985,CUST-1273,2024-05-23 20:07:49.533906782,55.91,Apparel
TXN-10986,CUST-1002,2024-05-23 23:38:06.457291458,32.48,Home & Kitchen
TXN-10987,CUST-1027,2024-05-24 03:08:23.380676136,168.24,Home & Kitchen
TXN-10988,CUST-1325,2024-05-24 06:38:40.304060812,26.42,Beauty
TXN-10989,CUST-1939,2024-05-24 10:08:57.227445490,230.74,Home & Kitchen
TXN-10990,CUST-1148,2024-05-24 13:39:14.150830166,27.26,Books
TXN-10991,CUST-1539,2024-05-24 17:09:31.074214844,81.33,Books
TXN-10992,CUST-1487,2024-05-24 20:39:47.997599520,28.93,Books
TXN-10993,CUST-1821,2024-05-25 00:10:04.920984196,69.17,Beauty
TXN-10994,CUST-1437,2024-05-25 03:40:21.844368874,96.4,Apparel
TXN-10995,CUST-1064,2024-05-25 07:10:38.767753550,25.83,Beauty
TXN-10996,CUST-1355,2024-05-25 10:40:55.691138228,65.19,Books
TXN-10997,CUST-1532,2024-05-25 14:11:12.614522904,57.48,Beauty
TXN-10998,CUST-1251,2024-05-25 17:41:29.537907582,15.53,Books
TXN-10999,CUST-1234,2024-05-25 21:11:46.461292258,137.91,Electronics
TXN-11000,CUST-1226,2024-05-26 00:42:03.384676936,40.67,Electronics
TXN-11001,CUST-1524,2024-05-26 04:12:20.308061612,74.1,Home & Kitchen
TXN-11002,CUST-1312,2024-05-26 07:42:37.231446290,64.24,Apparel
TXN-11003,CUST-1048,2024-05-26 11:12:54.154830966,64.0,Electronics
TXN-11004,CUST-1117,2024-05-26 14:43:11.078215644,18.51,Books
TXN-11005,CUST-1053,2024-05-26 18:13:28.001600320,51.31,Beauty
TXN-11006,CUST-1649,2024-05-26 21:43:44.924984998,55.16,Beauty
TXN-11007,CUST-1564,2024-05-27 01:14:01.848369674,109.22,Home & Kitchen
TXN-11008,CUST-1043,2024-05-27 04:44:18.771754352,147.45,Beauty
TXN-11009,CUST-1814,2024-05-27 08:14:35.695139028,69.06,Electronics
TXN-11010,CUST-1052,2024-05-27 11:44:52.618523704,16.81,Beauty
TXN-11011,CUST-1585,2024-05-27 15:15:09.541908382,30.27,Electronics
TXN-11012,CUST-1557,2024-05-27 18:45:26.465293058,23.52,Electronics
TXN-11013,CUST-1524,2024-05-27 22:15:43.388677736,19.98,Apparel
TXN-11014,CUST-1676,2024-05-28 01:46:00.312062412,44.17,Home & Kitchen
TXN-11015,CUST-1101,2024-05-28 05:16:17.235447090,29.54,Books
TXN-11016,CUST-1791,2024-05-28 08:46:34.158831766,28.47,Electronics
TXN-11017,CUST-1769,2024-05-28 12:16:51.082216444,14.22,Home & Kitchen
TXN-11018,CUST-1981,2024-05-28 15:47:08.005601120,11.34,Books
TXN-11019,CUST-1848,2024-05-28 19:17:24.928985798,18.13,Beauty
TXN-11020,CUST-1867,2024-05-28 22:47:41.852370474,24.17,Home & Kitchen
TXN-11021,CUST-1397,2024-05-29 02:17:58.775755152,52.29,Home & Kitchen
TXN-11022,CUST-1137,2024-05-29 05:48:15.699139828,63.58,Home & Kitchen
TXN-11023,CUST-1674,2024-05-29 09:18:32.622524506,21.36,Beauty
TXN-11024,CUST-1920,2024-05-29 12:48:49.545909182,51.48,Beauty
TXN-11025,CUST-1386,2024-05-29 16:19:06.469293858,41.36,Home & Kitchen
TXN-11026,CUST-1110,2024-05-29 19:49:23.392678536,25.2,Apparel
TXN-11027,CUST-1613,2024-05-29 23:19:40.316063212,10.51,Electronics
TXN-11028,CUST-1016,2024-05-30 02:49:57.239447890,57.2,Beauty
TXN-11029,CUST-1779,2024-05-30 06:20:14.162832566,96.79,Apparel
TXN-11030,CUST-1181,2024-05-30 09:50:31.086217244,29.24,Beauty
TXN-11031,CUST-1883,2024-05-30 13:20:48.009601920,20.6,Home & Kitchen
TXN-11032,CUST-1535,2024-05-30 16:51:04.932986598,173.56,Apparel
TXN-11033,CUST-1540,2024-05-30 20:21:21.856371274,34.12,Books
TXN-11034,CUST-1170,2024-05-30 23:51:38.779755952,28.98,Electronics
TXN-11035,CUST-1408,2024-05-31 03:21:55.703140628,155.92,Electronics
TXN-11036,CUST-1739,2024-05-31 06:52:12.626525306,137.41,Beauty
TXN-11037,CUST-1377,2024-05-31 10:22:29.549909982,54.61,Electronics
TXN-11038,CUST-1187,2024-05-31 13:52:46.473294660,60.39,Books
TXN-11039,CUST-1857,2024-05-31 17:23:03.396679336,28.42,Apparel
TXN-11040,CUST-1229,2024-05-31 20:53:20.320064012,16.12,Apparel
TXN-11041,CUST-1832,2024-06-01 00:23:37.243448690,73.9,Home & Kitchen
TXN-11042,CUST-1851,2024-06-01 03:53:54.166833366,17.76,Apparel
TXN-11043,CUST-1118,2024-06-01 07:24:11.090218044,54.74,Beauty
TXN-11044,CUST-1155,2024-06-01 10:54:28.013602720,221.63,Books
TXN-11045,CUST-1783,2024-06-01 14:24:44.936987398,239.06,Home & Kitchen
TXN-11046,CUST-1686,2024-06-01 17:55:01.860372074,30.52,Beauty
TXN-11047,CUST-1464,2024-06-01 21:25:18.783756752,83.39,Beauty
TXN-11048,CUST-1103,2024-06-02 00:55:35.707141428,58.19,Beauty
TXN-11049,CUST-1603,2024-06-02 04:25:52.630526106,166.37,Electronics
TXN-11050,CUST-1697,2024-06-02 07:56:09.553910782,33.75,Beauty
TXN-11051,CUST-1971,2024-06-02 11:26:26.477295460,10.28,Electronics
TXN-11052,CUST-1794,2024-06-02 14:56:43.400680136,23.31,Apparel
TXN-11053,CUST-1501,2024-06-02 18:27:00.324064814,42.25,Electronics
TXN-11054,CUST-1692,2024-06-02 21:57:17.247449490,38.45,Beauty
TXN-11055,CUST-1681,2024-06-03 01:27:34.170834168,127.54,Books
TXN-11056,CUST-1698,2024-06-03 04:57:51.094218844,95.59,Books
TXN-11057,CUST-1174,2024-06-03 08:28:08.017603520,36.7,Apparel
TXN-11058,CUST-1733,2024-06-03 11:58:24.940988198,55.9,Beauty
TXN-11059,CUST-1744,2024-06-03 15:28:41.864372874,17.53,Electronics
TXN-11060,CUST-1673,2024-06-03 18:58:58.787757552,181.32,Books
TXN-11061,CUST-1420,2024-06-03 22:29:15.711142228,215.49,Home & Kitchen
TXN-11062,CUST-1133,2024-06-04 01:59:32.634526906,302.67,Beauty
TXN-11063,CUST-1390,2024-06-04 05:29:49.557911582,162.19,Beauty
TXN-11064,CUST-1991,2024-06-04 09:00:06.481296260,24.33,Home & Kitchen
TXN-11065,CUST-1735,2024-06-04 12:30:23.404680936,13.55,Books
TXN-11066,CUST-1500,2024-06-04 16:00:40.328065614,74.99,Home & Kitchen
TXN-11067,CUST-1664,2024-06-04 19:30:57.251450290,192.8,Apparel
TXN-11068,CUST-1032,2024-06-04 23:01:14.174834968,24.64,Electronics
TXN-11069,CUST-1054,2024-06-05 02:31:31.098219644,10.53,Electronics
TXN-11070,CUST-1953,2024-06-05 06:01:48.021604322,132.8,Books
TXN-11071,CUST-1518,2024-06-05 09:32:04.944988998,15.99,Home & Kitchen
TXN-11072,CUST-1755,2024-06-05 13:02:21.868373674,50.05,Beauty
TXN-11073,CUST-1824,2024-06-05 16:32:38.791758352,95.2,Beauty
TXN-11074,CUST-1637,2024-06-05 20:02:55.715143028,30.27,Beauty
TXN-11075,CUST-1011,2024-06-05 23:33:12.638527706,16.58,Apparel
TXN-11076,CUST-1527,2024-06-06 03:03:29.561912382,120.23,Apparel
TXN-11077,CUST-1719,2024-06-06 06:33:46.485297060,84.6,Beauty
TXN-11078,CUST-1554,2024-06-06 10:04:03.408681736,344.84,Books
TXN-11079,CUST-1372,2024-06-06 13:34:20.332066414,41.65,Apparel
TXN-11080,CUST-1483,2024-06-06 17:04:37.255451090,14.78,Apparel
TXN-11081,CUST-1972,2024-06-06 20:34:54.178835768,109.42,Electronics
TXN-11082,CUST-1646,2024-06-07 00:05:11.102220444,65.32,Electronics
TXN-11083,CUST-1227,2024-06-07 03:35:28.025605122,27.98,Books
TXN-11084,CUST-1622,2024-06-07 07:05:44.948989798,124.15,Apparel
TXN-11085,CUST-1306,2024-06-07 10:36:01.872374476,27.09,Apparel
TXN-11086,CUST-1456,2024-06-07 14:06:18.795759152,32.65,Home & Kitchen
TXN-11087,CUST-1159,2024-06-07 17:36:35.719143828,17.28,Books
TXN-11088,CUST-1330,2024-06-07 21:06:52.642528506,48.24,Books
TXN-11089,CUST-1775,2024-06-08 00:37:09.565913182,50.72,Home & Kitchen
TXN-11090,CUST-1224,2024-06-08 04:07:26.489297860,64.2,Home & Kitchen
TXN-11091,CUST-1982,2024-06-08 07:37:43.412682536,102.57,Electronics
TXN-11092,CUST-1728,2024-06-08 11:08:00.336067214,187.42,Books
TXN-11093,CUST-1503,2024-06-08 14:38:17.259451890,21.11,Books
TXN-11094,CUST-1455,2024-06-08 18:08:34.182836568,14.19,Home & Kitchen
TXN-11095,CUST-1044,2024-06-08 21:38:51.106221244,11.4,Beauty
TXN-11096,CUST-1213,2024-06-09 01:09:08.029605922,21.63,Beauty
TXN-11097,CUST-1058,2024-06-09 04:39:24.952990598,90.46,Electronics
TXN-11098,CUST-1643,2024-06-09 08:09:41.876375276,107.5,Beauty
TXN-11099,CUST-1615,2024-06-09 11:39:58.799759952,125.81,Beauty
TXN-11100,CUST-1194,2024-06-09 15:10:15.723144630,30.95,Beauty
TXN-11101,CUST-1924,2024-06-09 18:40:32.646529306,37.38,Apparel
TXN-11102,CUST-1488,2024-06-09 22:10:49.569913982,59.5,Electronics
TXN-11103,CUST-1156,2024-06-10 01:41:06.493298660,14.9,Home & Kitchen
TXN-11104,CUST-1609,2024-06-10 05:11:23.416683336,80.84,Beauty
TXN-11105,CUST-1225,2024-06-10 08:41:40.340068014,318.91,Apparel
TXN-11106,CUST-1411,2024-06-10 12:11:57.263452690,43.57,Beauty
TXN-11107,CUST-1204,2024-06-10 15:42:14.186837368,114.83,Apparel
TXN-11108,CUST-1078,2024-06-10 19:12:31.110222044,61.99,Electronics
TXN-11109,CUST-1123,2024-06-10 22:42:48.033606722,20.26,Beauty
TXN-11110,CUST-1470,2024-06-11 02:13:04.956991398,75.46,Apparel
TXN-11111,CUST-1939,2024-06-11 05:43:21.880376076,36.74,Books
TXN-11112,CUST-1217,2024-06-11 09:13:38.803760752,12.63,Books
TXN-11113,CUST-1515,2024-06-11 12:43:55.727145430,85.57,Apparel
TXN-11114,CUST-1601,2024-06-11 16:14:12.650530106,156.89,Beauty
TXN-11115,CUST-1103,2024-06-11 19:44:29.573914784,41.71,Beauty
TXN-11116,CUST-1392,2024-06-11 23:14:46.497299460,47.11,Electronics
TXN-11117,CUST-1630,2024-06-12 02:45:03.420684138,176.25,Electronics
TXN-11118,CUST-1644,2024-06-12 06:15:20.344068814,135.99,Home & Kitchen
TXN-11119,CUST-1823,2024-06-12 09:45:37.267453490,104.13,Electronics
TXN-11120,CUST-1607,2024-06-12 13:15:54.190838168,31.46,Beauty
TXN-11121,CUST-1979,2024-06-12 16:46:11.114222844,190.78,Home & Kitchen
TXN-11122,CUST-1433,2024-06-12 20:16:28.037607522,22.58,Electronics
TXN-11123,CUST-1330,2024-06-12 23:46:44.960992198,83.92,Apparel
TXN-11124,CUST-1142,2024-06-13 03:17:01.884376876,12.19,Books
TXN-11125,CUST-1799,2024-06-13 06:47:18.807761552,87.4,Electronics
TXN-11126,CUST-1539,2024-06-13 10:17:35.731146230,34.34,Electronics
TXN-11127,CUST-1277,2024-06-13 13:47:52.654530906,54.79,Apparel
TXN-11128,CUST-1232,2024-06-13 17:18:09.577915584,41.76,Beauty
TXN-11129,CUST-1528,2024-06-13 20:48:26.501300260,24.22,Apparel
TXN-11130,CUST-1570,2024-06-14 00:18:43.424684938,82.96,Electronics
TXN-11131,CUST-1089,2024-06-14 03:49:00.348069614,170.26,Beauty
TXN-11132,CUST-1491,2024-06-14 07:19:17.271454292,249.72,Home & Kitchen
TXN-11133,CUST-1198,2024-06-14 10:49:34.194838968,26.02,Electronics
TXN-11134,CUST-1361,2024-06-14 14:19:51.118223644,104.77,Apparel
TXN-11135,CUST-1440,2024-06-14 17:50:08.041608322,91.87,Home & Kitchen
TXN-11136,CUST-1025,2024-06-14 21:20:24.964992998,41.55,Books
TXN-11137,CUST-1024,2024-06-15 00:50:41.888377676,11.45,Home & Kitchen
TXN-11138,CUST-1393,2024-06-15 04:20:58.811762352,97.79,Apparel
TXN-11139,CUST-1506,2024-06-15 07:51:15.735147030,228.21,Home & Kitchen
TXN-11140,CUST-1300,2024-06-15 11:21:32.658531706,85.0,Apparel
TXN-11141,CUST-1338,2024-06-15 14:51:49.581916384,52.86,Electronics
TXN-11142,CUST-1266,2024-06-15 18:22:06.505301060,65.86,Beauty
TXN-11143,CUST-1460,2024-06-15 21:52:23.428685738,26.7,Books
TXN-11144,CUST-1692,2024-06-16 01:22:40.352070414,114.14,Beauty
TXN-11145,CUST-1455,2024-06-16 04:52:57.275455092,112.91,Beauty
TXN-11146,CUST-1359,2024-06-16 08:23:14.198839768,21.79,Beauty
TXN-11147,CUST-1067,2024-06-16 11:53:31.122224446,167.77,Apparel
TXN-11148,CUST-1862,2024-06-16 15:23:48.045609122,33.52,Apparel
TXN-11149,CUST-1411,2024-06-16 18:54:04.968993798,312.38,Books
TXN-11150,CUST-1970,2024-06-16 22:24:21.892378476,46.2,Apparel
TXN-11151,CUST-1490,2024-06-17 01:54:38.815763152,24.69,Apparel
TXN-11152,CUST-1832,2024-06-17 05:24:55.739147830,42.51,Apparel
TXN-11153,CUST-1048,2024-06-17 08:55:12.662532506,53.51,Apparel
TXN-11154,CUST-1686,2024-06-17 12:25:29.585917184,15.39,Electronics
TXN-11155,CUST-1563,2024-06-17 15:55:46.509301860,74.75,Books
TXN-11156,CUST-1101,2024-06-17 19:26:03.432686538,78.28,Apparel
TXN-11157,CUST-1215,2024-06-17 22:56:20.356071214,110.72,Books
TXN-11158,CUST-1437,2024-06-18 02:26:37.279455892,12.22,Home & Kitchen
TXN-11159,CUST-1699,2024-06-18 05:56:54.202840568,68.44,Electronics
TXN-11160,CUST-1568,2024-06-18 09:27:11.126225246,14.08,Apparel
TXN-11161,CUST-1558,2024-06-18 12:57:28.049609922,100.58,Electronics
TXN-11162,CUST-1158,2024-06-18 16:27:44.972994600,14.3,Electronics
TXN-11163,CUST-1488,2024-06-18 19:58:01.896379276,192.05,Home & Kitchen
TXN-11164,CUST-1685,2024-06-18 23:28:18.819763952,100.82,Books
TXN-11165,CUST-1241,2024-06-19 02:58:35.743148630,63.1,Electronics
TXN-11166,CUST-1793,2024-06-19 06:28:52.666533306,53.69,Beauty
TXN-11167,CUST-1752,2024-06-19 09:59:09.589917984,20.5,Home & Kitchen
TXN-11168,CUST-1881,2024-06-19 13:29:26.513302660,35.79,Beauty
TXN-11169,CUST-1004,2024-06-19 16:59:43.436687338,162.42,Home & Kitchen
TXN-11170,CUST-1595,2024-06-19 20:30:00.360072014,186.11,Beauty
TXN-11171,CUST-1819,2024-06-20 00:00:17.283456692,10.06,Beauty
TXN-11172,CUST-1360,2024-06-20 03:30:34.206841368,77.63,Electronics
TXN-11173,CUST-1458,2024-06-20 07:00:51.130226046,105.29,Electronics
TXN-11174,CUST-1247,2024-06-20 10:31:08.053610722,82.32,Home & Kitchen
TXN-11175,CUST-1565,2024-06-20 14:01:24.976995400,16.39,Books
TXN-11176,CUST-1672,2024-06-20 17:31:41.900380076,28.42,Electronics
TXN-11177,CUST-1945,2024-06-20 21:01:58.823764754,31.61,Electronics
TXN-11178,CUST-1421,2024-06-21 00:32:15.747149430,143.66,Apparel
TXN-11179,CUST-1922,2024-06-21 04:02:32.670534108,56.66,Electronics
TXN-11180,CUST-1737,2024-06-21 07:32:49.593918784,60.04,Books
TXN-11181,CUST-1014,2024-06-21 11:03:06.517303460,214.88,Apparel
TXN-11182,CUST-1735,2024-06-21 14:33:23.440688138,86.02,Beauty
TXN-11183,CUST-1572,2024-06-21 18:03:40.364072814,181.7,Beauty
TXN-11184,CUST-1121,2024-06-21 21:33:57.287457492,55.73,Apparel
TXN-11185,CUST-1276,2024-06-22 01:04:14.210842168,22.14,Apparel
TXN-11186,CUST-1557,2024-06-22 04:34:31.134226846,209.38,Apparel
TXN-11187,CUST-1452,2024-06-22 08:04:48.057611522,56.03,Home & Kitchen
TXN-11188,CUST-1389,2024-06-22 11:35:04.980996200,25.03,Books
TXN-11189,CUST-1293,2024-06-22 15:05:21.904380876,37.01,Books
TXN-11190,CUST-1573,2024-06-22 18:35:38.827765554,13.91,Beauty
TXN-11191,CUST-1597,2024-06-22 22:05:55.751150230,57.38,Beauty
TXN-11192,CUST-1445,2024-06-23 01:36:12.674534908,153.86,Beauty
TXN-11193,CUST-1209,2024-06-23 05:06:29.597919584,213.38,Electronics
TXN-11194,CUST-1589,2024-06-23 08:36:46.521304262,212.29,Beauty
TXN-11195,CUST-1713,2024-06-23 12:07:03.444688938,20.03,Apparel
TXN-11196,CUST-1301,2024-06-23 15:37:20.368073614,46.1,Beauty
TXN-11197,CUST-1908,2024-06-23 19:07:37.291458292,12.15,Apparel
TXN-11198,CUST-1222,2024-06-23 22:37:54.214842968,154.91,Home & Kitchen
TXN-11199,CUST-1733,2024-06-24 02:08:11.138227646,43.33,Electronics
TXN-11200,CUST-1002,2024-06-24 05:38:28.061612322,84.8,Electronics
TXN-11201,CUST-1989,2024-06-24 09:08:44.984997000,104.12,Books
TXN-11202,CUST-1517,2024-06-24 12:39:01.908381676,52.14,Home & Kitchen
TXN-11203,CUST-1092,2024-06-24 16:09:18.831766354,37.44,Apparel
TXN-11204,CUST-1519,2024-06-24 19:39:35.755151030,255.68,Home & Kitchen
TXN-11205,CUST-1427,2024-06-24 23:09:52.678535708,260.34,Electronics
TXN-11206,CUST-1492,2024-06-25 02:40:09.601920384,35.63,Apparel
TXN-11207,CUST-1234,2024-06-25 06:10:26.525305062,58.99,Home & Kitchen
TXN-11208,CUST-1619,2024-06-25 09:40:43.448689738,280.46,Electronics
TXN-11209,CUST-1160,2024-06-25 13:11:00.372074416,10.37,Apparel
TXN-11210,CUST-1720,2024-06-25 16:41:17.295459092,49.91,Apparel
TXN-11211,CUST-1751,2024-06-25 20:11:34.218843768,17.94,Electronics
TXN-11212,CUST-1330,2024-06-25 23:41:51.142228446,63.37,Apparel
TXN-11213,CUST-1332,2024-06-26 03:12:08.065613122,11.87,Electronics
TXN-11214,CUST-1049,2024-06-26 06:42:24.988997800,49.18,Beauty
TXN-11215,CUST-1522,2024-06-26 10:12:41.912382476,28.7,Beauty
TXN-11216,CUST-1862,2024-06-26 13:42:58.835767154,67.16,Apparel
TXN-11217,CUST-1667,2024-06-26 17:13:15.759151830,423.99,Apparel
TXN-11218,CUST-1491,2024-06-26 20:43:32.682536508,130.91,Electronics
TXN-11219,CUST-1581,2024-06-27 00:13:49.605921184,150.14,Apparel
TXN-11220,CUST-1680,2024-06-27 03:44:06.529305862,85.64,Books
TXN-11221,CUST-1271,2024-06-27 07:14:23.452690538,13.18,Beauty
TXN-11222,CUST-1579,2024-06-27 10:44:40.376075216,27.38,Apparel
TXN-11223,CUST-1866,2024-06-27 14:14:57.299459892,204.33,Apparel
TXN-11224,CUST-1251,2024-06-27 17:45:14.222844570,44.19,Home & Kitchen
TXN-11225,CUST-1559,2024-06-27 21:15:31.146229246,18.21,Apparel
TXN-11226,CUST-1695,2024-06-28 00:45:48.069613922,100.9,Books
TXN-11227,CUST-1831,2024-06-28 04:16:04.992998600,36.69,Beauty
TXN-11228,CUST-1698,2024-06-28 07:46:21.916383276,33.49,Home & Kitchen
TXN-11229,CUST-1089,2024-06-28 11:16:38.839767954,475.25,Electronics
TXN-11230,CUST-1445,2024-06-28 14:46:55.763152630,156.47,Electronics
TXN-11231,CUST-1331,2024-06-28 18:17:12.686537308,49.31,Beauty
TXN-11232,CUST-1138,2024-06-28 21:47:29.609921984,304.39,Electronics
TXN-11233,CUST-1356,2024-06-29 01:17:46.533306662,88.76,Books
TXN-11234,CUST-1600,2024-06-29 04:48:03.456691338,111.62,Apparel
TXN-11235,CUST-1273,2024-06-29 08:18:20.380076016,12.4,Beauty
TXN-11236,CUST-1018,2024-06-29 11:48:37.303460692,19.72,Home & Kitchen
TXN-11237,CUST-1982,2024-06-29 15:18:54.226845370,85.2,Apparel
TXN-11238,CUST-1310,2024-06-29 18:49:11.150230046,181.97,Electronics
TXN-11239,CUST-1869,2024-06-29 22:19:28.073614724,83.31,Electronics
TXN-11240,CUST-1885,2024-06-30 01:49:44.996999400,20.79,Home & Kitchen
TXN-11241,CUST-1977,2024-06-30 05:20:01.920384078,19.23,Books
TXN-11242,CUST-1153,2024-06-30 08:50:18.843768754,149.43,Home & Kitchen
TXN-11243,CUST-1389,2024-06-30 12:20:35.767153430,21.25,Beauty
TXN-11244,CUST-1259,2024-06-30 15:50:52.690538108,65.08,Home & Kitchen
TXN-11245,CUST-1619,2024-06-30 19:21:09.613922784,12.84,Electronics
TXN-11246,CUST-1882,2024-06-30 22:51:26.537307462,16.31,Books
TXN-11247,CUST-1796,2024-07-01 02:21:43.460692138,93.69,Books
TXN-11248,CUST-1570,2024-07-01 05:52:00.384076816,97.64,Home & Kitchen
TXN-11249,CUST-1124,2024-07-01 09:22:17.307461492,41.33,Beauty
TXN-11250,CUST-1353,2024-07-01 12:52:34.230846170,28.21,Electronics
TXN-11251,CUST-1272,2024-07-01 16:22:51.154230846,136.03,Apparel
TXN-11252,CUST-1618,2024-07-01 19:53:08.077615524,28.36,Books
TXN-11253,CUST-1810,2024-07-01 23:23:25.001000200,68.57,Home & Kitchen
TXN-11254,CUST-1244,2024-07-02 02:53:41.924384878,268.64,Beauty
TXN-11255,CUST-1847,2024-07-02 06:23:58.847769554,22.0,Beauty
TXN-11256,CUST-1449,2024-07-02 09:54:15.771154232,222.11,Electronics
TXN-11257,CUST-1929,2024-07-02 13:24:32.694538908,25.15,Books
TXN-11258,CUST-1246,2024-07-02 16:54:49.617923584,72.85,Electronics
TXN-11259,CUST-1519,2024-07-02 20:25:06.541308262,45.49,Apparel
TXN-11260,CUST-1140,2024-07-02 23:55:23.464692938,261.28,Apparel
TXN-11261,CUST-1361,2024-07-03 03:25:40.388077616,33.97,Apparel
TXN-11262,CUST-1007,2024-07-03 06:55:57.311462292,48.27,Beauty
TXN-11263,CUST-1477,2024-07-03 10:26:14.234846970,314.98,Books
TXN-11264,CUST-1351,2024-07-03 13:56:31.158231646,67.67,Electronics
TXN-11265,CUST-1995,2024-07-03 17:26:48.081616324,62.38,Electronics
TXN-11266,CUST-1494,2024-07-03 20:57:05.005001000,32.36,Apparel
TXN-11267,CUST-1605,2024-07-04 00:27:21.928385678,100.64,Books
TXN-11268,CUST-1832,2024-07-04 03:57:38.851770354,11.09,Books
TXN-11269,CUST-1426,2024-07-04 07:27:55.775155032,13.81,Home & Kitchen
TXN-11270,CUST-1038,2024-07-04 10:58:12.698539708,78.6,Books
TXN-11271,CUST-1592,2024-07-04 14:28:29.621924386,41.35,Books
TXN-11272,CUST-1186,2024-07-04 17:58:46.545309062,239.83,Electronics
TXN-11273,CUST-1595,2024-07-04 21:29:03.468693738,185.13,Books
TXN-11274,CUST-1599,2024-07-05 00:59:20.392078416,103.81,Books
TXN-11275,CUST-1753,2024-07-05 04:29:37.315463092,137.84,Electronics
TXN-11276,CUST-1853,2024-07-05 07:59:54.238847770,92.55,Books
TXN-11277,CUST-1092,2024-07-05 11:30:11.162232446,20.06,Electronics
TXN-11278,CUST-1085,2024-07-05 15:00:28.085617124,118.79,Home & Kitchen
TXN-11279,CUST-1043,2024-07-05 18:30:45.009001800,27.7,Beauty
TXN-11280,CUST-1136,2024-07-05 22:01:01.932386478,39.31,Electronics
TXN-11281,CUST-1420,2024-07-06 01:31:18.855771154,138.29,Electronics
TXN-11282,CUST-1073,2024-07-06 05:01:35.779155832,67.68,Books
TXN-11283,CUST-1547,2024-07-06 08:31:52.702540508,157.43,Electronics
TXN-11284,CUST-1612,2024-07-06 12:02:09.625925186,27.97,Apparel
TXN-11285,CUST-1987,2024-07-06 15:32:26.549309862,80.19,Apparel
TXN-11286,CUST-1511,2024-07-06 19:02:43.472694540,16.56,Home & Kitchen
TXN-11287,CUST-1155,2024-07-06 22:33:00.396079216,87.26,Electronics
TXN-11288,CUST-1937,2024-07-07 02:03:17.319463892,117.83,Books
TXN-11289,CUST-1254,2024-07-07 05:33:34.242848570,75.95,Books
TXN-11290,CUST-1170,2024-07-07 09:03:51.166233246,33.22,Beauty
TXN-11291,CUST-1980,2024-07-07 12:34:08.089617924,12.39,Home & Kitchen
TXN-11292,CUST-1727,2024-07-07 16:04:25.013002600,19.54,Books
TXN-11293,CUST-1169,2024-07-07 19:34:41.936387278,83.02,Beauty
TXN-11294,CUST-1763,2024-07-07 23:04:58.859771954,214.34,Books
TXN-11295,CUST-1871,2024-07-08 02:35:15.783156632,27.35,Beauty
TXN-11296,CUST-1321,2024-07-08 06:05:32.706541308,109.61,Apparel
TXN-11297,CUST-1566,2024-07-08 09:35:49.629925986,161.0,Apparel
TXN-11298,CUST-1455,2024-07-08 13:06:06.553310662,65.19,Books
TXN-11299,CUST-1943,2024-07-08 16:36:23.476695340,92.98,Home & Kitchen
TXN-11300,CUST-1602,2024-07-08 20:06:40.400080016,136.56,Electronics
TXN-11301,CUST-1789,2024-07-08 23:36:57.323464694,32.65,Home & Kitchen
TXN-11302,CUST-1612,2024-07-09 03:07:14.246849370,36.42,Home & Kitchen
TXN-11303,CUST-1154,2024-07-09 06:37:31.170234048,10.05,Electronics
TXN-11304,CUST-1888,2024-07-09 10:07:48.093618724,257.45,Apparel
TXN-11305,CUST-1348,2024-07-09 13:38:05.017003400,197.16,Apparel
TXN-11306,CUST-1450,2024-07-09 17:08:21.940388078,118.48,Electronics
TXN-11307,CUST-1875,2024-07-09 20:38:38.863772754,16.18,Beauty
TXN-11308,CUST-1652,2024-07-10 00:08:55.787157432,54.5,Home & Kitchen
TXN-11309,CUST-1172,2024-07-10 03:39:12.710542108,18.06,Books
TXN-11310,CUST-1009,2024-07-10 07:09:29.633926786,11.2,Apparel
TXN-11311,CUST-1739,2024-07-10 10:39:46.557311462,81.82,Books
TXN-11312,CUST-1264,2024-07-10 14:10:03.480696140,252.99,Electronics
TXN-11313,CUST-1437,2024-07-10 17:40:20.404080816,184.88,Books
TXN-11314,CUST-1759,2024-07-10 21:10:37.327465494,99.49,Books
TXN-11315,CUST-1246,2024-07-11 00:40:54.250850170,17.62,Home & Kitchen
TXN-11316,CUST-1666,2024-07-11 04:11:11.174234848,34.03,Electronics
TXN-11317,CUST-1545,2024-07-11 07:41:28.097619524,38.93,Books
TXN-11318,CUST-1498,2024-07-11 11:11:45.021004202,118.02,Apparel
TXN-11319,CUST-1128,2024-07-11 14:42:01.944388878,131.56,Electronics
TXN-11320,CUST-1671,2024-07-11 18:12:18.867773554,46.47,Apparel
TXN-11321,CUST-1600,2024-07-11 21:42:35.791158232,50.58,Beauty
TXN-11322,CUST-1604,2024-07-12 01:12:52.714542908,13.41,Books
TXN-11323,CUST-1326,2024-07-12 04:43:09.637927586,35.6,Electronics
TXN-11324,CUST-1752,2024-07-12 08:13:26.561312262,55.01,Apparel
TXN-11325,CUST-1834,2024-07-12 11:43:43.484696940,19.33,Books
TXN-11326,CUST-1979,2024-07-12 15:14:00.408081616,55.28,Home & Kitchen
TXN-11327,CUST-1403,2024-07-12 18:44:17.331466294,153.89,Apparel
TXN-11328,CUST-1628,2024-07-12 22:14:34.254850970,75.3,Apparel
TXN-11329,CUST-1605,2024-07-13 01:44:51.178235648,16.17,Beauty
TXN-11330,CUST-1674,2024-07-13 05:15:08.101620324,25.96,Home & Kitchen
TXN-11331,CUST-1610,2024-07-13 08:45:25.025005002,58.26,Beauty
TXN-11332,CUST-1624,2024-07-13 12:15:41.948389678,43.65,Home & Kitchen
TXN-11333,CUST-1358,2024-07-13 15:45:58.871774356,43.32,Apparel
TXN-11334,CUST-1602,2024-07-13 19:16:15.795159032,66.51,Beauty
TXN-11335,CUST-1857,2024-07-13 22:46:32.718543708,75.85,Books
TXN-11336,CUST-1717,2024-07-14 02:16:49.641928386,129.54,Home & Kitchen
TXN-11337,CUST-1016,2024-07-14 05:47:06.565313062,41.27,Apparel
TXN-11338,CUST-1273,2024-07-14 09:17:23.488697740,132.79,Electronics
TXN-11339,CUST-1684,2024-07-14 12:47:40.412082416,41.01,Home & Kitchen
TXN-11340,CUST-1115,2024-07-14 16:17:57.335467094,14.28,Home & Kitchen
TXN-11341,CUST-1860,2024-07-14 19:48:14.258851770,70.59,Books
TXN-11342,CUST-1979,2024-07-14 23:18:31.182236448,76.49,Home & Kitchen
TXN-11343,CUST-1692,2024-07-15 02:48:48.105621124,214.47,Home & Kitchen
TXN-11344,CUST-1090,2024-07-15 06:19:05.029005802,107.11,Books
TXN-11345,CUST-1081,2024-07-15 09:49:21.952390478,197.37,Books
TXN-11346,CUST-1323,2024-07-15 13:19:38.875775156,189.23,Beauty
TXN-11347,CUST-1960,2024-07-15 16:49:55.799159832,79.58,Apparel
TXN-11348,CUST-1113,2024-07-15 20:20:12.722544510,66.27,Apparel
TXN-11349,CUST-1768,2024-07-15 23:50:29.645929186,71.14,Beauty
TXN-11350,CUST-1057,2024-07-16 03:20:46.569313862,297.39,Apparel
TXN-11351,CUST-1153,2024-07-16 06:51:03.492698540,121.27,Home & Kitchen
TXN-11352,CUST-1876,2024-07-16 10:21:20.416083216,18.43,Beauty
TXN-11353,CUST-1403,2024-07-16 13:51:37.339467894,123.03,Beauty
TXN-11354,CUST-1627,2024-07-16 17:21:54.262852570,24.02,Apparel
TXN-11355,CUST-1854,2024-07-16 20:52:11.186237248,54.48,Electronics
TXN-11356,CUST-1265,2024-07-17 00:22:28.109621924,27.72,Apparel
TXN-11357,CUST-1314,2024-07-17 03:52:45.033006602,97.74,Electronics
TXN-11358,CUST-1714,2024-07-17 07:23:01.956391278,167.36,Beauty
TXN-11359,CUST-1040,2024-07-17 10:53:18.879775956,35.73,Electronics
TXN-11360,CUST-1104,2024-07-17 14:23:35.803160632,16.42,Home & Kitchen
TXN-11361,CUST-1900,2024-07-17 17:53:52.726545310,36.59,Books
TXN-11362,CUST-1889,2024-07-17 21:24:09.649929986,93.69,Electronics
TXN-11363,CUST-1192,2024-07-18 00:54:26.573314664,39.9,Books
TXN-11364,CUST-1400,2024-07-18 04:24:43.496699340,34.44,Home & Kitchen
TXN-11365,CUST-1277,2024-07-18 07:55:00.420084018,25.29,Books
TXN-11366,CUST-1353,2024-07-18 11:25:17.343468694,61.61,Home & Kitchen
TXN-11367,CUST-1748,2024-07-18 14:55:34.266853370,34.22,Books
TXN-11368,CUST-1936,2024-07-18 18:25:51.190238048,108.48,Books
TXN-11369,CUST-1732,2024-07-18 21:56:08.113622724,15.98,Apparel
TXN-11370,CUST-1579,2024-07-19 01:26:25.037007402,91.81,Electronics
TXN-11371,CUST-1708,2024-07-19 04:56:41.960392078,30.34,Books
TXN-11372,CUST-1255,2024-07-19 08:26:58.883776756,60.39,Beauty
TXN-11373,CUST-1650,2024-07-19 11:57:15.807161432,35.27,Apparel
TXN-11374,CUST-1823,2024-07-19 15:27:32.730546110,106.22,Electronics
TXN-11375,CUST-1946,2024-07-19 18:57:49.653930786,227.95,Apparel
TXN-11376,CUST-1660,2024-07-19 22:28:06.577315464,196.74,Electronics
TXN-11377,CUST-1098,2024-07-20 01:58:23.500700140,75.68,Home & Kitchen
TXN-11378,CUST-1587,2024-07-20 05:28:40.424084818,56.58,Books
TXN-11379,CUST-1281,2024-07-20 08:58:57.347469494,137.91,Beauty
TXN-11380,CUST-1882,2024-07-20 12:29:14.270854172,96.24,Apparel
TXN-11381,CUST-1402,2024-07-20 15:59:31.194238848,25.21,Apparel
TXN-11382,CUST-1108,2024-07-20 19:29:48.117623524,138.99,Apparel
TXN-11383,CUST-1699,2024-07-20 23:00:05.041008202,52.01,Apparel
TXN-11384,CUST-1198,2024-07-21 02:30:21.964392878,25.71,Books
TXN-11385,CUST-1302,2024-07-21 06:00:38.887777556,34.83,Electronics
TXN-11386,CUST-1326,2024-07-21 09:30:55.811162232,33.35,Books
TXN-11387,CUST-1153,2024-07-21 13:01:12.734546910,64.92,Home & Kitchen
TXN-11388,CUST-1551,2024-07-21 16:31:29.657931586,30.03,Books
TXN-11389,CUST-1644,2024-07-21 20:01:46.581316264,19.89,Books
TXN-11390,CUST-1404,2024-07-21 23:32:03.504700940,19.9,Home & Kitchen
TXN-11391,CUST-1461,2024-07-22 03:02:20.428085618,75.65,Books
TXN-11392,CUST-1131,2024-07-22 06:32:37.351470294,109.53,Electronics
TXN-11393,CUST-1790,2024-07-22 10:02:54.274854972,39.09,Beauty
TXN-11394,CUST-1873,2024-07-22 13:33:11.198239648,12.64,Home & Kitchen
TXN-11395,CUST-1083,2024-07-22 17:03:28.121624326,20.21,Apparel
TXN-11396,CUST-1398,2024-07-22 20:33:45.045009002,194.61,Electronics
TXN-11397,CUST-1753,2024-07-23 00:04:01.968393678,61.02,Beauty
TXN-11398,CUST-1627,2024-07-23 03:34:18.891778356,55.33,Electronics
TXN-11399,CUST-1108,2024-07-23 07:04:35.815163032,12.91,Electronics
TXN-11400,CUST-1220,2024-07-23 10:34:52.738547710,107.82,Apparel
TXN-11401,CUST-1903,2024-07-23 14:05:09.661932386,66.32,Beauty
TXN-11402,CUST-1552,2024-07-23 17:35:26.585317064,26.93,Electronics
TXN-11403,CUST-1367,2024-07-23 21:05:43.508701740,18.75,Apparel
TXN-11404,CUST-1146,2024-07-24 00:36:00.432086418,46.26,Home & Kitchen
TXN-11405,CUST-1111,2024-07-24 04:06:17.355471094,146.12,Apparel
TXN-11406,CUST-1614,2024-07-24 07:36:34.278855772,160.35,Books
TXN-11407,CUST-1557,2024-07-24 11:06:51.202240448,79.26,Apparel
TXN-11408,CUST-1923,2024-07-24 14:37:08.125625126,107.52,Apparel
TXN-11409,CUST-1493,2024-07-24 18:07:25.049009802,19.18,Apparel
TXN-11410,CUST-1504,2024-07-24 21:37:41.972394480,76.53,Electronics
TXN-11411,CUST-1474,2024-07-25 01:07:58.895779156,92.46,Beauty
TXN-11412,CUST-1835,2024-07-25 04:38:15.819163832,26.8,Apparel
TXN-11413,CUST-1889,2024-07-25 08:08:32.742548510,169.12,Apparel
TXN-11414,CUST-1270,2024-07-25 11:38:49.665933186,26.27,Books
TXN-11415,CUST-1994,2024-07-25 15:09:06.589317864,38.21,Books
TXN-11416,CUST-1420,2024-07-25 18:39:23.512702540,82.68,Home & Kitchen
TXN-11417,CUST-1896,2024-07-25 22:09:40.436087218,86.28,Home & Kitchen
TXN-11418,CUST-1706,2024-07-26 01:39:57.359471894,100.14,Books
TXN-11419,CUST-1366,2024-07-26 05:10:14.282856572,18.91,Beauty
TXN-11420,CUST-1279,2024-07-26 08:40:31.206241248,152.02,Home & Kitchen
TXN-11421,CUST-1282,2024-07-26 12:10:48.129625926,67.08,Beauty
TXN-11422,CUST-1039,2024-07-26 15:41:05.053010602,57.8,Books
TXN-11423,CUST-1958,2024-07-26 19:11:21.976395280,307.64,Home & Kitchen
TXN-11424,CUST-1188,2024-07-26 22:41:38.899779956,111.14,Apparel
TXN-11425,CUST-1163,2024-07-27 02:11:55.823164634,19.42,Books
TXN-11426,CUST-1993,2024-07-27 05:42:12.746549310,115.96,Home & Kitchen
TXN-11427,CUST-1988,2024-07-27 09:12:29.669933988,17.51,Beauty
TXN-11428,CUST-1535,2024-07-27 12:42:46.593318664,12.09,Beauty
TXN-11429,CUST-1535,2024-07-27 16:13:03.516703340,48.77,Home & Kitchen
TXN-11430,CUST-1003,2024-07-27 19:43:20.440088016,388.6,Beauty
TXN-11431,CUST-1834,2024-07-27 23:13:37.363472696,24.42,Home & Kitchen
TXN-11432,CUST-1289,2024-07-28 02:43:54.286857372,93.75,Home & Kitchen
TXN-11433,CUST-1952,2024-07-28 06:14:11.210242048,24.28,Beauty
TXN-11434,CUST-1432,2024-07-28 09:44:28.133626724,106.77,Electronics
TXN-11435,CUST-1470,2024-07-28 13:14:45.057011404,62.79,Apparel
TXN-11436,CUST-1180,2024-07-28 16:45:01.980396080,95.45,Books
TXN-11437,CUST-1247,2024-07-28 20:15:18.903780756,27.01,Apparel
TXN-11438,CUST-1627,2024-07-28 23:45:35.827165432,112.67,Books
TXN-11439,CUST-1278,2024-07-29 03:15:52.750550112,417.29,Books
TXN-11440,CUST-1876,2024-07-29 06:46:09.673934788,92.17,Apparel
TXN-11441,CUST-1580,2024-07-29 10:16:26.597319464,61.01,Home & Kitchen
TXN-11442,CUST-1862,2024-07-29 13:46:43.520704140,202.47,Beauty
TXN-11443,CUST-1253,2024-07-29 17:17:00.444088816,11.2,Electronics
TXN-11444,CUST-1180,2024-07-29 20:47:17.367473496,108.18,Electronics
TXN-11445,CUST-1829,2024-07-30 00:17:34.290858172,174.7,Electronics
TXN-11446,CUST-1680,2024-07-30 03:47:51.214242848,14.77,Apparel
TXN-11447,CUST-1824,2024-07-30 07:18:08.137627524,54.85,Apparel
TXN-11448,CUST-1508,2024-07-30 10:48:25.061012204,27.18,Home & Kitchen
TXN-11449,CUST-1760,2024-07-30 14:18:41.984396880,72.69,Electronics
TXN-11450,CUST-1699,2024-07-30 17:48:58.907781556,88.64,Home & Kitchen
TXN-11451,CUST-1565,2024-07-30 21:19:15.831166232,37.03,Electronics
TXN-11452,CUST-1325,2024-07-31 00:49:32.754550912,56.21,Apparel
TXN-11453,CUST-1356,2024-07-31 04:19:49.677935588,34.57,Beauty
TXN-11454,CUST-1824,2024-07-31 07:50:06.601320264,44.58,Beauty
TXN-11455,CUST-1649,2024-07-31 11:20:23.524704940,23.04,Beauty
TXN-11456,CUST-1679,2024-07-31 14:50:40.448089620,172.58,Beauty
TXN-11457,CUST-1390,2024-07-31 18:20:57.371474296,10.75,Books
TXN-11458,CUST-1614,2024-07-31 21:51:14.294858972,170.54,Electronics
TXN-11459,CUST-1933,2024-08-01 01:21:31.218243648,73.59,Beauty
TXN-11460,CUST-1084,2024-08-01 04:51:48.141628324,40.22,Books
TXN-11461,CUST-1316,2024-08-01 08:22:05.065013004,106.3,Books
TXN-11462,CUST-1211,2024-08-01 11:52:21.988397680,63.16,Books
TXN-11463,CUST-1514,2024-08-01 15:22:38.911782356,61.85,Home & Kitchen
TXN-11464,CUST-1383,2024-08-01 18:52:55.835167032,18.75,Home & Kitchen
TXN-11465,CUST-1690,2024-08-01 22:23:12.758551712,47.01,Books
TXN-11466,CUST-1341,2024-08-02 01:53:29.681936388,30.69,Beauty
TXN-11467,CUST-1814,2024-08-02 05:23:46.605321064,11.19,Electronics
TXN-11468,CUST-1963,2024-08-02 08:54:03.528705740,43.48,Apparel
TXN-11469,CUST-1987,2024-08-02 12:24:20.452090420,17.06,Home & Kitchen
TXN-11470,CUST-1843,2024-08-02 15:54:37.375475096,32.26,Beauty
TXN-11471,CUST-1037,2024-08-02 19:24:54.298859772,17.28,Beauty
TXN-11472,CUST-1510,2024-08-02 22:55:11.222244448,17.98,Apparel
TXN-11473,CUST-1419,2024-08-03 02:25:28.145629128,26.64,Apparel
TXN-11474,CUST-1750,2024-08-03 05:55:45.069013804,669.99,Beauty
TXN-11475,CUST-1168,2024-08-03 09:26:01.992398480,10.16,Apparel
TXN-11476,CUST-1964,2024-08-03 12:56:18.915783156,86.35,Beauty
TXN-11477,CUST-1908,2024-08-03 16:26:35.839167832,21.42,Apparel
TXN-11478,CUST-1342,2024-08-03 19:56:52.762552512,200.02,Apparel
TXN-11479,CUST-1825,2024-08-03 23:27:09.685937188,17.37,Beauty
TXN-11480,CUST-1305,2024-08-04 02:57:26.609321864,242.69,Books
TXN-11481,CUST-1541,2024-08-04 06:27:43.532706540,80.8,Beauty
TXN-11482,CUST-1701,2024-08-04 09:58:00.456091220,10.1,Electronics
TXN-11483,CUST-1868,2024-08-04 13:28:17.379475896,178.33,Apparel
TXN-11484,CUST-1536,2024-08-04 16:58:34.302860572,65.32,Home & Kitchen
TXN-11485,CUST-1111,2024-08-04 20:28:51.226245248,32.85,Apparel
TXN-11486,CUST-1410,2024-08-04 23:59:08.149629928,119.34,Electronics
TXN-11487,CUST-1946,2024-08-05 03:29:25.073014604,205.95,Home & Kitchen
TXN-11488,CUST-1205,2024-08-05 06:59:41.996399280,59.58,Home & Kitchen
TXN-11489,CUST-1184,2024-08-05 10:29:58.919783956,38.44,Beauty
TXN-11490,CUST-1381,2024-08-05 14:00:15.843168632,126.67,Books
TXN-11491,CUST-1495,2024-08-05 17:30:32.766553312,95.88,Beauty
TXN-11492,CUST-1378,2024-08-05 21:00:49.689937988,174.7,Home & Kitchen
TXN-11493,CUST-1046,2024-08-06 00:31:06.613322664,98.45,Home & Kitchen
TXN-11494,CUST-1885,2024-08-06 04:01:23.536707340,30.93,Books
TXN-11495,CUST-1739,2024-08-06 07:31:40.460092020,211.24,Apparel
TXN-11496,CUST-1550,2024-08-06 11:01:57.383476696,18.31,Books
TXN-11497,CUST-1527,2024-08-06 14:32:14.306861372,33.39,Beauty
TXN-11498,CUST-1503,2024-08-06 18:02:31.230246048,65.08,Apparel
TXN-11499,CUST-1021,2024-08-06 21:32:48.153630728,72.56,Beauty
TXN-11500,CUST-1212,2024-08-07 01:03:05.077015404,11.16,Books
TXN-11501,CUST-1309,2024-08-07 04:33:22.000400080,123.76,Apparel
TXN-11502,CUST-1660,2024-08-07 08:03:38.923784756,43.66,Books
TXN-11503,CUST-1967,2024-08-07 11:33:55.847169436,49.12,Electronics
TXN-11504,CUST-1752,2024-08-07 15:04:12.770554112,134.31,Home & Kitchen
TXN-11505,CUST-1271,2024-08-07 18:34:29.693938788,45.77,Apparel
TXN-11506,CUST-1570,2024-08-07 22:04:46.617323464,13.63,Home & Kitchen
TXN-11507,CUST-1798,2024-08-08 01:35:03.540708140,24.56,Electronics
TXN-11508,CUST-1937,2024-08-08 05:05:20.464092820,244.1,Apparel
TXN-11509,CUST-1201,2024-08-08 08:35:37.387477496,15.48,Home & Kitchen
TXN-11510,CUST-1031,2024-08-08 12:05:54.310862172,42.88,Home & Kitchen
TXN-11511,CUST-1442,2024-08-08 15:36:11.234246848,62.46,Apparel
TXN-11512,CUST-1161,2024-08-08 19:06:28.157631528,60.98,Home & Kitchen
TXN-11513,CUST-1766,2024-08-08 22:36:45.081016204,10.3,Home & Kitchen
TXN-11514,CUST-1253,2024-08-09 02:07:02.004400880,62.16,Apparel
TXN-11515,CUST-1520,2024-08-09 05:37:18.927785556,46.31,Home & Kitchen
TXN-11516,CUST-1976,2024-08-09 09:07:35.851170236,278.38,Home & Kitchen
TXN-11517,CUST-1650,2024-08-09 12:37:52.774554912,23.0,Beauty
TXN-11518,CUST-1479,2024-08-09 16:08:09.697939588,42.79,Beauty
TXN-11519,CUST-1009,2024-08-09 19:38:26.621324264,50.79,Electronics
TXN-11520,CUST-1725,2024-08-09 23:08:43.544708944,47.16,Beauty
TXN-11521,CUST-1504,2024-08-10 02:39:00.468093620,92.21,Beauty
TXN-11522,CUST-1784,2024-08-10 06:09:17.391478296,28.2,Electronics
TXN-11523,CUST-1835,2024-08-10 09:39:34.314862972,28.74,Home & Kitchen
TXN-11524,CUST-1559,2024-08-10 13:09:51.238247648,107.98,Home & Kitchen
TXN-11525,CUST-1435,2024-08-10 16:40:08.161632328,62.03,Beauty
TXN-11526,CUST-1110,2024-08-10 20:10:25.085017004,50.23,Electronics
TXN-11527,CUST-1152,2024-08-10 23:40:42.008401680,23.9,Home & Kitchen
TXN-11528,CUST-1634,2024-08-11 03:10:58.931786356,25.58,Books
TXN-11529,CUST-1916,2024-08-11 06:41:15.855171036,10.8,Apparel
TXN-11530,CUST-1868,2024-08-11 10:11:32.778555712,17.19,Apparel
TXN-11531,CUST-1101,2024-08-11 13:41:49.701940388,71.04,Apparel
TXN-11532,CUST-1752,2024-08-11 17:12:06.625325064,176.83,Beauty
TXN-11533,CUST-1832,2024-08-11 20:42:23.548709744,35.39,Apparel
TXN-11534,CUST-1190,2024-08-12 00:12:40.472094420,39.78,Apparel
TXN-11535,CUST-1728,2024-08-12 03:42:57.395479096,19.21,Books
TXN-11536,CUST-1562,2024-08-12 07:13:14.318863772,46.9,Home & Kitchen
TXN-11537,CUST-1803,2024-08-12 10:43:31.242248448,12.84,Books
TXN-11538,CUST-1080,2024-08-12 14:13:48.165633128,197.21,Beauty
TXN-11539,CUST-1488,2024-08-12 17:44:05.089017804,93.86,Apparel
TXN-11540,CUST-1894,2024-08-12 21:14:22.012402480,361.23,Home & Kitchen
TXN-11541,CUST-1087,2024-08-13 00:44:38.935787156,170.81,Apparel
TXN-11542,CUST-1193,2024-08-13 04:14:55.859171836,58.04,Apparel
TXN-11543,CUST-1103,2024-08-13 07:45:12.782556512,65.0,Beauty
TXN-11544,CUST-1782,2024-08-13 11:15:29.705941188,25.86,Apparel
TXN-11545,CUST-1095,2024-08-13 14:45:46.629325864,56.5,Electronics
TXN-11546,CUST-1422,2024-08-13 18:16:03.552710544,185.0,Home & Kitchen
TXN-11547,CUST-1890,2024-08-13 21:46:20.476095220,13.91,Home & Kitchen
TXN-11548,CUST-1197,2024-08-14 01:16:37.399479896,159.39,Electronics
TXN-11549,CUST-1000,2024-08-14 04:46:54.322864572,41.27,Beauty
TXN-11550,CUST-1406,2024-08-14 08:17:11.246249252,182.33,Apparel
TXN-11551,CUST-1377,2024-08-14 11:47:28.169633928,222.11,Apparel
TXN-11552,CUST-1166,2024-08-14 15:17:45.093018604,93.35,Home & Kitchen
TXN-11553,CUST-1508,2024-08-14 18:48:02.016403280,91.89,Beauty
TXN-11554,CUST-1637,2024-08-14 22:18:18.939787956,55.21,Beauty
TXN-11555,CUST-1312,2024-08-15 01:48:35.863172636,145.38,Beauty
TXN-11556,CUST-1592,2024-08-15 05:18:52.786557312,254.5,Apparel
TXN-11557,CUST-1417,2024-08-15 08:49:09.709941988,121.9,Beauty
TXN-11558,CUST-1762,2024-08-15 12:19:26.633326664,82.95,Electronics
TXN-11559,CUST-1680,2024-08-15 15:49:43.556711344,80.01,Books
TXN-11560,CUST-1476,2024-08-15 19:20:00.480096020,152.02,Beauty
TXN-11561,CUST-1072,2024-08-15 22:50:17.403480696,68.44,Books
TXN-11562,CUST-1140,2024-08-16 02:20:34.326865372,132.17,Apparel
TXN-11563,CUST-1581,2024-08-16 05:50:51.250250052,63.33,Beauty
TXN-11564,CUST-1261,2024-08-16 09:21:08.173634728,14.84,Home & Kitchen
TXN-11565,CUST-1339,2024-08-16 12:51:25.097019404,46.33,Apparel
TXN-11566,CUST-1307,2024-08-16 16:21:42.020404080,54.08,Electronics
TXN-11567,CUST-1244,2024-08-16 19:51:58.943788760,21.45,Electronics
TXN-11568,CUST-1514,2024-08-16 23:22:15.867173436,18.11,Books
TXN-11569,CUST-1336,2024-08-17 02:52:32.790558112,67.5,Books
TXN-11570,CUST-1574,2024-08-17 06:22:49.713942788,16.67,Home & Kitchen
TXN-11571,CUST-1560,2024-08-17 09:53:06.637327464,37.07,Home & Kitchen
TXN-11572,CUST-1075,2024-08-17 13:23:23.560712144,112.37,Electronics
TXN-11573,CUST-1879,2024-08-17 16:53:40.484096820,260.22,Beauty
TXN-11574,CUST-1174,2024-08-17 20:23:57.407481496,104.9,Electronics
TXN-11575,CUST-1108,2024-08-17 23:54:14.330866172,378.23,Electronics
TXN-11576,CUST-1182,2024-08-18 03:24:31.254250852,99.88,Home & Kitchen
TXN-11577,CUST-1191,2024-08-18 06:54:48.177635528,36.09,Books
TXN-11578,CUST-1064,2024-08-18 10:25:05.101020204,93.62,Home & Kitchen
TXN-11579,CUST-1848,2024-08-18 13:55:22.024404880,100.84,Home & Kitchen
TXN-11580,CUST-1962,2024-08-18 17:25:38.947789560,44.86,Home & Kitchen
TXN-11581,CUST-1473,2024-08-18 20:55:55.871174236,11.34,Electronics
TXN-11582,CUST-1782,2024-08-19 00:26:12.794558912,101.1,Beauty
TXN-11583,CUST-1099,2024-08-19 03:56:29.717943588,11.65,Electronics
TXN-11584,CUST-1543,2024-08-19 07:26:46.641328264,84.81,Apparel
TXN-11585,CUST-1863,2024-08-19 10:57:03.564712944,23.4,Home & Kitchen
TXN-11586,CUST-1127,2024-08-19 14:27:20.488097620,72.53,Home & Kitchen
TXN-11587,CUST-1451,2024-08-19 17:57:37.411482296,62.58,Apparel
TXN-11588,CUST-1913,2024-08-19 21:27:54.334866972,11.02,Home & Kitchen
TXN-11589,CUST-1368,2024-08-20 00:58:11.258251652,43.81,Home & Kitchen
TXN-11590,CUST-1850,2024-08-20 04:28:28.181636328,78.93,Home & Kitchen
TXN-11591,CUST-1042,2024-08-20 07:58:45.105021004,151.59,Apparel
TXN-11592,CUST-1883,2024-08-20 11:29:02.028405680,174.63,Electronics
TXN-11593,CUST-1418,2024-08-20 14:59:18.951790360,59.6,Home & Kitchen
TXN-11594,CUST-1487,2024-08-20 18:29:35.875175036,107.76,Beauty
TXN-11595,CUST-1077,2024-08-20 21:59:52.798559712,38.53,Apparel
TXN-11596,CUST-1825,2024-08-21 01:30:09.721944388,41.41,Books
TXN-11597,CUST-1800,2024-08-21 05:00:26.645329068,26.22,Apparel
TXN-11598,CUST-1269,2024-08-21 08:30:43.568713744,71.91,Electronics
TXN-11599,CUST-1673,2024-08-21 12:01:00.492098420,38.33,Apparel
TXN-11600,CUST-1700,2024-08-21 15:31:17.415483096,16.61,Books
TXN-11601,CUST-1758,2024-08-21 19:01:34.338867772,96.64,Beauty
TXN-11602,CUST-1899,2024-08-21 22:31:51.262252452,102.26,Books
TXN-11603,CUST-1727,2024-08-22 02:02:08.185637128,43.47,Apparel
TXN-11604,CUST-1314,2024-08-22 05:32:25.109021804,15.99,Books
TXN-11605,CUST-1924,2024-08-22 09:02:42.032406480,51.67,Apparel
TXN-11606,CUST-1850,2024-08-22 12:32:58.955791160,53.8,Beauty
TXN-11607,CUST-1901,2024-08-22 16:03:15.879175836,92.85,Beauty
TXN-11608,CUST-1888,2024-08-22 19:33:32.802560512,38.42,Electronics
TXN-11609,CUST-1992,2024-08-22 23:03:49.725945188,96.07,Beauty
TXN-11610,CUST-1944,2024-08-23 02:34:06.649329868,163.88,Home & Kitchen
TXN-11611,CUST-1167,2024-08-23 06:04:23.572714544,30.34,Books
TXN-11612,CUST-1338,2024-08-23 09:34:40.496099220,299.46,Books
TXN-11613,CUST-1192,2024-08-23 13:04:57.419483896,46.63,Apparel
TXN-11614,CUST-1452,2024-08-23 16:35:14.342868572,33.32,Beauty
TXN-11615,CUST-1282,2024-08-23 20:05:31.266253252,51.05,Electronics
TXN-11616,CUST-1335,2024-08-23 23:35:48.189637928,17.44,Electronics
TXN-11617,CUST-1389,2024-08-24 03:06:05.113022604,20.08,Electronics
TXN-11618,CUST-1999,2024-08-24 06:36:22.036407280,50.14,Home & Kitchen
TXN-11619,CUST-1524,2024-08-24 10:06:38.959791960,117.8,Beauty
TXN-11620,CUST-1239,2024-08-24 13:36:55.883176636,182.93,Electronics
TXN-11621,CUST-1831,2024-08-24 17:07:12.806561312,91.98,Home & Kitchen
TXN-11622,CUST-1957,2024-08-24 20:37:29.729945988,18.34,Books
TXN-11623,CUST-1482,2024-08-25 00:07:46.653330668,93.61,Apparel
TXN-11624,CUST-1658,2024-08-25 03:38:03.576715344,85.68,Beauty
TXN-11625,CUST-1715,2024-08-25 07:08:20.500100020,132.9,Beauty
TXN-11626,CUST-1591,2024-08-25 10:38:37.423484696,140.83,Books
TXN-11627,CUST-1890,2024-08-25 14:08:54.346869376,161.99,Beauty
TXN-11628,CUST-1554,2024-08-25 17:39:11.270254052,50.1,Beauty
TXN-11629,CUST-1457,2024-08-25 21:09:28.193638728,99.77,Beauty
TXN-11630,CUST-1088,2024-08-26 00:39:45.117023404,33.42,Beauty
TXN-11631,CUST-1659,2024-08-26 04:10:02.040408080,558.82,Home & Kitchen
TXN-11632,CUST-1094,2024-08-26 07:40:18.963792760,24.46,Home & Kitchen
TXN-11633,CUST-1451,2024-08-26 11:10:35.887177436,10.76,Apparel
TXN-11634,CUST-1427,2024-08-26 14:40:52.810562112,22.08,Beauty
TXN-11635,CUST-1150,2024-08-26 18:11:09.733946788,122.17,Books
TXN-11636,CUST-1513,2024-08-26 21:41:26.657331468,54.4,Electronics
TXN-11637,CUST-1375,2024-08-27 01:11:43.580716144,54.5,Apparel
TXN-11638,CUST-1021,2024-08-27 04:42:00.504100820,242.62,Electronics
TXN-11639,CUST-1882,2024-08-27 08:12:17.427485496,199.09,Electronics
TXN-11640,CUST-1312,2024-08-27 11:42:34.350870176,37.96,Beauty
TXN-11641,CUST-1996,2024-08-27 15:12:51.274254852,27.59,Books
TXN-11642,CUST-1839,2024-08-27 18:43:08.197639528,151.53,Electronics
TXN-11643,CUST-1518,2024-08-27 22:13:25.121024204,187.35,Electronics
TXN-11644,CUST-1205,2024-08-28 01:43:42.044408884,68.5,Apparel
TXN-11645,CUST-1951,2024-08-28 05:13:58.967793560,84.45,Books
TXN-11646,CUST-1374,2024-08-28 08:44:15.891178236,32.27,Books
TXN-11647,CUST-1450,2024-08-28 12:14:32.814562912,131.01,Electronics
TXN-11648,CUST-1625,2024-08-28 15:44:49.737947588,85.0,Books
TXN-11649,CUST-1783,2024-08-28 19:15:06.661332268,62.51,Apparel
TXN-11650,CUST-1594,2024-08-28 22:45:23.584716944,14.65,Apparel
TXN-11651,CUST-1178,2024-08-29 02:15:40.508101620,195.71,Apparel
TXN-11652,CUST-1209,2024-08-29 05:45:57.431486296,81.68,Beauty
TXN-11653,CUST-1499,2024-08-29 09:16:14.354870976,26.05,Electronics
TXN-11654,CUST-1463,2024-08-29 12:46:31.278255652,79.93,Books
TXN-11655,CUST-1839,2024-08-29 16:16:48.201640328,94.87,Apparel
TXN-11656,CUST-1123,2024-08-29 19:47:05.125025004,65.95,Electronics
TXN-11657,CUST-1992,2024-08-29 23:17:22.048409684,104.97,Electronics
TXN-11658,CUST-1112,2024-08-30 02:47:38.971794360,75.32,Beauty
TXN-11659,CUST-1011,2024-08-30 06:17:55.895179036,231.41,Books
TXN-11660,CUST-1125,2024-08-30 09:48:12.818563712,14.14,Books
TXN-11661,CUST-1564,2024-08-30 13:18:29.741948388,18.42,Apparel
TXN-11662,CUST-1330,2024-08-30 16:48:46.665333068,24.31,Apparel
TXN-11663,CUST-1900,2024-08-30 20:19:03.588717744,97.88,Electronics
TXN-11664,CUST-1282,2024-08-30 23:49:20.512102420,87.8,Books
TXN-11665,CUST-1139,2024-08-31 03:19:37.435487096,176.96,Books
TXN-11666,CUST-1400,2024-08-31 06:49:54.358871776,109.0,Apparel
TXN-11667,CUST-1901,2024-08-31 10:20:11.282256452,63.25,Home & Kitchen
TXN-11668,CUST-1096,2024-08-31 13:50:28.205641128,370.56,Electronics
TXN-11669,CUST-1516,2024-08-31 17:20:45.129025804,33.2,Books
TXN-11670,CUST-1568,2024-08-31 20:51:02.052410484,144.32,Beauty
TXN-11671,CUST-1923,2024-09-01 00:21:18.975795160,51.74,Beauty
TXN-11672,CUST-1845,2024-09-01 03:51:35.899179836,88.47,Home & Kitchen
TXN-11673,CUST-1068,2024-09-01 07:21:52.822564512,107.45,Apparel
TXN-11674,CUST-1117,2024-09-01 10:52:09.745949192,85.33,Apparel
TXN-11675,CUST-1887,2024-09-01 14:22:26.669333868,21.36,Apparel
TXN-11676,CUST-1058,2024-09-01 17:52:43.592718544,53.88,Beauty
TXN-11677,CUST-1032,2024-09-01 21:23:00.516103220,71.82,Apparel
TXN-11678,CUST-1317,2024-09-02 00:53:17.439487896,151.81,Beauty
TXN-11679,CUST-1049,2024-09-02 04:23:34.362872576,53.98,Home & Kitchen
TXN-11680,CUST-1879,2024-09-02 07:53:51.286257252,198.26,Electronics
TXN-11681,CUST-1488,2024-09-02 11:24:08.209641928,53.54,Books
TXN-11682,CUST-1018,2024-09-02 14:54:25.133026604,69.68,Home & Kitchen
TXN-11683,CUST-1725,2024-09-02 18:24:42.056411284,129.33,Beauty
TXN-11684,CUST-1196,2024-09-02 21:54:58.979795960,75.61,Home & Kitchen
TXN-11685,CUST-1890,2024-09-03 01:25:15.903180636,251.83,Books
TXN-11686,CUST-1449,2024-09-03 04:55:32.826565312,90.98,Electronics
TXN-11687,CUST-1989,2024-09-03 08:25:49.749949992,65.47,Books
TXN-11688,CUST-1558,2024-09-03 11:56:06.673334668,11.79,Beauty
TXN-11689,CUST-1678,2024-09-03 15:26:23.596719344,50.05,Books
TXN-11690,CUST-1451,2024-09-03 18:56:40.520104020,36.67,Home & Kitchen
TXN-11691,CUST-1288,2024-09-03 22:26:57.443488700,113.41,Apparel
TXN-11692,CUST-1140,2024-09-04 01:57:14.366873376,27.52,Home & Kitchen
TXN-11693,CUST-1083,2024-09-04 05:27:31.290258052,27.23,Beauty
TXN-11694,CUST-1693,2024-09-04 08:57:48.213642728,25.76,Electronics
TXN-11695,CUST-1390,2024-09-04 12:28:05.137027404,20.07,Books
TXN-11696,CUST-1590,2024-09-04 15:58:22.060412084,37.94,Electronics
TXN-11697,CUST-1214,2024-09-04 19:28:38.983796760,172.82,Beauty
TXN-11698,CUST-1525,2024-09-04 22:58:55.907181436,121.85,Books
TXN-11699,CUST-1214,2024-09-05 02:29:12.830566112,109.67,Home & Kitchen
TXN-11700,CUST-1402,2024-09-05 05:59:29.753950792,129.72,Home & Kitchen
TXN-11701,CUST-1127,2024-09-05 09:29:46.677335468,33.54,Beauty
TXN-11702,CUST-1821,2024-09-05 13:00:03.600720144,173.82,Books
TXN-11703,CUST-1476,2024-09-05 16:30:20.524104820,21.08,Home & Kitchen
TXN-11704,CUST-1759,2024-09-05 20:00:37.447489500,40.75,Beauty
TXN-11705,CUST-1403,2024-09-05 23:30:54.370874176,76.28,Beauty
TXN-11706,CUST-1028,2024-09-06 03:01:11.294258852,18.14,Electronics
TXN-11707,CUST-1791,2024-09-06 06:31:28.217643528,108.24,Home & Kitchen
TXN-11708,CUST-1337,2024-09-06 10:01:45.141028204,46.73,Books
TXN-11709,CUST-1830,2024-09-06 13:32:02.064412884,125.08,Home & Kitchen
TXN-11710,CUST-1713,2024-09-06 17:02:18.987797560,60.93,Home & Kitchen
TXN-11711,CUST-1360,2024-09-06 20:32:35.911182236,24.96,Home & Kitchen
TXN-11712,CUST-1568,2024-09-07 00:02:52.834566912,109.53,Beauty
TXN-11713,CUST-1391,2024-09-07 03:33:09.757951592,31.79,Apparel
TXN-11714,CUST-1217,2024-09-07 07:03:26.681336268,60.62,Apparel
TXN-11715,CUST-1573,2024-09-07 10:33:43.604720944,15.89,Electronics
TXN-11716,CUST-1668,2024-09-07 14:04:00.528105620,82.15,Home & Kitchen
TXN-11717,CUST-1201,2024-09-07 17:34:17.451490300,92.21,Apparel
TXN-11718,CUST-1016,2024-09-07 21:04:34.374874976,45.69,Electronics
TXN-11719,CUST-1321,2024-09-08 00:34:51.298259652,241.63,Beauty
TXN-11720,CUST-1517,2024-09-08 04:05:08.221644328,165.46,Home & Kitchen
TXN-11721,CUST-1569,2024-09-08 07:35:25.145029008,102.31,Books
TXN-11722,CUST-1324,2024-09-08 11:05:42.068413684,103.79,Beauty
TXN-11723,CUST-1411,2024-09-08 14:35:58.991798360,31.82,Electronics
TXN-11724,CUST-1317,2024-09-08 18:06:15.915183036,90.21,Beauty
TXN-11725,CUST-1680,2024-09-08 21:36:32.838567712,26.57,Books
TXN-11726,CUST-1964,2024-09-09 01:06:49.761952392,21.66,Beauty
TXN-11727,CUST-1081,2024-09-09 04:37:06.685337068,575.4,Electronics
TXN-11728,CUST-1473,2024-09-09 08:07:23.608721744,83.04,Books
TXN-11729,CUST-1467,2024-09-09 11:37:40.532106420,52.29,Books
TXN-11730,CUST-1424,2024-09-09 15:07:57.455491100,35.49,Beauty
TXN-11731,CUST-1944,2024-09-09 18:38:14.378875776,79.46,Books
TXN-11732,CUST-1730,2024-09-09 22:08:31.302260452,13.81,Beauty
TXN-11733,CUST-1688,2024-09-10 01:38:48.225645128,17.46,Home & Kitchen
TXN-11734,CUST-1203,2024-09-10 05:09:05.149029808,12.51,Books
TXN-11735,CUST-1582,2024-09-10 08:39:22.072414484,61.86,Beauty
TXN-11736,CUST-1386,2024-09-10 12:09:38.995799160,78.84,Home & Kitchen
TXN-11737,CUST-1777,2024-09-10 15:39:55.919183836,14.84,Books
TXN-11738,CUST-1097,2024-09-10 19:10:12.842568512,105.8,Home & Kitchen
TXN-11739,CUST-1344,2024-09-10 22:40:29.765953192,29.64,Books
TXN-11740,CUST-1802,2024-09-11 02:10:46.689337868,96.69,Electronics
TXN-11741,CUST-1207,2024-09-11 05:41:03.612722544,310.88,Electronics
TXN-11742,CUST-1513,2024-09-11 09:11:20.536107220,98.11,Beauty
TXN-11743,CUST-1635,2024-09-11 12:41:37.459491900,171.04,Apparel
TXN-11744,CUST-1791,2024-09-11 16:11:54.382876576,232.03,Electronics
TXN-11745,CUST-1585,2024-09-11 19:42:11.306261252,60.02,Apparel
TXN-11746,CUST-1165,2024-09-11 23:12:28.229645928,100.88,Home & Kitchen
TXN-11747,CUST-1021,2024-09-12 02:42:45.153030608,153.28,Home & Kitchen
TXN-11748,CUST-1153,2024-09-12 06:13:02.076415284,43.08,Apparel
TXN-11749,CUST-1938,2024-09-12 09:43:18.999799960,32.72,Beauty
TXN-11750,CUST-1438,2024-09-12 13:13:35.923184636,229.74,Books
TXN-11751,CUST-1294,2024-09-12 16:43:52.846569316,107.18,Apparel
TXN-11752,CUST-1218,2024-09-12 20:14:09.769953992,28.6,Apparel
TXN-11753,CUST-1668,2024-09-12 23:44:26.693338668,54.71,Apparel
TXN-11754,CUST-1494,2024-09-13 03:14:43.616723344,129.39,Apparel
TXN-11755,CUST-1229,2024-09-13 06:45:00.540108020,69.4,Apparel
TXN-11756,CUST-1019,2024-09-13 10:15:17.463492700,88.73,Beauty
TXN-11757,CUST-1986,2024-09-13 13:45:34.386877376,115.11,Electronics
TXN-11758,CUST-1552,2024-09-13 17:15:51.310262052,82.97,Books
TXN-11759,CUST-1949,2024-09-13 20:46:08.233646728,68.25,Electronics
TXN-11760,CUST-1147,2024-09-14 00:16:25.157031408,113.86,Apparel
TXN-11761,CUST-1107,2024-09-14 03:46:42.080416084,107.53,Electronics
TXN-11762,CUST-1402,2024-09-14 07:16:59.003800760,84.54,Beauty
TXN-11763,CUST-1595,2024-09-14 10:47:15.927185436,43.45,Home & Kitchen
TXN-11764,CUST-1482,2024-09-14 14:17:32.850570116,49.04,Electronics
TXN-11765,CUST-1366,2024-09-14 17:47:49.773954792,274.1,Books
TXN-11766,CUST-1833,2024-09-14 21:18:06.697339468,18.94,Beauty
TXN-11767,CUST-1413,2024-09-15 00:48:23.620724144,33.45,Home & Kitchen
TXN-11768,CUST-1308,2024-09-15 04:18:40.544108824,60.85,Beauty
TXN-11769,CUST-1801,2024-09-15 07:48:57.467493500,145.93,Apparel
TXN-11770,CUST-1917,2024-09-15 11:19:14.390878176,23.41,Home & Kitchen
TXN-11771,CUST-1834,2024-09-15 14:49:31.314262852,34.32,Books
TXN-11772,CUST-1133,2024-09-15 18:19:48.237647528,15.1,Home & Kitchen
TXN-11773,CUST-1718,2024-09-15 21:50:05.161032208,101.81,Books
TXN-11774,CUST-1282,2024-09-16 01:20:22.084416884,30.41,Apparel
TXN-11775,CUST-1777,2024-09-16 04:50:39.007801560,46.91,Books
TXN-11776,CUST-1072,2024-09-16 08:20:55.931186236,53.98,Beauty
TXN-11777,CUST-1480,2024-09-16 11:51:12.854570916,176.45,Electronics
TXN-11778,CUST-1351,2024-09-16 15:21:29.777955592,49.74,Beauty
TXN-11779,CUST-1559,2024-09-16 18:51:46.701340268,21.77,Beauty
TXN-11780,CUST-1325,2024-09-16 22:22:03.624724944,65.72,Home & Kitchen
TXN-11781,CUST-1744,2024-09-17 01:52:20.548109624,257.18,Apparel
TXN-11782,CUST-1442,2024-09-17 05:22:37.471494300,80.18,Electronics
TXN-11783,CUST-1099,2024-09-17 08:52:54.394878976,317.32,Books
TXN-11784,CUST-1058,2024-09-17 12:23:11.318263652,147.96,Home & Kitchen
TXN-11785,CUST-1507,2024-09-17 15:53:28.241648328,12.75,Apparel
TXN-11786,CUST-1257,2024-09-17 19:23:45.165033008,90.56,Electronics
TXN-11787,CUST-1412,2024-09-17 22:54:02.088417684,35.35,Beauty
TXN-11788,CUST-1451,2024-09-18 02:24:19.011802360,71.51,Apparel
TXN-11789,CUST-1064,2024-09-18 05:54:35.935187036,34.57,Apparel
TXN-11790,CUST-1594,2024-09-18 09:24:52.858571716,42.18,Apparel
TXN-11791,CUST-1153,2024-09-18 12:55:09.781956392,202.46,Beauty
TXN-11792,CUST-1984,2024-09-18 16:25:26.705341068,27.36,Books
TXN-11793,CUST-1265,2024-09-18 19:55:43.628725744,165.43,Home & Kitchen
TXN-11794,CUST-1820,2024-09-18 23:26:00.552110424,12.32,Books
TXN-11795,CUST-1078,2024-09-19 02:56:17.475495100,17.15,Electronics
TXN-11796,CUST-1314,2024-09-19 06:26:34.398879776,154.66,Home & Kitchen
TXN-11797,CUST-1661,2024-09-19 09:56:51.322264452,84.68,Electronics
TXN-11798,CUST-1946,2024-09-19 13:27:08.245649132,113.15,Beauty
TXN-11799,CUST-1559,2024-09-19 16:57:25.169033808,27.62,Books
TXN-11800,CUST-1916,2024-09-19 20:27:42.092418484,67.77,Apparel
TXN-11801,CUST-1890,2024-09-19 23:57:59.015803160,110.23,Home & Kitchen
TXN-11802,CUST-1247,2024-09-20 03:28:15.939187836,84.03,Apparel
TXN-11803,CUST-1789,2024-09-20 06:58:32.862572516,57.86,Electronics
TXN-11804,CUST-1867,2024-09-20 10:28:49.785957192,251.01,Apparel
TXN-11805,CUST-1609,2024-09-20 13:59:06.709341868,94.56,Apparel
TXN-11806,CUST-1413,2024-09-20 17:29:23.632726544,188.74,Beauty
TXN-11807,CUST-1024,2024-09-20 20:59:40.556111224,108.14,Beauty
TXN-11808,CUST-1283,2024-09-21 00:29:57.479495900,109.73,Books
TXN-11809,CUST-1448,2024-09-21 04:00:14.402880576,16.26,Electronics
TXN-11810,CUST-1880,2024-09-21 07:30:31.326265252,43.41,Beauty
TXN-11811,CUST-1300,2024-09-21 11:00:48.249649932,156.59,Beauty
TXN-11812,CUST-1067,2024-09-21 14:31:05.173034608,29.86,Books
TXN-11813,CUST-1006,2024-09-21 18:01:22.096419284,19.21,Home & Kitchen
TXN-11814,CUST-1816,2024-09-21 21:31:39.019803960,39.6,Books
TXN-11815,CUST-1136,2024-09-22 01:01:55.943188640,28.68,Apparel
TXN-11816,CUST-1163,2024-09-22 04:32:12.866573316,204.56,Apparel
TXN-11817,CUST-1082,2024-09-22 08:02:29.789957992,161.85,Beauty
TXN-11818,CUST-1896,2024-09-22 11:32:46.713342668,61.94,Beauty
TXN-11819,CUST-1649,2024-09-22 15:03:03.636727344,14.75,Books
TXN-11820,CUST-1419,2024-09-22 18:33:20.560112024,104.03,Books
TXN-11821,CUST-1072,2024-09-22 22:03:37.483496700,83.25,Electronics
TXN-11822,CUST-1236,2024-09-23 01:33:54.406881376,274.39,Apparel
TXN-11823,CUST-1045,2024-09-23 05:04:11.330266052,71.4,Books
TXN-11824,CUST-1617,2024-09-23 08:34:28.253650732,40.75,Home & Kitchen
TXN-11825,CUST-1927,2024-09-23 12:04:45.177035408,64.89,Electronics
TXN-11826,CUST-1799,2024-09-23 15:35:02.100420084,300.69,Books
TXN-11827,CUST-1261,2024-09-23 19:05:19.023804760,99.39,Beauty
TXN-11828,CUST-1175,2024-09-23 22:35:35.947189440,93.6,Books
TXN-11829,CUST-1165,2024-09-24 02:05:52.870574116,30.65,Beauty
TXN-11830,CUST-1656,2024-09-24 05:36:09.793958792,112.08,Beauty
TXN-11831,CUST-1841,2024-09-24 09:06:26.717343468,114.05,Apparel
TXN-11832,CUST-1369,2024-09-24 12:36:43.640728144,38.63,Apparel
TXN-11833,CUST-1794,2024-09-24 16:07:00.564112824,59.58,Books
TXN-11834,CUST-1053,2024-09-24 19:37:17.487497500,36.17,Books
TXN-11835,CUST-1689,2024-09-24 23:07:34.410882176,32.45,Home & Kitchen
TXN-11836,CUST-1418,2024-09-25 02:37:51.334266852,11.97,Electronics
TXN-11837,CUST-1755,2024-09-25 06:08:08.257651532,35.18,Electronics
TXN-11838,CUST-1506,2024-09-25 09:38:25.181036208,70.55,Books
TXN-11839,CUST-1340,2024-09-25 13:08:42.104420884,10.12,Apparel
TXN-11840,CUST-1126,2024-09-25 16:38:59.027805560,34.97,Home & Kitchen
TXN-11841,CUST-1408,2024-09-25 20:09:15.951190240,169.91,Electronics
TXN-11842,CUST-1923,2024-09-25 23:39:32.874574916,77.54,Books
TXN-11843,CUST-1366,2024-09-26 03:09:49.797959592,80.21,Apparel
TXN-11844,CUST-1270,2024-09-26 06:40:06.721344268,48.73,Apparel
TXN-11845,CUST-1643,2024-09-26 10:10:23.644728948,94.64,Apparel
TXN-11846,CUST-1604,2024-09-26 13:40:40.568113624,25.8,Beauty
TXN-11847,CUST-1378,2024-09-26 17:10:57.491498300,138.09,Apparel
TXN-11848,CUST-1072,2024-09-26 20:41:14.414882976,19.31,Books
TXN-11849,CUST-1922,2024-09-27 00:11:31.338267652,90.03,Home & Kitchen
TXN-11850,CUST-1921,2024-09-27 03:41:48.261652332,41.29,Books
TXN-11851,CUST-1914,2024-09-27 07:12:05.185037008,113.23,Apparel
TXN-11852,CUST-1247,2024-09-27 10:42:22.108421684,69.85,Home & Kitchen
TXN-11853,CUST-1859,2024-09-27 14:12:39.031806360,55.16,Electronics
TXN-11854,CUST-1784,2024-09-27 17:42:55.955191040,23.92,Electronics
TXN-11855,CUST-1042,2024-09-27 21:13:12.878575716,85.96,Books
TXN-11856,CUST-1376,2024-09-28 00:43:29.801960392,285.98,Home & Kitchen
TXN-11857,CUST-1040,2024-09-28 04:13:46.725345068,140.98,Books
TXN-11858,CUST-1169,2024-09-28 07:44:03.648729748,14.64,Home & Kitchen
TXN-11859,CUST-1945,2024-09-28 11:14:20.572114424,45.4,Home & Kitchen
TXN-11860,CUST-1211,2024-09-28 14:44:37.495499100,204.86,Books
TXN-11861,CUST-1492,2024-09-28 18:14:54.418883776,62.44,Home & Kitchen
TXN-11862,CUST-1679,2024-09-28 21:45:11.342268452,91.38,Apparel
TXN-11863,CUST-1038,2024-09-29 01:15:28.265653132,192.79,Home & Kitchen
TXN-11864,CUST-1368,2024-09-29 04:45:45.189037808,165.24,Home & Kitchen
TXN-11865,CUST-1756,2024-09-29 08:16:02.112422484,62.26,Books
TXN-11866,CUST-1150,2024-09-29 11:46:19.035807160,53.17,Electronics
TXN-11867,CUST-1110,2024-09-29 15:16:35.959191840,41.13,Beauty
TXN-11868,CUST-1479,2024-09-29 18:46:52.882576516,105.21,Home & Kitchen
TXN-11869,CUST-1435,2024-09-29 22:17:09.805961192,35.37,Beauty
TXN-11870,CUST-1046,2024-09-30 01:47:26.729345868,31.56,Home & Kitchen
TXN-11871,CUST-1574,2024-09-30 05:17:43.652730548,43.03,Books
TXN-11872,CUST-1736,2024-09-30 08:48:00.576115224,24.63,Books
TXN-11873,CUST-1365,2024-09-30 12:18:17.499499900,99.09,Home & Kitchen
TXN-11874,CUST-1068,2024-09-30 15:48:34.422884576,81.83,Books
TXN-11875,CUST-1298,2024-09-30 19:18:51.346269256,59.46,Books
TXN-11876,CUST-1943,2024-09-30 22:49:08.269653932,47.11,Home & Kitchen
TXN-11877,CUST-1801,2024-10-01 02:19:25.193038608,189.82,Electronics
TXN-11878,CUST-1295,2024-10-01 05:49:42.116423284,12.22,Home & Kitchen
TXN-11879,CUST-1202,2024-10-01 09:19:59.039807960,119.94,Electronics
TXN-11880,CUST-1060,2024-10-01 12:50:15.963192640,184.14,Books
TXN-11881,CUST-1945,2024-10-01 16:20:32.886577316,54.34,Electronics
TXN-11882,CUST-1962,2024-10-01 19:50:49.809961992,70.0,Books
TXN-11883,CUST-1829,2024-10-01 23:21:06.733346668,226.8,Electronics
TXN-11884,CUST-1313,2024-10-02 02:51:23.656731348,27.9,Electronics
TXN-11885,CUST-1160,2024-10-02 06:21:40.580116024,65.07,Home & Kitchen
TXN-11886,CUST-1330,2024-10-02 09:51:57.503500700,58.29,Electronics
TXN-11887,CUST-1527,2024-10-02 13:22:14.426885376,32.42,Books
TXN-11888,CUST-1337,2024-10-02 16:52:31.350270056,138.03,Home & Kitchen
TXN-11889,CUST-1605,2024-10-02 20:22:48.273654732,182.39,Electronics
TXN-11890,CUST-1303,2024-10-02 23:53:05.197039408,124.22,Home & Kitchen
TXN-11891,CUST-1502,2024-10-03 03:23:22.120424084,26.3,Beauty
TXN-11892,CUST-1649,2024-10-03 06:53:39.043808764,16.81,Home & Kitchen
TXN-11893,CUST-1337,2024-10-03 10:23:55.967193440,79.75,Beauty
TXN-11894,CUST-1549,2024-10-03 13:54:12.890578116,14.41,Beauty
TXN-11895,CUST-1638,2024-10-03 17:24:29.813962792,93.79,Home & Kitchen
TXN-11896,CUST-1274,2024-10-03 20:54:46.737347468,66.69,Books
TXN-11897,CUST-1163,2024-10-04 00:25:03.660732148,91.53,Books
TXN-11898,CUST-1442,2024-10-04 03:55:20.584116824,76.9,Books
TXN-11899,CUST-1318,2024-10-04 07:25:37.507501500,51.2,Apparel
TXN-11900,CUST-1588,2024-10-04 10:55:54.430886176,26.82,Beauty
TXN-11901,CUST-1503,2024-10-04 14:26:11.354270856,37.36,Home & Kitchen
TXN-11902,CUST-1685,2024-10-04 17:56:28.277655532,65.75,Books
TXN-11903,CUST-1386,2024-10-04 21:26:45.201040208,89.14,Books
TXN-11904,CUST-1969,2024-10-05 00:57:02.124424884,123.38,Home & Kitchen
TXN-11905,CUST-1869,2024-10-05 04:27:19.047809564,119.31,Beauty
TXN-11906,CUST-1832,2024-10-05 07:57:35.971194240,280.03,Home & Kitchen
TXN-11907,CUST-1887,2024-10-05 11:27:52.894578916,35.25,Apparel
TXN-11908,CUST-1602,2024-10-05 14:58:09.817963592,15.53,Apparel
TXN-11909,CUST-1749,2024-10-05 18:28:26.741348268,41.81,Home & Kitchen
TXN-11910,CUST-1775,2024-10-05 21:58:43.664732948,111.99,Beauty
TXN-11911,CUST-1690,2024-10-06 01:29:00.588117624,53.23,Books
TXN-11912,CUST-1493,2024-10-06 04:59:17.511502300,137.69,Apparel
TXN-11913,CUST-1489,2024-10-06 08:29:34.434886976,69.78,Apparel
TXN-11914,CUST-1720,2024-10-06 11:59:51.358271656,209.22,Beauty
TXN-11915,CUST-1072,2024-10-06 15:30:08.281656332,231.54,Apparel
TXN-11916,CUST-1508,2024-10-06 19:00:25.205041008,15.39,Apparel
TXN-11917,CUST-1389,2024-10-06 22:30:42.128425684,55.72,Beauty
TXN-11918,CUST-1618,2024-10-07 02:00:59.051810364,80.56,Home & Kitchen
TXN-11919,CUST-1856,2024-10-07 05:31:15.975195040,32.17,Books
TXN-11920,CUST-1294,2024-10-07 09:01:32.898579716,49.2,Books
TXN-11921,CUST-1368,2024-10-07 12:31:49.821964392,94.92,Apparel
TXN-11922,CUST-1955,2024-10-07 16:02:06.745349072,29.28,Books
TXN-11923,CUST-1795,2024-10-07 19:32:23.668733748,79.09,Home & Kitchen
TXN-11924,CUST-1864,2024-10-07 23:02:40.592118424,99.66,Apparel
TXN-11925,CUST-1693,2024-10-08 02:32:57.515503100,17.11,Books
TXN-11926,CUST-1548,2024-10-08 06:03:14.438887776,61.62,Electronics
TXN-11927,CUST-1648,2024-10-08 09:33:31.362272456,32.9,Electronics
TXN-11928,CUST-1849,2024-10-08 13:03:48.285657132,106.66,Electronics
TXN-11929,CUST-1567,2024-10-08 16:34:05.209041808,25.76,Electronics
TXN-11930,CUST-1186,2024-10-08 20:04:22.132426484,177.09,Electronics
TXN-11931,CUST-1852,2024-10-08 23:34:39.055811164,52.28,Apparel
TXN-11932,CUST-1769,2024-10-09 03:04:55.979195840,26.55,Beauty
TXN-11933,CUST-1444,2024-10-09 06:35:12.902580516,53.22,Beauty
TXN-11934,CUST-1569,2024-10-09 10:05:29.825965192,49.41,Apparel
TXN-11935,CUST-1362,2024-10-09 13:35:46.749349872,52.02,Apparel
TXN-11936,CUST-1122,2024-10-09 17:06:03.672734548,76.06,Home & Kitchen
TXN-11937,CUST-1187,2024-10-09 20:36:20.596119224,65.23,Beauty
TXN-11938,CUST-1741,2024-10-10 00:06:37.519503900,22.17,Electronics
TXN-11939,CUST-1679,2024-10-10 03:36:54.442888580,15.09,Apparel
TXN-11940,CUST-1419,2024-10-10 07:07:11.366273256,108.04,Electronics
TXN-11941,CUST-1625,2024-10-10 10:37:28.289657932,71.53,Beauty
TXN-11942,CUST-1251,2024-10-10 14:07:45.213042608,43.35,Books
TXN-11943,CUST-1618,2024-10-10 17:38:02.136427284,133.91,Books
TXN-11944,CUST-1548,2024-10-10 21:08:19.059811964,46.83,Apparel
TXN-11945,CUST-1334,2024-10-11 00:38:35.983196640,129.21,Home & Kitchen
TXN-11946,CUST-1091,2024-10-11 04:08:52.906581316,37.37,Electronics
TXN-11947,CUST-1529,2024-10-11 07:39:09.829965992,15.67,Apparel
TXN-11948,CUST-1865,2024-10-11 11:09:26.753350672,212.33,Home & Kitchen
TXN-11949,CUST-1062,2024-10-11 14:39:43.676735348,47.63,Electronics
TXN-11950,CUST-1661,2024-10-11 18:10:00.600120024,128.02,Beauty
TXN-11951,CUST-1511,2024-10-11 21:40:17.523504700,34.55,Books
TXN-11952,CUST-1138,2024-10-12 01:10:34.446889380,87.96,Home & Kitchen
TXN-11953,CUST-1697,2024-10-12 04:40:51.370274056,164.95,Electronics
TXN-11954,CUST-1184,2024-10-12 08:11:08.293658732,13.19,Apparel
TXN-11955,CUST-1204,2024-10-12 11:41:25.217043408,143.18,Electronics
TXN-11956,CUST-1771,2024-10-12 15:11:42.140428084,73.53,Apparel
TXN-11957,CUST-1213,2024-10-12 18:41:59.063812764,80.14,Books
TXN-11958,CUST-1255,2024-10-12 22:12:15.987197440,65.54,Books
TXN-11959,CUST-1134,2024-10-13 01:42:32.910582116,165.64,Electronics
TXN-11960,CUST-1572,2024-10-13 05:12:49.833966792,13.33,Electronics
TXN-11961,CUST-1874,2024-10-13 08:43:06.757351472,32.69,Apparel
TXN-11962,CUST-1821,2024-10-13 12:13:23.680736148,166.42,Apparel
TXN-11963,CUST-1087,2024-10-13 15:43:40.604120824,114.68,Home & Kitchen
TXN-11964,CUST-1835,2024-10-13 19:13:57.527505500,11.34,Home & Kitchen
TXN-11965,CUST-1987,2024-10-13 22:44:14.450890180,64.58,Home & Kitchen
TXN-11966,CUST-1206,2024-10-14 02:14:31.374274856,66.56,Electronics
TXN-11967,CUST-1128,2024-10-14 05:44:48.297659532,48.42,Home & Kitchen
TXN-11968,CUST-1822,2024-10-14 09:15:05.221044208,36.47,Electronics
TXN-11969,CUST-1002,2024-10-14 12:45:22.144428888,95.86,Books
TXN-11970,CUST-1973,2024-10-14 16:15:39.067813564,27.47,Beauty
TXN-11971,CUST-1933,2024-10-14 19:45:55.991198240,130.31,Books
TXN-11972,CUST-1753,2024-10-14 23:16:12.914582916,131.86,Electronics
TXN-11973,CUST-1120,2024-10-15 02:46:29.837967592,50.24,Electronics
TXN-11974,CUST-1384,2024-10-15 06:16:46.761352272,35.01,Beauty
TXN-11975,CUST-1613,2024-10-15 09:47:03.684736948,35.04,Apparel
TXN-11976,CUST-1037,2024-10-15 13:17:20.608121624,59.38,Apparel
TXN-11977,CUST-1340,2024-10-15 16:47:37.531506300,105.36,Apparel
TXN-11978,CUST-1924,2024-10-15 20:17:54.454890980,43.34,Home & Kitchen
TXN-11979,CUST-1644,2024-10-15 23:48:11.378275656,80.63,Apparel
TXN-11980,CUST-1713,2024-10-16 03:18:28.301660332,46.15,Home & Kitchen
TXN-11981,CUST-1859,2024-10-16 06:48:45.225045008,37.24,Home & Kitchen
TXN-11982,CUST-1020,2024-10-16 10:19:02.148429688,11.89,Apparel
TXN-11983,CUST-1241,2024-10-16 13:49:19.071814364,10.29,Apparel
TXN-11984,CUST-1454,2024-10-16 17:19:35.995199040,29.33,Beauty
TXN-11985,CUST-1962,2024-10-16 20:49:52.918583716,49.12,Beauty
TXN-11986,CUST-1620,2024-10-17 00:20:09.841968392,152.92,Home & Kitchen
TXN-11987,CUST-1302,2024-10-17 03:50:26.765353072,130.14,Beauty
TXN-11988,CUST-1595,2024-10-17 07:20:43.688737748,33.31,Home & Kitchen
TXN-11989,CUST-1594,2024-10-17 10:51:00.612122424,31.03,Electronics
TXN-11990,CUST-1802,2024-10-17 14:21:17.535507100,29.34,Home & Kitchen
TXN-11991,CUST-1963,2024-10-17 17:51:34.458891780,41.08,Home & Kitchen
TXN-11992,CUST-1068,2024-10-17 21:21:51.382276456,61.72,Beauty
TXN-11993,CUST-1128,2024-10-18 00:52:08.305661132,53.31,Electronics
TXN-11994,CUST-1195,2024-10-18 04:22:25.229045808,28.47,Books
TXN-11995,CUST-1139,2024-10-18 07:52:42.152430488,20.48,Books
TXN-11996,CUST-1443,2024-10-18 11:22:59.075815164,10.95,Books
TXN-11997,CUST-1282,2024-10-18 14:53:15.999199840,22.54,Electronics
TXN-11998,CUST-1311,2024-10-18 18:23:32.922584516,101.65,Apparel
TXN-11999,CUST-1745,2024-10-18 21:53:49.845969196,30.94,Electronics
TXN-12000,CUST-1534,2024-10-19 01:24:06.769353872,57.42,Beauty
TXN-12001,CUST-1664,2024-10-19 04:54:23.692738548,77.11,Home & Kitchen
TXN-12002,CUST-1276,2024-10-19 08:24:40.616123224,173.42,Home & Kitchen
TXN-12003,CUST-1060,2024-10-19 11:54:57.539507900,174.77,Beauty
TXN-12004,CUST-1318,2024-10-19 15:25:14.462892580,112.7,Beauty
TXN-12005,CUST-1889,2024-10-19 18:55:31.386277256,12.68,Home & Kitchen
TXN-12006,CUST-1051,2024-10-19 22:25:48.309661932,74.19,Apparel
TXN-12007,CUST-1855,2024-10-20 01:56:05.233046608,125.84,Apparel
TXN-12008,CUST-1152,2024-10-20 05:26:22.156431288,11.31,Apparel
TXN-12009,CUST-1748,2024-10-20 08:56:39.079815964,69.84,Beauty
TXN-12010,CUST-1310,2024-10-20 12:26:56.003200640,156.27,Home & Kitchen
TXN-12011,CUST-1813,2024-10-20 15:57:12.926585316,58.2,Home & Kitchen
TXN-12012,CUST-1543,2024-10-20 19:27:29.849969996,10.31,Home & Kitchen
TXN-12013,CUST-1566,2024-10-20 22:57:46.773354672,10.83,Electronics
TXN-12014,CUST-1863,2024-10-21 02:28:03.696739348,50.42,Electronics
TXN-12015,CUST-1388,2024-10-21 05:58:20.620124024,22.63,Books
TXN-12016,CUST-1547,2024-10-21 09:28:37.543508704,91.9,Electronics
TXN-12017,CUST-1621,2024-10-21 12:58:54.466893380,102.53,Apparel
TXN-12018,CUST-1176,2024-10-21 16:29:11.390278056,24.69,Apparel
TXN-12019,CUST-1361,2024-10-21 19:59:28.313662732,174.55,Apparel
TXN-12020,CUST-1313,2024-10-21 23:29:45.237047408,53.74,Apparel
TXN-12021,CUST-1806,2024-10-22 03:00:02.160432088,21.56,Books
TXN-12022,CUST-1847,2024-10-22 06:30:19.083816764,118.37,Apparel
TXN-12023,CUST-1096,2024-10-22 10:00:36.007201440,127.04,Beauty
TXN-12024,CUST-1880,2024-10-22 13:30:52.930586116,86.48,Beauty
TXN-12025,CUST-1212,2024-10-22 17:01:09.853970796,154.04,Beauty
TXN-12026,CUST-1828,2024-10-22 20:31:26.777355472,110.28,Electronics
TXN-12027,CUST-1136,2024-10-23 00:01:43.700740148,170.41,Home & Kitchen
TXN-12028,CUST-1005,2024-10-23 03:32:00.624124824,52.67,Books
TXN-12029,CUST-1108,2024-10-23 07:02:17.547509504,113.25,Beauty
TXN-12030,CUST-1546,2024-10-23 10:32:34.470894180,632.52,Beauty
TXN-12031,CUST-1038,2024-10-23 14:02:51.394278856,106.81,Apparel
TXN-12032,CUST-1661,2024-10-23 17:33:08.317663532,19.09,Beauty
TXN-12033,CUST-1424,2024-10-23 21:03:25.241048208,64.79,Apparel
TXN-12034,CUST-1629,2024-10-24 00:33:42.164432888,76.39,Apparel
TXN-12035,CUST-1260,2024-10-24 04:03:59.087817564,24.36,Home & Kitchen
TXN-12036,CUST-1425,2024-10-24 07:34:16.011202240,257.04,Electronics
TXN-12037,CUST-1086,2024-10-24 11:04:32.934586916,24.48,Apparel
TXN-12038,CUST-1464,2024-10-24 14:34:49.857971596,24.66,Apparel
TXN-12039,CUST-1075,2024-10-24 18:05:06.781356272,195.03,Home & Kitchen
TXN-12040,CUST-1470,2024-10-24 21:35:23.704740948,56.94,Apparel
TXN-12041,CUST-1975,2024-10-25 01:05:40.628125624,14.9,Books
TXN-12042,CUST-1962,2024-10-25 04:35:57.551510304,78.38,Electronics
TXN-12043,CUST-1413,2024-10-25 08:06:14.474894980,79.07,Books
TXN-12044,CUST-1824,2024-10-25 11:36:31.398279656,15.0,Beauty
TXN-12045,CUST-1894,2024-10-25 15:06:48.321664332,279.58,Electronics
TXN-12046,CUST-1725,2024-10-25 18:37:05.245049012,68.9,Beauty
TXN-12047,CUST-1456,2024-10-25 22:07:22.168433688,71.54,Apparel
TXN-12048,CUST-1284,2024-10-26 01:37:39.091818364,65.07,Home & Kitchen
TXN-12049,CUST-1238,2024-10-26 05:07:56.015203040,80.76,Books
TXN-12050,CUST-1676,2024-10-26 08:38:12.938587716,33.02,Beauty
TXN-12051,CUST-1598,2024-10-26 12:08:29.861972396,35.4,Apparel
TXN-12052,CUST-1652,2024-10-26 15:38:46.785357072,63.71,Books
TXN-12053,CUST-1671,2024-10-26 19:09:03.708741748,133.26,Books
TXN-12054,CUST-1557,2024-10-26 22:39:20.632126424,13.84,Beauty
TXN-12055,CUST-1371,2024-10-27 02:09:37.555511104,79.36,Apparel
TXN-12056,CUST-1494,2024-10-27 05:39:54.478895780,133.29,Home & Kitchen
TXN-12057,CUST-1623,2024-10-27 09:10:11.402280456,22.8,Beauty
TXN-12058,CUST-1918,2024-10-27 12:40:28.325665132,11.14,Books
TXN-12059,CUST-1044,2024-10-27 16:10:45.249049812,38.13,Books
TXN-12060,CUST-1400,2024-10-27 19:41:02.172434488,76.53,Electronics
TXN-12061,CUST-1246,2024-10-27 23:11:19.095819164,21.16,Apparel
TXN-12062,CUST-1615,2024-10-28 02:41:36.019203840,51.65,Electronics
TXN-12063,CUST-1596,2024-10-28 06:11:52.942588520,70.28,Home & Kitchen
TXN-12064,CUST-1449,2024-10-28 09:42:09.865973196,78.51,Beauty
TXN-12065,CUST-1484,2024-10-28 13:12:26.789357872,34.06,Books
TXN-12066,CUST-1645,2024-10-28 16:42:43.712742548,48.32,Apparel
TXN-12067,CUST-1619,2024-10-28 20:13:00.636127224,123.0,Books
TXN-12068,CUST-1017,2024-10-28 23:43:17.559511904,222.54,Electronics
TXN-12069,CUST-1605,2024-10-29 03:13:34.482896580,158.47,Electronics
TXN-12070,CUST-1661,2024-10-29 06:43:51.406281256,72.31,Beauty
TXN-12071,CUST-1757,2024-10-29 10:14:08.329665932,49.61,Apparel
TXN-12072,CUST-1288,2024-10-29 13:44:25.253050612,40.37,Apparel
TXN-12073,CUST-1413,2024-10-29 17:14:42.176435288,20.01,Beauty
TXN-12074,CUST-1720,2024-10-29 20:44:59.099819964,18.45,Electronics
TXN-12075,CUST-1637,2024-10-30 00:15:16.023204640,97.44,Electronics
TXN-12076,CUST-1234,2024-10-30 03:45:32.946589320,32.56,Electronics
TXN-12077,CUST-1415,2024-10-30 07:15:49.869973996,32.04,Books
TXN-12078,CUST-1937,2024-10-30 10:46:06.793358672,483.79,Home & Kitchen
TXN-12079,CUST-1498,2024-10-30 14:16:23.716743348,25.61,Electronics
TXN-12080,CUST-1973,2024-10-30 17:46:40.640128024,22.02,Home & Kitchen
TXN-12081,CUST-1633,2024-10-30 21:16:57.563512704,17.79,Home & Kitchen
TXN-12082,CUST-1649,2024-10-31 00:47:14.486897380,75.03,Apparel
TXN-12083,CUST-1114,2024-10-31 04:17:31.410282056,84.14,Beauty
TXN-12084,CUST-1931,2024-10-31 07:47:48.333666732,44.09,Books
TXN-12085,CUST-1673,2024-10-31 11:18:05.257051412,67.5,Home & Kitchen
TXN-12086,CUST-1712,2024-10-31 14:48:22.180436088,126.48,Books
TXN-12087,CUST-1233,2024-10-31 18:18:39.103820764,137.82,Apparel
TXN-12088,CUST-1539,2024-10-31 21:48:56.027205440,247.6,Electronics
TXN-12089,CUST-1010,2024-11-01 01:19:12.950590120,140.41,Home & Kitchen
TXN-12090,CUST-1205,2024-11-01 04:49:29.873974796,72.4,Beauty
TXN-12091,CUST-1678,2024-11-01 08:19:46.797359472,24.85,Apparel
TXN-12092,CUST-1246,2024-11-01 11:50:03.720744148,17.88,Books
TXN-12093,CUST-1558,2024-11-01 15:20:20.644128828,14.2,Electronics
TXN-12094,CUST-1757,2024-11-01 18:50:37.567513504,92.36,Books
TXN-12095,CUST-1126,2024-11-01 22:20:54.490898180,133.59,Beauty
TXN-12096,CUST-1146,2024-11-02 01:51:11.414282856,63.3,Home & Kitchen
TXN-12097,CUST-1117,2024-11-02 05:21:28.337667532,14.22,Beauty
TXN-12098,CUST-1910,2024-11-02 08:51:45.261052212,67.5,Books
TXN-12099,CUST-1381,2024-11-02 12:22:02.184436888,215.87,Books
TXN-12100,CUST-1411,2024-11-02 15:52:19.107821564,78.28,Beauty
TXN-12101,CUST-1663,2024-11-02 19:22:36.031206240,134.33,Beauty
TXN-12102,CUST-1583,2024-11-02 22:52:52.954590920,130.77,Beauty
TXN-12103,CUST-1362,2024-11-03 02:23:09.877975596,211.76,Electronics
TXN-12104,CUST-1508,2024-11-03 05:53:26.801360272,120.3,Books
TXN-12105,CUST-1136,2024-11-03 09:23:43.724744948,113.29,Apparel
TXN-12106,CUST-1174,2024-11-03 12:54:00.648129628,30.0,Electronics
TXN-12107,CUST-1288,2024-11-03 16:24:17.571514304,14.63,Electronics
TXN-12108,CUST-1957,2024-11-03 19:54:34.494898980,64.67,Electronics
TXN-12109,CUST-1480,2024-11-03 23:24:51.418283656,19.97,Apparel
TXN-12110,CUST-1018,2024-11-04 02:55:08.341668336,255.65,Beauty
TXN-12111,CUST-1194,2024-11-04 06:25:25.265053012,35.68,Books
TXN-12112,CUST-1329,2024-11-04 09:55:42.188437688,153.77,Home & Kitchen
TXN-12113,CUST-1935,2024-11-04 13:25:59.111822364,46.78,Home & Kitchen
TXN-12114,CUST-1174,2024-11-04 16:56:16.035207040,39.28,Books
TXN-12115,CUST-1448,2024-11-04 20:26:32.958591720,215.19,Apparel
TXN-12116,CUST-1924,2024-11-04 23:56:49.881976396,43.86,Home & Kitchen
TXN-12117,CUST-1945,2024-11-05 03:27:06.805361072,47.11,Electronics
TXN-12118,CUST-1353,2024-11-05 06:57:23.728745748,18.41,Home & Kitchen
TXN-12119,CUST-1498,2024-11-05 10:27:40.652130428,93.25,Books
TXN-12120,CUST-1140,2024-11-05 13:57:57.575515104,35.56,Electronics
TXN-12121,CUST-1757,2024-11-05 17:28:14.498899780,76.07,Home & Kitchen
TXN-12122,CUST-1896,2024-11-05 20:58:31.422284456,77.12,Books
TXN-12123,CUST-1929,2024-11-06 00:28:48.345669136,105.26,Apparel
TXN-12124,CUST-1092,2024-11-06 03:59:05.269053812,112.56,Books
TXN-12125,CUST-1943,2024-11-06 07:29:22.192438488,64.19,Apparel
TXN-12126,CUST-1238,2024-11-06 10:59:39.115823164,40.15,Electronics
TXN-12127,CUST-1204,2024-11-06 14:29:56.039207840,146.26,Books
TXN-12128,CUST-1559,2024-11-06 18:00:12.962592520,37.82,Beauty
TXN-12129,CUST-1432,2024-11-06 21:30:29.885977196,63.12,Beauty
TXN-12130,CUST-1244,2024-11-07 01:00:46.809361872,48.47,Beauty
TXN-12131,CUST-1831,2024-11-07 04:31:03.732746548,154.87,Beauty
TXN-12132,CUST-1316,2024-11-07 08:01:20.656131228,52.41,Beauty
TXN-12133,CUST-1924,2024-11-07 11:31:37.579515904,46.59,Apparel
TXN-12134,CUST-1294,2024-11-07 15:01:54.502900580,97.8,Books
TXN-12135,CUST-1639,2024-11-07 18:32:11.426285256,79.18,Electronics
TXN-12136,CUST-1855,2024-11-07 22:02:28.349669936,18.51,Beauty
TXN-12137,CUST-1281,2024-11-08 01:32:45.273054612,63.22,Beauty
TXN-12138,CUST-1016,2024-11-08 05:03:02.196439288,109.74,Electronics
TXN-12139,CUST-1070,2024-11-08 08:33:19.119823964,372.83,Electronics
TXN-12140,CUST-1268,2024-11-08 12:03:36.043208644,84.4,Beauty
TXN-12141,CUST-1324,2024-11-08 15:33:52.966593320,44.69,Apparel
TXN-12142,CUST-1793,2024-11-08 19:04:09.889977996,29.23,Electronics
TXN-12143,CUST-1304,2024-11-08 22:34:26.813362672,164.67,Books
TXN-12144,CUST-1450,2024-11-09 02:04:43.736747348,136.38,Books
TXN-12145,CUST-1006,2024-11-09 05:35:00.660132028,29.99,Apparel
TXN-12146,CUST-1313,2024-11-09 09:05:17.583516704,26.8,Home & Kitchen
TXN-12147,CUST-1816,2024-11-09 12:35:34.506901380,104.18,Apparel
TXN-12148,CUST-1102,2024-11-09 16:05:51.430286056,38.37,Beauty
TXN-12149,CUST-1820,2024-11-09 19:36:08.353670736,37.44,Home & Kitchen
TXN-12150,CUST-1192,2024-11-09 23:06:25.277055412,22.39,Beauty
TXN-12151,CUST-1752,2024-11-10 02:36:42.200440088,32.99,Books
TXN-12152,CUST-1573,2024-11-10 06:06:59.123824764,51.83,Electronics
TXN-12153,CUST-1528,2024-11-10 09:37:16.047209444,108.99,Beauty
TXN-12154,CUST-1170,2024-11-10 13:07:32.970594120,40.75,Books
TXN-12155,CUST-1536,2024-11-10 16:37:49.893978796,39.88,Apparel
TXN-12156,CUST-1250,2024-11-10 20:08:06.817363472,35.15,Beauty
TXN-12157,CUST-1764,2024-11-10 23:38:23.740748148,58.8,Books
TXN-12158,CUST-1386,2024-11-11 03:08:40.664132828,24.94,Electronics
TXN-12159,CUST-1206,2024-11-11 06:38:57.587517504,59.86,Beauty
TXN-12160,CUST-1540,2024-11-11 10:09:14.510902180,101.35,Books
TXN-12161,CUST-1628,2024-11-11 13:39:31.434286856,12.27,Beauty
TXN-12162,CUST-1415,2024-11-11 17:09:48.357671536,10.74,Electronics
TXN-12163,CUST-1793,2024-11-11 20:40:05.281056212,15.86,Beauty
TXN-12164,CUST-1379,2024-11-12 00:10:22.204440888,67.54,Beauty
TXN-12165,CUST-1143,2024-11-12 03:40:39.127825564,154.55,Books
TXN-12166,CUST-1024,2024-11-12 07:10:56.051210244,10.37,Home & Kitchen
TXN-12167,CUST-1821,2024-11-12 10:41:12.974594920,216.94,Beauty
TXN-12168,CUST-1667,2024-11-12 14:11:29.897979596,18.43,Home & Kitchen
TXN-12169,CUST-1072,2024-11-12 17:41:46.821364272,148.38,Apparel
TXN-12170,CUST-1631,2024-11-12 21:12:03.744748952,59.46,Beauty
TXN-12171,CUST-1823,2024-11-13 00:42:20.668133628,90.77,Home & Kitchen
TXN-12172,CUST-1832,2024-11-13 04:12:37.591518304,63.61,Apparel
TXN-12173,CUST-1092,2024-11-13 07:42:54.514902980,58.62,Books
TXN-12174,CUST-1504,2024-11-13 11:13:11.438287656,145.09,Beauty
TXN-12175,CUST-1597,2024-11-13 14:43:28.361672336,115.76,Books
TXN-12176,CUST-1335,2024-11-13 18:13:45.285057012,59.54,Apparel
TXN-12177,CUST-1424,2024-11-13 21:44:02.208441688,18.88,Books
TXN-12178,CUST-1498,2024-11-14 01:14:19.131826364,19.2,Books
TXN-12179,CUST-1363,2024-11-14 04:44:36.055211044,131.29,Electronics
TXN-12180,CUST-1946,2024-11-14 08:14:52.978595720,66.53,Apparel
TXN-12181,CUST-1629,2024-11-14 11:45:09.901980396,59.27,Books
TXN-12182,CUST-1744,2024-11-14 15:15:26.825365072,95.59,Home & Kitchen
TXN-12183,CUST-1198,2024-11-14 18:45:43.748749752,156.84,Apparel
TXN-12184,CUST-1717,2024-11-14 22:16:00.672134428,84.34,Electronics
TXN-12185,CUST-1412,2024-11-15 01:46:17.595519104,117.93,Beauty
TXN-12186,CUST-1338,2024-11-15 05:16:34.518903780,118.7,Books
TXN-12187,CUST-1658,2024-11-15 08:46:51.442288460,43.03,Home & Kitchen
TXN-12188,CUST-1961,2024-11-15 12:17:08.365673136,34.02,Electronics
TXN-12189,CUST-1936,2024-11-15 15:47:25.289057812,131.15,Apparel
TXN-12190,CUST-1428,2024-11-15 19:17:42.212442488,45.51,Books
TXN-12191,CUST-1782,2024-11-15 22:47:59.135827164,185.24,Electronics
TXN-12192,CUST-1898,2024-11-16 02:18:16.059211844,15.42,Electronics
TXN-12193,CUST-1138,2024-11-16 05:48:32.982596520,14.5,Home & Kitchen
TXN-12194,CUST-1692,2024-11-16 09:18:49.905981196,206.3,Beauty
TXN-12195,CUST-1941,2024-11-16 12:49:06.829365872,88.41,Beauty
TXN-12196,CUST-1541,2024-11-16 16:19:23.752750552,45.8,Beauty
TXN-12197,CUST-1056,2024-11-16 19:49:40.676135228,115.51,Apparel
TXN-12198,CUST-1231,2024-11-16 23:19:57.599519904,93.68,Electronics
TXN-12199,CUST-1657,2024-11-17 02:50:14.522904580,66.82,Apparel
TXN-12200,CUST-1434,2024-11-17 06:20:31.446289260,17.81,Electronics
TXN-12201,CUST-1383,2024-11-17 09:50:48.369673936,135.42,Home & Kitchen
TXN-12202,CUST-1559,2024-11-17 13:21:05.293058612,160.76,Home & Kitchen
TXN-12203,CUST-1193,2024-11-17 16:51:22.216443288,24.17,Apparel
TXN-12204,CUST-1735,2024-11-17 20:21:39.139827964,152.54,Apparel
TXN-12205,CUST-1647,2024-11-17 23:51:56.063212644,167.69,Home & Kitchen
TXN-12206,CUST-1533,2024-11-18 03:22:12.986597320,69.79,Books
TXN-12207,CUST-1517,2024-11-18 06:52:29.909981996,90.07,Beauty
TXN-12208,CUST-1715,2024-11-18 10:22:46.833366672,46.12,Beauty
TXN-12209,CUST-1750,2024-11-18 13:53:03.756751352,34.82,Home & Kitchen
TXN-12210,CUST-1184,2024-11-18 17:23:20.680136028,106.01,Beauty
TXN-12211,CUST-1871,2024-11-18 20:53:37.603520704,158.47,Books
TXN-12212,CUST-1291,2024-11-19 00:23:54.526905380,89.62,Books
TXN-12213,CUST-1334,2024-11-19 03:54:11.450290060,63.75,Electronics
TXN-12214,CUST-1731,2024-11-19 07:24:28.373674736,22.98,Apparel
TXN-12215,CUST-1115,2024-11-19 10:54:45.297059412,14.12,Beauty
TXN-12216,CUST-1824,2024-11-19 14:25:02.220444088,54.25,Books
TXN-12217,CUST-1048,2024-11-19 17:55:19.143828768,13.8,Apparel
TXN-12218,CUST-1684,2024-11-19 21:25:36.067213444,73.18,Apparel
TXN-12219,CUST-1081,2024-11-20 00:55:52.990598120,46.18,Electronics
TXN-12220,CUST-1833,2024-11-20 04:26:09.913982796,116.16,Apparel
TXN-12221,CUST-1332,2024-11-20 07:56:26.837367472,37.36,Apparel
TXN-12222,CUST-1556,2024-11-20 11:26:43.760752152,77.42,Home & Kitchen
TXN-12223,CUST-1334,2024-11-20 14:57:00.684136828,67.86,Electronics
TXN-12224,CUST-1531,2024-11-20 18:27:17.607521504,10.35,Electronics
TXN-12225,CUST-1959,2024-11-20 21:57:34.530906180,15.64,Beauty
TXN-12226,CUST-1220,2024-11-21 01:27:51.454290860,35.73,Apparel
TXN-12227,CUST-1634,2024-11-21 04:58:08.377675536,170.43,Beauty
TXN-12228,CUST-1745,2024-11-21 08:28:25.301060212,21.93,Books
TXN-12229,CUST-1732,2024-11-21 11:58:42.224444888,103.07,Apparel
TXN-12230,CUST-1322,2024-11-21 15:28:59.147829568,281.92,Books
TXN-12231,CUST-1850,2024-11-21 18:59:16.071214244,127.25,Home & Kitchen
TXN-12232,CUST-1002,2024-11-21 22:29:32.994598920,30.87,Apparel
TXN-12233,CUST-1693,2024-11-22 01:59:49.917983596,189.25,Beauty
TXN-12234,CUST-1205,2024-11-22 05:30:06.841368276,17.33,Beauty
TXN-12235,CUST-1831,2024-11-22 09:00:23.764752952,57.35,Apparel
TXN-12236,CUST-1039,2024-11-22 12:30:40.688137628,173.89,Beauty
TXN-12237,CUST-1058,2024-11-22 16:00:57.611522304,86.89,Apparel
TXN-12238,CUST-1950,2024-11-22 19:31:14.534906980,50.04,Electronics
TXN-12239,CUST-1573,2024-11-22 23:01:31.458291660,35.98,Beauty
TXN-12240,CUST-1643,2024-11-23 02:31:48.381676336,45.26,Apparel
TXN-12241,CUST-1506,2024-11-23 06:02:05.305061012,63.34,Apparel
TXN-12242,CUST-1571,2024-11-23 09:32:22.228445688,38.82,Beauty
TXN-12243,CUST-1883,2024-11-23 13:02:39.151830368,270.45,Electronics
TXN-12244,CUST-1842,2024-11-23 16:32:56.075215044,212.82,Beauty
TXN-12245,CUST-1121,2024-11-23 20:03:12.998599720,163.4,Apparel
TXN-12246,CUST-1478,2024-11-23 23:33:29.921984396,51.09,Electronics
TXN-12247,CUST-1618,2024-11-24 03:03:46.845369076,98.15,Books
TXN-12248,CUST-1095,2024-11-24 06:34:03.768753752,184.85,Home & Kitchen
TXN-12249,CUST-1858,2024-11-24 10:04:20.692138428,152.5,Beauty
TXN-12250,CUST-1413,2024-11-24 13:34:37.615523104,50.12,Apparel
TXN-12251,CUST-1234,2024-11-24 17:04:54.538907780,18.94,Electronics
TXN-12252,CUST-1897,2024-11-24 20:35:11.462292460,15.9,Electronics
TXN-12253,CUST-1061,2024-11-25 00:05:28.385677136,74.54,Books
TXN-12254,CUST-1255,2024-11-25 03:35:45.309061812,87.17,Beauty
TXN-12255,CUST-1560,2024-11-25 07:06:02.232446488,152.21,Electronics
TXN-12256,CUST-1904,2024-11-25 10:36:19.155831168,35.95,Books
TXN-12257,CUST-1347,2024-11-25 14:06:36.079215844,23.75,Apparel
TXN-12258,CUST-1670,2024-11-25 17:36:53.002600520,45.73,Books
TXN-12259,CUST-1123,2024-11-25 21:07:09.925985196,42.72,Beauty
TXN-12260,CUST-1481,2024-11-26 00:37:26.849369876,20.66,Books
TXN-12261,CUST-1316,2024-11-26 04:07:43.772754552,93.67,Electronics
TXN-12262,CUST-1503,2024-11-26 07:38:00.696139228,63.3,Electronics
TXN-12263,CUST-1718,2024-11-26 11:08:17.619523904,105.77,Home & Kitchen
TXN-12264,CUST-1047,2024-11-26 14:38:34.542908584,42.62,Books
TXN-12265,CUST-1408,2024-11-26 18:08:51.466293260,39.56,Apparel
TXN-12266,CUST-1931,2024-11-26 21:39:08.389677936,57.98,Beauty
TXN-12267,CUST-1135,2024-11-27 01:09:25.313062612,167.42,Home & Kitchen
TXN-12268,CUST-1200,2024-11-27 04:39:42.236447288,13.08,Books
TXN-12269,CUST-1249,2024-11-27 08:09:59.159831968,132.54,Apparel
TXN-12270,CUST-1313,2024-11-27 11:40:16.083216644,44.53,Home & Kitchen
TXN-12271,CUST-1868,2024-11-27 15:10:33.006601320,154.63,Electronics
TXN-12272,CUST-1367,2024-11-27 18:40:49.929985996,131.54,Beauty
TXN-12273,CUST-1428,2024-11-27 22:11:06.853370676,42.17,Books
TXN-12274,CUST-1829,2024-11-28 01:41:23.776755352,98.78,Apparel
TXN-12275,CUST-1806,2024-11-28 05:11:40.700140028,23.04,Electronics
TXN-12276,CUST-1479,2024-11-28 08:41:57.623524704,179.96,Home & Kitchen
TXN-12277,CUST-1313,2024-11-28 12:12:14.546909384,48.88,Beauty
TXN-12278,CUST-1499,2024-11-28 15:42:31.470294060,55.61,Home & Kitchen
TXN-12279,CUST-1720,2024-11-28 19:12:48.393678736,101.75,Home & Kitchen
TXN-12280,CUST-1354,2024-11-28 22:43:05.317063412,138.96,Apparel
TXN-12281,CUST-1484,2024-11-29 02:13:22.240448088,30.22,Electronics
TXN-12282,CUST-1210,2024-11-29 05:43:39.163832768,91.21,Books
TXN-12283,CUST-1703,2024-11-29 09:13:56.087217444,47.32,Apparel
TXN-12284,CUST-1043,2024-11-29 12:44:13.010602120,44.5,Beauty
TXN-12285,CUST-1540,2024-11-29 16:14:29.933986796,97.84,Home & Kitchen
TXN-12286,CUST-1570,2024-11-29 19:44:46.857371476,46.73,Beauty
TXN-12287,CUST-1582,2024-11-29 23:15:03.780756152,41.86,Apparel
TXN-12288,CUST-1091,2024-11-30 02:45:20.704140828,145.54,Apparel
TXN-12289,CUST-1264,2024-11-30 06:15:37.627525504,18.01,Books
TXN-12290,CUST-1894,2024-11-30 09:45:54.550910184,94.5,Home & Kitchen
TXN-12291,CUST-1219,2024-11-30 13:16:11.474294860,31.45,Apparel
TXN-12292,CUST-1901,2024-11-30 16:46:28.397679536,11.17,Beauty
TXN-12293,CUST-1924,2024-11-30 20:16:45.321064212,23.68,Books
TXN-12294,CUST-1441,2024-11-30 23:47:02.244448892,79.98,Beauty
TXN-12295,CUST-1400,2024-12-01 03:17:19.167833568,102.62,Home & Kitchen
TXN-12296,CUST-1399,2024-12-01 06:47:36.091218244,11.6,Books
TXN-12297,CUST-1726,2024-12-01 10:17:53.014602920,12.78,Books
TXN-12298,CUST-1990,2024-12-01 13:48:09.937987596,184.63,Books
TXN-12299,CUST-1898,2024-12-01 17:18:26.861372276,15.71,Electronics
TXN-12300,CUST-1788,2024-12-01 20:48:43.784756952,178.45,Books
TXN-12301,CUST-1575,2024-12-02 00:19:00.708141628,29.42,Beauty
TXN-12302,CUST-1857,2024-12-02 03:49:17.631526304,111.04,Beauty
TXN-12303,CUST-1803,2024-12-02 07:19:34.554910984,37.8,Home & Kitchen
TXN-12304,CUST-1489,2024-12-02 10:49:51.478295660,156.79,Apparel
TXN-12305,CUST-1484,2024-12-02 14:20:08.401680336,100.41,Apparel
TXN-12306,CUST-1756,2024-12-02 17:50:25.325065012,48.54,Electronics
TXN-12307,CUST-1469,2024-12-02 21:20:42.248449692,15.95,Books
TXN-12308,CUST-1573,2024-12-03 00:50:59.171834368,108.95,Electronics
TXN-12309,CUST-1937,2024-12-03 04:21:16.095219044,81.96,Home & Kitchen
TXN-12310,CUST-1843,2024-12-03 07:51:33.018603720,10.22,Home & Kitchen
TXN-12311,CUST-1681,2024-12-03 11:21:49.941988400,10.71,Apparel
TXN-12312,CUST-1444,2024-12-03 14:52:06.865373076,134.08,Home & Kitchen
TXN-12313,CUST-1268,2024-12-03 18:22:23.788757752,32.52,Books
TXN-12314,CUST-1266,2024-12-03 21:52:40.712142428,85.82,Beauty
TXN-12315,CUST-1053,2024-12-04 01:22:57.635527104,55.41,Home & Kitchen
TXN-12316,CUST-1527,2024-12-04 04:53:14.558911784,159.32,Electronics
TXN-12317,CUST-1519,2024-12-04 08:23:31.482296460,196.63,Books
TXN-12318,CUST-1615,2024-12-04 11:53:48.405681136,441.03,Home & Kitchen
TXN-12319,CUST-1058,2024-12-04 15:24:05.329065812,22.51,Home & Kitchen
TXN-12320,CUST-1824,2024-12-04 18:54:22.252450492,159.06,Books
TXN-12321,CUST-1039,2024-12-04 22:24:39.175835168,33.2,Home & Kitchen
TXN-12322,CUST-1236,2024-12-05 01:54:56.099219844,77.02,Beauty
TXN-12323,CUST-1954,2024-12-05 05:25:13.022604520,62.86,Apparel
TXN-12324,CUST-1385,2024-12-05 08:55:29.945989200,11.36,Books
TXN-12325,CUST-1605,2024-12-05 12:25:46.869373876,212.47,Electronics
TXN-12326,CUST-1733,2024-12-05 15:56:03.792758552,16.12,Home & Kitchen
TXN-12327,CUST-1715,2024-12-05 19:26:20.716143228,97.41,Apparel
TXN-12328,CUST-1649,2024-12-05 22:56:37.639527904,125.29,Electronics
TXN-12329,CUST-1299,2024-12-06 02:26:54.562912584,128.96,Electronics
TXN-12330,CUST-1394,2024-12-06 05:57:11.486297260,20.92,Beauty
TXN-12331,CUST-1206,2024-12-06 09:27:28.409681936,54.51,Apparel
TXN-12332,CUST-1335,2024-12-06 12:57:45.333066612,142.65,Books
TXN-12333,CUST-1592,2024-12-06 16:28:02.256451292,37.04,Apparel
TXN-12334,CUST-1729,2024-12-06 19:58:19.179835968,57.3,Apparel
TXN-12335,CUST-1513,2024-12-06 23:28:36.103220644,33.89,Electronics
TXN-12336,CUST-1177,2024-12-07 02:58:53.026605320,56.71,Beauty
TXN-12337,CUST-1395,2024-12-07 06:29:09.949990000,174.09,Beauty
TXN-12338,CUST-1370,2024-12-07 09:59:26.873374676,55.54,Apparel
TXN-12339,CUST-1857,2024-12-07 13:29:43.796759352,70.88,Apparel
TXN-12340,CUST-1790,2024-12-07 17:00:00.720144028,48.81,Home & Kitchen
TXN-12341,CUST-1657,2024-12-07 20:30:17.643528708,56.23,Electronics
TXN-12342,CUST-1317,2024-12-08 00:00:34.566913384,11.15,Books
TXN-12343,CUST-1735,2024-12-08 03:30:51.490298060,35.03,Books
TXN-12344,CUST-1368,2024-12-08 07:01:08.413682736,53.03,Beauty
TXN-12345,CUST-1383,2024-12-08 10:31:25.337067412,85.34,Electronics
TXN-12346,CUST-1061,2024-12-08 14:01:42.260452092,54.84,Beauty
TXN-12347,CUST-1805,2024-12-08 17:31:59.183836768,40.92,Books
TXN-12348,CUST-1504,2024-12-08 21:02:16.107221444,46.84,Apparel
TXN-12349,CUST-1238,2024-12-09 00:32:33.030606120,30.81,Electronics
TXN-12350,CUST-1194,2024-12-09 04:02:49.953990800,203.77,Electronics
TXN-12351,CUST-1677,2024-12-09 07:33:06.877375476,65.32,Home & Kitchen
TXN-12352,CUST-1962,2024-12-09 11:03:23.800760152,11.01,Apparel
TXN-12353,CUST-1221,2024-12-09 14:33:40.724144828,11.47,Apparel
TXN-12354,CUST-1060,2024-12-09 18:03:57.647529508,280.79,Beauty
TXN-12355,CUST-1128,2024-12-09 21:34:14.570914184,28.77,Electronics
TXN-12356,CUST-1989,2024-12-10 01:04:31.494298860,132.84,Beauty
TXN-12357,CUST-1684,2024-12-10 04:34:48.417683536,14.5,Apparel
TXN-12358,CUST-1991,2024-12-10 08:05:05.341068216,200.53,Home & Kitchen
TXN-12359,CUST-1155,2024-12-10 11:35:22.264452892,165.61,Electronics
TXN-12360,CUST-1916,2024-12-10 15:05:39.187837568,73.49,Apparel
TXN-12361,CUST-1377,2024-12-10 18:35:56.111222244,10.68,Home & Kitchen
TXN-12362,CUST-1621,2024-12-10 22:06:13.034606920,32.36,Books
TXN-12363,CUST-1780,2024-12-11 01:36:29.957991600,49.17,Apparel
TXN-12364,CUST-1922,2024-12-11 05:06:46.881376276,56.22,Books
TXN-12365,CUST-1867,2024-12-11 08:37:03.804760952,36.5,Beauty
TXN-12366,CUST-1902,2024-12-11 12:07:20.728145628,12.51,Books
TXN-12367,CUST-1789,2024-12-11 15:37:37.651530308,76.89,Apparel
TXN-12368,CUST-1585,2024-12-11 19:07:54.574914984,65.7,Books
TXN-12369,CUST-1998,2024-12-11 22:38:11.498299660,34.95,Electronics
TXN-12370,CUST-1436,2024-12-12 02:08:28.421684336,12.9,Apparel
TXN-12371,CUST-1974,2024-12-12 05:38:45.345069016,401.52,Home & Kitchen
TXN-12372,CUST-1206,2024-12-12 09:09:02.268453692,59.33,Books
TXN-12373,CUST-1387,2024-12-12 12:39:19.191838368,115.8,Electronics
TXN-12374,CUST-1479,2024-12-12 16:09:36.115223044,55.15,Beauty
TXN-12375,CUST-1790,2024-12-12 19:39:53.038607720,13.31,Beauty
TXN-12376,CUST-1886,2024-12-12 23:10:09.961992400,37.79,Books
TXN-12377,CUST-1837,2024-12-13 02:40:26.885377076,38.94,Beauty
TXN-12378,CUST-1983,2024-12-13 06:10:43.808761752,146.68,Home & Kitchen
TXN-12379,CUST-1339,2024-12-13 09:41:00.732146428,89.65,Apparel
TXN-12380,CUST-1868,2024-12-13 13:11:17.655531108,34.16,Electronics
TXN-12381,CUST-1339,2024-12-13 16:41:34.578915784,267.54,Books
TXN-12382,CUST-1203,2024-12-13 20:11:51.502300460,39.09,Beauty
TXN-12383,CUST-1160,2024-12-13 23:42:08.425685136,485.43,Apparel
TXN-12384,CUST-1539,2024-12-14 03:12:25.349069816,427.24,Home & Kitchen
TXN-12385,CUST-1391,2024-12-14 06:42:42.272454492,25.92,Beauty
TXN-12386,CUST-1768,2024-12-14 10:12:59.195839168,38.13,Beauty
TXN-12387,CUST-1676,2024-12-14 13:43:16.119223844,59.92,Electronics
TXN-12388,CUST-1574,2024-12-14 17:13:33.042608524,91.82,Home & Kitchen
TXN-12389,CUST-1533,2024-12-14 20:43:49.965993200,66.32,Home & Kitchen
TXN-12390,CUST-1069,2024-12-15 00:14:06.889377876,271.61,Books
TXN-12391,CUST-1892,2024-12-15 03:44:23.812762552,106.55,Electronics
TXN-12392,CUST-1404,2024-12-15 07:14:40.736147228,27.87,Books
TXN-12393,CUST-1607,2024-12-15 10:44:57.659531908,18.33,Electronics
TXN-12394,CUST-1674,2024-12-15 14:15:14.582916584,97.45,Home & Kitchen
TXN-12395,CUST-1590,2024-12-15 17:45:31.506301260,22.94,Electronics
TXN-12396,CUST-1516,2024-12-15 21:15:48.429685936,126.22,Electronics
TXN-12397,CUST-1827,2024-12-16 00:46:05.353070616,37.94,Electronics
TXN-12398,CUST-1119,2024-12-16 04:16:22.276455292,39.69,Apparel
TXN-12399,CUST-1813,2024-12-16 07:46:39.199839968,10.81,Apparel
TXN-12400,CUST-1689,2024-12-16 11:16:56.123224644,100.55,Home & Kitchen
TXN-12401,CUST-1687,2024-12-16 14:47:13.046609324,19.02,Electronics
TXN-12402,CUST-1901,2024-12-16 18:17:29.969994000,121.17,Home & Kitchen
TXN-12403,CUST-1216,2024-12-16 21:47:46.893378676,60.78,Apparel
TXN-12404,CUST-1055,2024-12-17 01:18:03.816763352,125.03,Electronics
TXN-12405,CUST-1365,2024-12-17 04:48:20.740148028,75.77,Books
TXN-12406,CUST-1698,2024-12-17 08:18:37.663532708,16.45,Apparel
TXN-12407,CUST-1503,2024-12-17 11:48:54.586917384,118.82,Apparel
TXN-12408,CUST-1743,2024-12-17 15:19:11.510302060,15.43,Apparel
TXN-12409,CUST-1766,2024-12-17 18:49:28.433686736,58.86,Electronics
TXN-12410,CUST-1924,2024-12-17 22:19:45.357071416,24.19,Beauty
TXN-12411,CUST-1454,2024-12-18 01:50:02.280456092,114.68,Books
TXN-12412,CUST-1103,2024-12-18 05:20:19.203840768,191.93,Books
TXN-12413,CUST-1076,2024-12-18 08:50:36.127225444,70.58,Home & Kitchen
TXN-12414,CUST-1229,2024-12-18 12:20:53.050610124,66.17,Electronics
TXN-12415,CUST-1913,2024-12-18 15:51:09.973994800,118.28,Apparel
TXN-12416,CUST-1257,2024-12-18 19:21:26.897379476,10.38,Beauty
TXN-12417,CUST-1263,2024-12-18 22:51:43.820764152,197.36,Electronics
TXN-12418,CUST-1330,2024-12-19 02:22:00.744148832,26.5,Electronics
TXN-12419,CUST-1992,2024-12-19 05:52:17.667533508,320.7,Beauty
TXN-12420,CUST-1181,2024-12-19 09:22:34.590918184,109.96,Apparel
TXN-12421,CUST-1892,2024-12-19 12:52:51.514302860,121.62,Electronics
TXN-12422,CUST-1767,2024-12-19 16:23:08.437687536,90.08,Books
TXN-12423,CUST-1549,2024-12-19 19:53:25.361072216,57.85,Books
TXN-12424,CUST-1687,2024-12-19 23:23:42.284456892,73.58,Beauty
TXN-12425,CUST-1026,2024-12-20 02:53:59.207841568,13.56,Apparel
TXN-12426,CUST-1275,2024-12-20 06:24:16.131226244,83.35,Beauty
TXN-12427,CUST-1651,2024-12-20 09:54:33.054610924,83.78,Electronics
TXN-12428,CUST-1298,2024-12-20 13:24:49.977995600,176.37,Books
TXN-12429,CUST-1956,2024-12-20 16:55:06.901380276,62.84,Home & Kitchen
TXN-12430,CUST-1798,2024-12-20 20:25:23.824764952,16.02,Beauty
TXN-12431,CUST-1090,2024-12-20 23:55:40.748149632,37.42,Home & Kitchen
TXN-12432,CUST-1479,2024-12-21 03:25:57.671534308,89.95,Home & Kitchen
TXN-12433,CUST-1572,2024-12-21 06:56:14.594918984,30.51,Books
TXN-12434,CUST-1457,2024-12-21 10:26:31.518303660,34.69,Beauty
TXN-12435,CUST-1450,2024-12-21 13:56:48.441688340,138.81,Home & Kitchen
TXN-12436,CUST-1364,2024-12-21 17:27:05.365073016,75.84,Electronics
TXN-12437,CUST-1858,2024-12-21 20:57:22.288457692,63.28,Apparel
TXN-12438,CUST-1674,2024-12-22 00:27:39.211842368,38.75,Apparel
TXN-12439,CUST-1350,2024-12-22 03:57:56.135227044,108.46,Books
TXN-12440,CUST-1654,2024-12-22 07:28:13.058611724,35.45,Beauty
TXN-12441,CUST-1399,2024-12-22 10:58:29.981996400,110.19,Beauty
TXN-12442,CUST-1252,2024-12-22 14:28:46.905381076,15.45,Apparel
TXN-12443,CUST-1780,2024-12-22 17:59:03.828765752,159.93,Electronics
TXN-12444,CUST-1880,2024-12-22 21:29:20.752150432,61.92,Apparel
TXN-12445,CUST-1802,2024-12-23 00:59:37.675535108,53.29,Apparel
TXN-12446,CUST-1458,2024-12-23 04:29:54.598919784,80.82,Beauty
TXN-12447,CUST-1698,2024-12-23 08:00:11.522304460,83.4,Home & Kitchen
TXN-12448,CUST-1916,2024-12-23 11:30:28.445689140,20.62,Electronics
TXN-12449,CUST-1498,2024-12-23 15:00:45.369073816,115.87,Beauty
TXN-12450,CUST-1949,2024-12-23 18:31:02.292458492,34.21,Apparel
TXN-12451,CUST-1970,2024-12-23 22:01:19.215843168,186.51,Home & Kitchen
TXN-12452,CUST-1925,2024-12-24 01:31:36.139227844,137.72,Electronics
TXN-12453,CUST-1507,2024-12-24 05:01:53.062612524,41.88,Books
TXN-12454,CUST-1303,2024-12-24 08:32:09.985997200,133.67,Electronics
TXN-12455,CUST-1500,2024-12-24 12:02:26.909381876,43.05,Electronics
TXN-12456,CUST-1802,2024-12-24 15:32:43.832766552,17.98,Apparel
TXN-12457,CUST-1597,2024-12-24 19:03:00.756151232,255.04,Apparel
TXN-12458,CUST-1165,2024-12-24 22:33:17.679535908,89.3,Books
TXN-12459,CUST-1414,2024-12-25 02:03:34.602920584,55.67,Books
TXN-12460,CUST-1461,2024-12-25 05:33:51.526305260,48.03,Books
TXN-12461,CUST-1919,2024-12-25 09:04:08.449689940,39.45,Beauty
TXN-12462,CUST-1113,2024-12-25 12:34:25.373074616,309.04,Beauty
TXN-12463,CUST-1432,2024-12-25 16:04:42.296459292,20.86,Apparel
TXN-12464,CUST-1991,2024-12-25 19:34:59.219843968,38.35,Apparel
TXN-12465,CUST-1355,2024-12-25 23:05:16.143228648,59.84,Books
TXN-12466,CUST-1927,2024-12-26 02:35:33.066613324,58.76,Beauty
TXN-12467,CUST-1694,2024-12-26 06:05:49.989998000,57.81,Home & Kitchen
TXN-12468,CUST-1206,2024-12-26 09:36:06.913382676,24.5,Beauty
TXN-12469,CUST-1767,2024-12-26 13:06:23.836767352,21.74,Apparel
TXN-12470,CUST-1234,2024-12-26 16:36:40.760152032,32.05,Beauty
TXN-12471,CUST-1441,2024-12-26 20:06:57.683536708,194.47,Apparel
TXN-12472,CUST-1354,2024-12-26 23:37:14.606921384,19.0,Books
TXN-12473,CUST-1514,2024-12-27 03:07:31.530306060,116.23,Books
TXN-12474,CUST-1207,2024-12-27 06:37:48.453690740,116.27,Books
TXN-12475,CUST-1708,2024-12-27 10:08:05.377075416,134.46,Home & Kitchen
TXN-12476,CUST-1852,2024-12-27 13:38:22.300460092,173.27,Home & Kitchen
TXN-12477,CUST-1124,2024-12-27 17:08:39.223844768,32.89,Apparel
TXN-12478,CUST-1137,2024-12-27 20:38:56.147229448,29.07,Electronics
TXN-12479,CUST-1338,2024-12-28 00:09:13.070614124,56.98,Home & Kitchen
TXN-12480,CUST-1536,2024-12-28 03:39:29.993998800,33.1,Apparel
TXN-12481,CUST-1067,2024-12-28 07:09:46.917383476,109.41,Beauty
TXN-12482,CUST-1572,2024-12-28 10:40:03.840768156,85.78,Books
TXN-12483,CUST-1540,2024-12-28 14:10:20.764152832,165.95,Books
TXN-12484,CUST-1382,2024-12-28 17:40:37.687537508,16.48,Books
TXN-12485,CUST-1018,2024-12-28 21:10:54.610922184,194.96,Apparel
TXN-12486,CUST-1682,2024-12-29 00:41:11.534306860,36.04,Books
TXN-12487,CUST-1449,2024-12-29 04:11:28.457691540,60.6,Home & Kitchen
TXN-12488,CUST-1073,2024-12-29 07:41:45.381076216,53.3,Beauty
TXN-12489,CUST-1572,2024-12-29 11:12:02.304460892,117.13,Books
TXN-12490,CUST-1938,2024-12-29 14:42:19.227845568,50.9,Apparel
TXN-12491,CUST-1664,2024-12-29 18:12:36.151230248,225.58,Beauty
TXN-12492,CUST-1275,2024-12-29 21:42:53.074614924,184.62,Books
TXN-12493,CUST-1047,2024-12-30 01:13:09.997999600,164.27,Electronics
TXN-12494,CUST-1210,2024-12-30 04:43:26.921384276,15.54,Books
TXN-12495,CUST-1854,2024-12-30 08:13:43.844768956,154.44,Home & Kitchen
TXN-12496,CUST-1919,2024-12-30 11:44:00.768153632,124.12,Beauty
TXN-12497,CUST-1650,2024-12-30 15:14:17.691538308,18.2,Home & Kitchen
TXN-12498,CUST-1621,2024-12-30 18:44:34.614922984,18.52,Electronics
TXN-12499,CUST-1993,2024-12-30 22:14:51.538307660,18.0,Electronics
TXN-12500,CUST-1694,2024-12-31 01:45:08.461692340,10.85,Home & Kitchen
TXN-12501,CUST-1539,2024-12-31 05:15:25.385077016,69.66,Beauty
TXN-12502,CUST-1708,2024-12-31 08:45:42.308461692,282.0,Electronics
TXN-12503,CUST-1190,2024-12-31 12:15:59.231846368,53.31,Electronics
TXN-12504,CUST-1314,2024-12-31 15:46:16.155231048,68.36,Books
TXN-12505,CUST-1900,2024-12-31 19:16:33.078615724,268.08,Apparel
TXN-12506,CUST-1562,2024-12-31 22:46:50.002000400,32.1,Electronics
TXN-12507,CUST-1660,2025-01-01 02:17:06.925385076,156.64,Beauty
TXN-12508,CUST-1779,2025-01-01 05:47:23.848769756,69.29,Beauty
TXN-12509,CUST-1561,2025-01-01 09:17:40.772154432,73.21,Books
TXN-12510,CUST-1899,2025-01-01 12:47:57.695539108,41.53,Beauty
TXN-12511,CUST-1757,2025-01-01 16:18:14.618923784,71.84,Books
TXN-12512,CUST-1112,2025-01-01 19:48:31.542308464,15.7,Electronics
TXN-12513,CUST-1169,2025-01-01 23:18:48.465693140,118.5,Electronics
TXN-12514,CUST-1467,2025-01-02 02:49:05.389077816,35.13,Electronics
TXN-12515,CUST-1677,2025-01-02 06:19:22.312462492,173.93,Electronics
TXN-12516,CUST-1920,2025-01-02 09:49:39.235847168,44.4,Apparel
TXN-12517,CUST-1013,2025-01-02 13:19:56.159231848,21.56,Apparel
TXN-12518,CUST-1714,2025-01-02 16:50:13.082616524,99.28,Electronics
TXN-12519,CUST-1287,2025-01-02 20:20:30.006001200,23.49,Beauty
TXN-12520,CUST-1906,2025-01-02 23:50:46.929385876,115.08,Books
TXN-12521,CUST-1188,2025-01-03 03:21:03.852770556,268.41,Home & Kitchen
TXN-12522,CUST-1913,2025-01-03 06:51:20.776155232,123.41,Books
TXN-12523,CUST-1154,2025-01-03 10:21:37.699539908,11.7,Home & Kitchen
TXN-12524,CUST-1566,2025-01-03 13:51:54.622924584,78.7,Home & Kitchen
TXN-12525,CUST-1693,2025-01-03 17:22:11.546309264,99.16,Electronics
TXN-12526,CUST-1721,2025-01-03 20:52:28.469693940,140.92,Home & Kitchen
TXN-12527,CUST-1887,2025-01-04 00:22:45.393078616,14.32,Electronics
TXN-12528,CUST-1470,2025-01-04 03:53:02.316463292,59.06,Apparel
TXN-12529,CUST-1074,2025-01-04 07:23:19.239847968,67.49,Beauty
TXN-12530,CUST-1276,2025-01-04 10:53:36.163232648,23.9,Home & Kitchen
TXN-12531,CUST-1939,2025-01-04 14:23:53.086617324,39.2,Beauty
TXN-12532,CUST-1644,2025-01-04 17:54:10.010002000,53.52,Electronics
TXN-12533,CUST-1342,2025-01-04 21:24:26.933386676,144.33,Home & Kitchen
TXN-12534,CUST-1424,2025-01-05 00:54:43.856771356,208.81,Books
TXN-12535,CUST-1570,2025-01-05 04:25:00.780156032,84.25,Apparel
TXN-12536,CUST-1510,2025-01-05 07:55:17.703540708,47.68,Apparel
TXN-12537,CUST-1856,2025-01-05 11:25:34.626925384,31.98,Home & Kitchen
TXN-12538,CUST-1181,2025-01-05 14:55:51.550310064,311.87,Apparel
TXN-12539,CUST-1457,2025-01-05 18:26:08.473694740,315.68,Books
TXN-12540,CUST-1917,2025-01-05 21:56:25.397079416,204.25,Beauty
TXN-12541,CUST-1850,2025-01-06 01:26:42.320464092,125.52,Books
TXN-12542,CUST-1832,2025-01-06 04:56:59.243848772,39.56,Apparel
TXN-12543,CUST-1063,2025-01-06 08:27:16.167233448,137.37,Beauty
TXN-12544,CUST-1838,2025-01-06 11:57:33.090618124,49.42,Books
TXN-12545,CUST-1259,2025-01-06 15:27:50.014002800,39.68,Electronics
TXN-12546,CUST-1192,2025-01-06 18:58:06.937387476,112.45,Electronics
TXN-12547,CUST-1654,2025-01-06 22:28:23.860772156,16.23,Beauty
TXN-12548,CUST-1615,2025-01-07 01:58:40.784156832,13.73,Beauty
TXN-12549,CUST-1971,2025-01-07 05:28:57.707541508,54.56,Beauty
TXN-12550,CUST-1405,2025-01-07 08:59:14.630926184,54.25,Electronics
TXN-12551,CUST-1725,2025-01-07 12:29:31.554310864,179.5,Books
TXN-12552,CUST-1753,2025-01-07 15:59:48.477695540,20.11,Beauty
TXN-12553,CUST-1942,2025-01-07 19:30:05.401080216,19.87,Electronics
TXN-12554,CUST-1720,2025-01-07 23:00:22.324464892,21.96,Beauty
TXN-12555,CUST-1092,2025-01-08 02:30:39.247849572,12.26,Beauty
TXN-12556,CUST-1429,2025-01-08 06:00:56.171234248,15.58,Beauty
TXN-12557,CUST-1653,2025-01-08 09:31:13.094618924,90.88,Electronics
TXN-12558,CUST-1433,2025-01-08 13:01:30.018003600,52.37,Books
TXN-12559,CUST-1403,2025-01-08 16:31:46.941388280,118.17,Electronics
TXN-12560,CUST-1433,2025-01-08 20:02:03.864772956,377.95,Electronics
TXN-12561,CUST-1111,2025-01-08 23:32:20.788157632,90.7,Beauty
TXN-12562,CUST-1928,2025-01-09 03:02:37.711542308,13.88,Home & Kitchen
TXN-12563,CUST-1374,2025-01-09 06:32:54.634926984,18.28,Home & Kitchen
TXN-12564,CUST-1058,2025-01-09 10:03:11.558311664,169.65,Home & Kitchen
TXN-12565,CUST-1042,2025-01-09 13:33:28.481696340,66.23,Electronics
TXN-12566,CUST-1206,2025-01-09 17:03:45.405081016,140.65,Beauty
TXN-12567,CUST-1779,2025-01-09 20:34:02.328465692,155.67,Home & Kitchen
TXN-12568,CUST-1295,2025-01-10 00:04:19.251850372,206.99,Apparel
TXN-12569,CUST-1117,2025-01-10 03:34:36.175235048,234.42,Apparel
TXN-12570,CUST-1531,2025-01-10 07:04:53.098619724,70.7,Apparel
TXN-12571,CUST-1221,2025-01-10 10:35:10.022004400,41.28,Books
TXN-12572,CUST-1165,2025-01-10 14:05:26.945389080,255.0,Beauty
TXN-12573,CUST-1642,2025-01-10 17:35:43.868773756,69.46,Electronics
TXN-12574,CUST-1155,2025-01-10 21:06:00.792158432,14.98,Electronics
TXN-12575,CUST-1183,2025-01-11 00:36:17.715543108,87.2,Beauty
TXN-12576,CUST-1089,2025-01-11 04:06:34.638927784,76.45,Books
TXN-12577,CUST-1093,2025-01-11 07:36:51.562312464,179.6,Beauty
TXN-12578,CUST-1012,2025-01-11 11:07:08.485697140,89.42,Books
TXN-12579,CUST-1972,2025-01-11 14:37:25.409081816,42.2,Home & Kitchen
TXN-12580,CUST-1833,2025-01-11 18:07:42.332466492,264.1,Home & Kitchen
TXN-12581,CUST-1804,2025-01-11 21:37:59.255851172,131.32,Books
TXN-12582,CUST-1944,2025-01-12 01:08:16.179235848,84.65,Beauty
TXN-12583,CUST-1741,2025-01-12 04:38:33.102620524,36.0,Home & Kitchen
TXN-12584,CUST-1833,2025-01-12 08:08:50.026005200,45.08,Beauty
TXN-12585,CUST-1803,2025-01-12 11:39:06.949389880,93.14,Home & Kitchen
TXN-12586,CUST-1437,2025-01-12 15:09:23.872774556,15.6,Beauty
TXN-12587,CUST-1537,2025-01-12 18:39:40.796159232,32.25,Beauty
TXN-12588,CUST-1586,2025-01-12 22:09:57.719543908,103.86,Apparel
TXN-12589,CUST-1967,2025-01-13 01:40:14.642928588,59.05,Books
TXN-12590,CUST-1875,2025-01-13 05:10:31.566313264,48.61,Electronics
TXN-12591,CUST-1935,2025-01-13 08:40:48.489697940,22.32,Books
TXN-12592,CUST-1810,2025-01-13 12:11:05.413082616,53.73,Beauty
TXN-12593,CUST-1149,2025-01-13 15:41:22.336467292,120.45,Beauty
TXN-12594,CUST-1659,2025-01-13 19:11:39.259851972,32.99,Books
TXN-12595,CUST-1007,2025-01-13 22:41:56.183236648,10.41,Beauty
TXN-12596,CUST-1028,2025-01-14 02:12:13.106621324,92.81,Home & Kitchen
TXN-12597,CUST-1295,2025-01-14 05:42:30.030006000,279.86,Beauty
TXN-12598,CUST-1985,2025-01-14 09:12:46.953390680,80.01,Books
TXN-12599,CUST-1925,2025-01-14 12:43:03.876775356,19.58,Books
TXN-12600,CUST-1720,2025-01-14 16:13:20.800160032,39.01,Books
TXN-12601,CUST-1639,2025-01-14 19:43:37.723544708,161.67,Apparel
TXN-12602,CUST-1339,2025-01-14 23:13:54.646929388,29.85,Apparel
TXN-12603,CUST-1627,2025-01-15 02:44:11.570314064,80.18,Apparel
TXN-12604,CUST-1438,2025-01-15 06:14:28.493698740,48.65,Apparel
TXN-12605,CUST-1143,2025-01-15 09:44:45.417083416,27.47,Apparel
TXN-12606,CUST-1941,2025-01-15 13:15:02.340468096,135.91,Apparel
TXN-12607,CUST-1829,2025-01-15 16:45:19.263852772,111.85,Apparel
TXN-12608,CUST-1746,2025-01-15 20:15:36.187237448,91.26,Books
TXN-12609,CUST-1518,2025-01-15 23:45:53.110622124,30.22,Electronics
TXN-12610,CUST-1975,2025-01-16 03:16:10.034006800,17.72,Apparel
TXN-12611,CUST-1044,2025-01-16 06:46:26.957391480,74.38,Books
TXN-12612,CUST-1954,2025-01-16 10:16:43.880776156,70.5,Electronics
TXN-12613,CUST-1238,2025-01-16 13:47:00.804160832,25.65,Apparel
TXN-12614,CUST-1951,2025-01-16 17:17:17.727545508,14.34,Electronics
TXN-12615,CUST-1943,2025-01-16 20:47:34.650930188,16.31,Electronics
TXN-12616,CUST-1154,2025-01-17 00:17:51.574314864,379.72,Home & Kitchen
TXN-12617,CUST-1180,2025-01-17 03:48:08.497699540,124.79,Beauty
TXN-12618,CUST-1214,2025-01-17 07:18:25.421084216,201.32,Home & Kitchen
TXN-12619,CUST-1087,2025-01-17 10:48:42.344468896,26.27,Electronics
TXN-12620,CUST-1255,2025-01-17 14:18:59.267853572,252.49,Books
TXN-12621,CUST-1510,2025-01-17 17:49:16.191238248,21.54,Apparel
TXN-12622,CUST-1072,2025-01-17 21:19:33.114622924,63.36,Beauty
TXN-12623,CUST-1930,2025-01-18 00:49:50.038007600,142.76,Apparel
TXN-12624,CUST-1178,2025-01-18 04:20:06.961392280,42.29,Books
TXN-12625,CUST-1211,2025-01-18 07:50:23.884776956,51.48,Beauty
TXN-12626,CUST-1804,2025-01-18 11:20:40.808161632,20.29,Home & Kitchen
TXN-12627,CUST-1233,2025-01-18 14:50:57.731546308,19.84,Electronics
TXN-12628,CUST-1464,2025-01-18 18:21:14.654930988,82.48,Books
TXN-12629,CUST-1750,2025-01-18 21:51:31.578315664,94.42,Electronics
TXN-12630,CUST-1222,2025-01-19 01:21:48.501700340,122.66,Electronics
TXN-12631,CUST-1630,2025-01-19 04:52:05.425085016,71.01,Apparel
TXN-12632,CUST-1824,2025-01-19 08:22:22.348469696,87.83,Books
TXN-12633,CUST-1263,2025-01-19 11:52:39.271854372,11.02,Electronics
TXN-12634,CUST-1206,2025-01-19 15:22:56.195239048,23.27,Home & Kitchen
TXN-12635,CUST-1606,2025-01-19 18:53:13.118623724,324.55,Beauty
TXN-12636,CUST-1884,2025-01-19 22:23:30.042008404,15.93,Books
TXN-12637,CUST-1733,2025-01-20 01:53:46.965393080,95.17,Apparel
TXN-12638,CUST-1365,2025-01-20 05:24:03.888777756,24.53,Books
TXN-12639,CUST-1275,2025-01-20 08:54:20.812162432,104.6,Apparel
TXN-12640,CUST-1379,2025-01-20 12:24:37.735547108,101.81,Beauty
TXN-12641,CUST-1742,2025-01-20 15:54:54.658931788,30.01,Home & Kitchen
TXN-12642,CUST-1308,2025-01-20 19:25:11.582316464,33.57,Electronics
TXN-12643,CUST-1630,2025-01-20 22:55:28.505701140,89.77,Books
TXN-12644,CUST-1267,2025-01-21 02:25:45.429085816,47.08,Apparel
TXN-12645,CUST-1944,2025-01-21 05:56:02.352470496,26.23,Beauty
TXN-12646,CUST-1784,2025-01-21 09:26:19.275855172,108.67,Electronics
TXN-12647,CUST-1063,2025-01-21 12:56:36.199239848,22.56,Beauty
TXN-12648,CUST-1809,2025-01-21 16:26:53.122624524,155.16,Home & Kitchen
TXN-12649,CUST-1349,2025-01-21 19:57:10.046009204,64.22,Electronics
TXN-12650,CUST-1924,2025-01-21 23:27:26.969393880,18.38,Electronics
TXN-12651,CUST-1914,2025-01-22 02:57:43.892778556,98.83,Electronics
TXN-12652,CUST-1493,2025-01-22 06:28:00.816163232,64.92,Apparel
TXN-12653,CUST-1522,2025-01-22 09:58:17.739547912,36.54,Electronics
TXN-12654,CUST-1097,2025-01-22 13:28:34.662932588,51.18,Beauty
TXN-12655,CUST-1945,2025-01-22 16:58:51.586317264,36.57,Apparel
TXN-12656,CUST-1070,2025-01-22 20:29:08.509701940,32.89,Electronics
TXN-12657,CUST-1363,2025-01-22 23:59:25.433086616,23.4,Beauty
TXN-12658,CUST-1569,2025-01-23 03:29:42.356471296,43.8,Beauty
TXN-12659,CUST-1801,2025-01-23 06:59:59.279855972,31.67,Books
TXN-12660,CUST-1762,2025-01-23 10:30:16.203240648,96.27,Beauty
TXN-12661,CUST-1275,2025-01-23 14:00:33.126625324,96.37,Home & Kitchen
TXN-12662,CUST-1049,2025-01-23 17:30:50.050010004,62.26,Electronics
TXN-12663,CUST-1357,2025-01-23 21:01:06.973394680,122.86,Electronics
TXN-12664,CUST-1727,2025-01-24 00:31:23.896779356,148.07,Electronics
TXN-12665,CUST-1905,2025-01-24 04:01:40.820164032,75.02,Beauty
TXN-12666,CUST-1927,2025-01-24 07:31:57.743548712,82.36,Beauty
TXN-12667,CUST-1563,2025-01-24 11:02:14.666933388,34.94,Electronics
TXN-12668,CUST-1782,2025-01-24 14:32:31.590318064,178.94,Apparel
TXN-12669,CUST-1484,2025-01-24 18:02:48.513702740,11.84,Apparel
TXN-12670,CUST-1083,2025-01-24 21:33:05.437087416,42.15,Home & Kitchen
TXN-12671,CUST-1898,2025-01-25 01:03:22.360472096,105.96,Books
TXN-12672,CUST-1804,2025-01-25 04:33:39.283856772,16.26,Home & Kitchen
TXN-12673,CUST-1637,2025-01-25 08:03:56.207241448,25.17,Electronics
TXN-12674,CUST-1807,2025-01-25 11:34:13.130626124,76.74,Electronics
TXN-12675,CUST-1583,2025-01-25 15:04:30.054010804,71.57,Electronics
TXN-12676,CUST-1295,2025-01-25 18:34:46.977395480,110.72,Books
TXN-12677,CUST-1235,2025-01-25 22:05:03.900780156,135.59,Beauty
TXN-12678,CUST-1055,2025-01-26 01:35:20.824164832,20.32,Books
TXN-12679,CUST-1918,2025-01-26 05:05:37.747549512,11.39,Home & Kitchen
TXN-12680,CUST-1359,2025-01-26 08:35:54.670934188,97.75,Beauty
TXN-12681,CUST-1906,2025-01-26 12:06:11.594318864,36.9,Beauty
TXN-12682,CUST-1109,2025-01-26 15:36:28.517703540,83.76,Home & Kitchen
TXN-12683,CUST-1191,2025-01-26 19:06:45.441088220,22.24,Beauty
TXN-12684,CUST-1903,2025-01-26 22:37:02.364472896,57.48,Apparel
TXN-12685,CUST-1092,2025-01-27 02:07:19.287857572,62.65,Home & Kitchen
TXN-12686,CUST-1861,2025-01-27 05:37:36.211242248,75.97,Home & Kitchen
TXN-12687,CUST-1567,2025-01-27 09:07:53.134626924,63.99,Apparel
TXN-12688,CUST-1059,2025-01-27 12:38:10.058011604,61.34,Books
TXN-12689,CUST-1649,2025-01-27 16:08:26.981396280,40.34,Books
TXN-12690,CUST-1038,2025-01-27 19:38:43.904780956,15.54,Books
TXN-12691,CUST-1539,2025-01-27 23:09:00.828165632,17.03,Beauty
TXN-12692,CUST-1048,2025-01-28 02:39:17.751550312,52.66,Apparel
TXN-12693,CUST-1419,2025-01-28 06:09:34.674934988,42.98,Home & Kitchen
TXN-12694,CUST-1636,2025-01-28 09:39:51.598319664,64.45,Home & Kitchen
TXN-12695,CUST-1012,2025-01-28 13:10:08.521704340,37.27,Home & Kitchen
TXN-12696,CUST-1991,2025-01-28 16:40:25.445089020,97.33,Beauty
TXN-12697,CUST-1035,2025-01-28 20:10:42.368473696,159.61,Beauty
TXN-12698,CUST-1100,2025-01-28 23:40:59.291858372,36.63,Books
TXN-12699,CUST-1793,2025-01-29 03:11:16.215243048,26.08,Beauty
TXN-12700,CUST-1085,2025-01-29 06:41:33.138627724,19.26,Books
TXN-12701,CUST-1515,2025-01-29 10:11:50.062012404,81.83,Books
TXN-12702,CUST-1222,2025-01-29 13:42:06.985397080,54.0,Home & Kitchen
TXN-12703,CUST-1337,2025-01-29 17:12:23.908781756,25.62,Beauty
TXN-12704,CUST-1959,2025-01-29 20:42:40.832166432,89.41,Books
TXN-12705,CUST-1165,2025-01-30 00:12:57.755551112,22.06,Apparel
TXN-12706,CUST-1382,2025-01-30 03:43:14.678935788,70.61,Apparel
TXN-12707,CUST-1855,2025-01-30 07:13:31.602320464,66.17,Beauty
TXN-12708,CUST-1894,2025-01-30 10:43:48.525705140,109.38,Home & Kitchen
TXN-12709,CUST-1375,2025-01-30 14:14:05.449089820,14.25,Home & Kitchen
TXN-12710,CUST-1470,2025-01-30 17:44:22.372474496,174.11,Books
TXN-12711,CUST-1789,2025-01-30 21:14:39.295859172,101.05,Beauty
TXN-12712,CUST-1641,2025-01-31 00:44:56.219243848,28.26,Apparel
TXN-12713,CUST-1030,2025-01-31 04:15:13.142628528,25.2,Books
TXN-12714,CUST-1374,2025-01-31 07:45:30.066013204,52.38,Books
TXN-12715,CUST-1010,2025-01-31 11:15:46.989397880,137.6,Electronics
TXN-12716,CUST-1987,2025-01-31 14:46:03.912782556,148.84,Beauty
TXN-12717,CUST-1301,2025-01-31 18:16:20.836167232,65.12,Books
TXN-12718,CUST-1095,2025-01-31 21:46:37.759551912,157.89,Apparel
TXN-12719,CUST-1189,2025-02-01 01:16:54.682936588,10.41,Electronics
TXN-12720,CUST-1452,2025-02-01 04:47:11.606321264,12.69,Apparel
TXN-12721,CUST-1191,2025-02-01 08:17:28.529705940,192.13,Home & Kitchen
TXN-12722,CUST-1485,2025-02-01 11:47:45.453090620,121.98,Electronics
TXN-12723,CUST-1265,2025-02-01 15:18:02.376475296,54.93,Electronics
TXN-12724,CUST-1423,2025-02-01 18:48:19.299859972,115.06,Books
TXN-12725,CUST-1127,2025-02-01 22:18:36.223244648,243.66,Home & Kitchen
TXN-12726,CUST-1237,2025-02-02 01:48:53.146629328,120.91,Books
TXN-12727,CUST-1919,2025-02-02 05:19:10.070014004,148.56,Beauty
TXN-12728,CUST-1354,2025-02-02 08:49:26.993398680,117.22,Apparel
TXN-12729,CUST-1939,2025-02-02 12:19:43.916783356,23.81,Apparel
TXN-12730,CUST-1111,2025-02-02 15:50:00.840168036,144.49,Books
TXN-12731,CUST-1827,2025-02-02 19:20:17.763552712,26.28,Apparel
TXN-12732,CUST-1445,2025-02-02 22:50:34.686937388,177.35,Apparel
TXN-12733,CUST-1342,2025-02-03 02:20:51.610322064,56.03,Beauty
TXN-12734,CUST-1144,2025-02-03 05:51:08.533706740,94.75,Home & Kitchen
TXN-12735,CUST-1064,2025-02-03 09:21:25.457091420,61.57,Electronics
TXN-12736,CUST-1246,2025-02-03 12:51:42.380476096,17.4,Books
TXN-12737,CUST-1734,2025-02-03 16:21:59.303860772,35.76,Books
TXN-12738,CUST-1990,2025-02-03 19:52:16.227245448,318.89,Beauty
TXN-12739,CUST-1489,2025-02-03 23:22:33.150630128,252.77,Beauty
TXN-12740,CUST-1824,2025-02-04 02:52:50.074014804,38.98,Electronics
TXN-12741,CUST-1438,2025-02-04 06:23:06.997399480,429.89,Home & Kitchen
TXN-12742,CUST-1105,2025-02-04 09:53:23.920784156,150.09,Books
TXN-12743,CUST-1180,2025-02-04 13:23:40.844168836,80.81,Beauty
TXN-12744,CUST-1183,2025-02-04 16:53:57.767553512,13.07,Books
TXN-12745,CUST-1225,2025-02-04 20:24:14.690938188,183.79,Apparel
TXN-12746,CUST-1776,2025-02-04 23:54:31.614322864,71.14,Books
TXN-12747,CUST-1789,2025-02-05 03:24:48.537707540,162.14,Home & Kitchen
TXN-12748,CUST-1908,2025-02-05 06:55:05.461092220,144.88,Home & Kitchen
TXN-12749,CUST-1088,2025-02-05 10:25:22.384476896,144.23,Books
TXN-12750,CUST-1687,2025-02-05 13:55:39.307861572,99.84,Apparel
TXN-12751,CUST-1529,2025-02-05 17:25:56.231246248,35.84,Home & Kitchen
TXN-12752,CUST-1370,2025-02-05 20:56:13.154630928,40.73,Beauty
TXN-12753,CUST-1971,2025-02-06 00:26:30.078015604,37.66,Books
TXN-12754,CUST-1935,2025-02-06 03:56:47.001400280,11.52,Apparel
TXN-12755,CUST-1912,2025-02-06 07:27:03.924784956,75.52,Beauty
TXN-12756,CUST-1398,2025-02-06 10:57:20.848169636,100.01,Books
TXN-12757,CUST-1105,2025-02-06 14:27:37.771554312,154.24,Apparel
TXN-12758,CUST-1270,2025-02-06 17:57:54.694938988,21.33,Beauty
TXN-12759,CUST-1974,2025-02-06 21:28:11.618323664,68.92,Home & Kitchen
TXN-12760,CUST-1830,2025-02-07 00:58:28.541708344,10.6,Books
TXN-12761,CUST-1502,2025-02-07 04:28:45.465093020,17.49,Books
TXN-12762,CUST-1678,2025-02-07 07:59:02.388477696,14.18,Home & Kitchen
TXN-12763,CUST-1524,2025-02-07 11:29:19.311862372,106.95,Electronics
TXN-12764,CUST-1848,2025-02-07 14:59:36.235247048,16.34,Beauty
TXN-12765,CUST-1031,2025-02-07 18:29:53.158631728,104.53,Home & Kitchen
TXN-12766,CUST-1392,2025-02-07 22:00:10.082016404,31.54,Books
TXN-12767,CUST-1039,2025-02-08 01:30:27.005401080,167.6,Beauty
TXN-12768,CUST-1659,2025-02-08 05:00:43.928785756,135.81,Beauty
TXN-12769,CUST-1217,2025-02-08 08:31:00.852170436,247.45,Electronics
TXN-12770,CUST-1730,2025-02-08 12:01:17.775555112,171.41,Books
TXN-12771,CUST-1980,2025-02-08 15:31:34.698939788,213.1,Apparel
TXN-12772,CUST-1081,2025-02-08 19:01:51.622324464,156.79,Electronics
TXN-12773,CUST-1844,2025-02-08 22:32:08.545709144,98.66,Electronics
TXN-12774,CUST-1719,2025-02-09 02:02:25.469093820,24.0,Apparel
TXN-12775,CUST-1200,2025-02-09 05:32:42.392478496,33.78,Apparel
TXN-12776,CUST-1446,2025-02-09 09:02:59.315863172,27.94,Electronics
TXN-12777,CUST-1843,2025-02-09 12:33:16.239247852,79.4,Beauty
TXN-12778,CUST-1427,2025-02-09 16:03:33.162632528,62.53,Home & Kitchen
TXN-12779,CUST-1037,2025-02-09 19:33:50.086017204,161.35,Home & Kitchen
TXN-12780,CUST-1210,2025-02-09 23:04:07.009401880,238.8,Electronics
TXN-12781,CUST-1443,2025-02-10 02:34:23.932786556,48.92,Beauty
TXN-12782,CUST-1326,2025-02-10 06:04:40.856171236,62.94,Apparel
TXN-12783,CUST-1760,2025-02-10 09:34:57.779555912,276.88,Electronics
TXN-12784,CUST-1226,2025-02-10 13:05:14.702940588,34.25,Books
TXN-12785,CUST-1047,2025-02-10 16:35:31.626325264,127.91,Beauty
TXN-12786,CUST-1017,2025-02-10 20:05:48.549709944,29.14,Books
TXN-12787,CUST-1911,2025-02-10 23:36:05.473094620,95.8,Books
TXN-12788,CUST-1438,2025-02-11 03:06:22.396479296,31.94,Electronics
TXN-12789,CUST-1806,2025-02-11 06:36:39.319863972,171.39,Beauty
TXN-12790,CUST-1707,2025-02-11 10:06:56.243248652,71.83,Books
TXN-12791,CUST-1186,2025-02-11 13:37:13.166633328,25.43,Beauty
TXN-12792,CUST-1344,2025-02-11 17:07:30.090018004,29.06,Home & Kitchen
TXN-12793,CUST-1223,2025-02-11 20:37:47.013402680,61.07,Books
TXN-12794,CUST-1829,2025-02-12 00:08:03.936787356,254.48,Books
TXN-12795,CUST-1487,2025-02-12 03:38:20.860172036,120.11,Beauty
TXN-12796,CUST-1908,2025-02-12 07:08:37.783556712,60.25,Home & Kitchen
TXN-12797,CUST-1876,2025-02-12 10:38:54.706941388,40.9,Books
TXN-12798,CUST-1848,2025-02-12 14:09:11.630326064,69.77,Electronics
TXN-12799,CUST-1228,2025-02-12 17:39:28.553710744,113.48,Beauty
TXN-12800,CUST-1389,2025-02-12 21:09:45.477095420,124.91,Beauty
TXN-12801,CUST-1978,2025-02-13 00:40:02.400480096,39.43,Books
TXN-12802,CUST-1588,2025-02-13 04:10:19.323864772,105.78,Home & Kitchen
TXN-12803,CUST-1187,2025-02-13 07:40:36.247249452,90.42,Books
TXN-12804,CUST-1857,2025-02-13 11:10:53.170634128,249.77,Apparel
TXN-12805,CUST-1269,2025-02-13 14:41:10.094018804,210.62,Books
TXN-12806,CUST-1606,2025-02-13 18:11:27.017403480,126.83,Apparel
TXN-12807,CUST-1309,2025-02-13 21:41:43.940788160,106.39,Electronics
TXN-12808,CUST-1131,2025-02-14 01:12:00.864172836,34.02,Beauty
TXN-12809,CUST-1550,2025-02-14 04:42:17.787557512,150.29,Beauty
TXN-12810,CUST-1071,2025-02-14 08:12:34.710942188,51.83,Home & Kitchen
TXN-12811,CUST-1792,2025-02-14 11:42:51.634326864,33.83,Books
TXN-12812,CUST-1844,2025-02-14 15:13:08.557711544,46.36,Electronics
TXN-12813,CUST-1671,2025-02-14 18:43:25.481096220,145.56,Apparel
TXN-12814,CUST-1186,2025-02-14 22:13:42.404480896,22.07,Home & Kitchen
TXN-12815,CUST-1485,2025-02-15 01:43:59.327865572,55.68,Electronics
TXN-12816,CUST-1190,2025-02-15 05:14:16.251250252,60.85,Electronics
TXN-12817,CUST-1421,2025-02-15 08:44:33.174634928,12.8,Apparel
TXN-12818,CUST-1119,2025-02-15 12:14:50.098019604,26.34,Apparel
TXN-12819,CUST-1219,2025-02-15 15:45:07.021404280,141.47,Beauty
TXN-12820,CUST-1052,2025-02-15 19:15:23.944788960,143.24,Books
TXN-12821,CUST-1733,2025-02-15 22:45:40.868173636,35.94,Home & Kitchen
TXN-12822,CUST-1450,2025-02-16 02:15:57.791558312,165.9,Books
TXN-12823,CUST-1411,2025-02-16 05:46:14.714942988,120.81,Home & Kitchen
TXN-12824,CUST-1642,2025-02-16 09:16:31.638327664,50.58,Electronics
TXN-12825,CUST-1236,2025-02-16 12:46:48.561712344,113.5,Apparel
TXN-12826,CUST-1757,2025-02-16 16:17:05.485097020,253.96,Apparel
TXN-12827,CUST-1737,2025-02-16 19:47:22.408481696,56.07,Electronics
TXN-12828,CUST-1719,2025-02-16 23:17:39.331866372,30.43,Electronics
TXN-12829,CUST-1405,2025-02-17 02:47:56.255251052,223.31,Home & Kitchen
TXN-12830,CUST-1607,2025-02-17 06:18:13.178635728,79.43,Electronics
TXN-12831,CUST-1421,2025-02-17 09:48:30.102020404,18.34,Home & Kitchen
TXN-12832,CUST-1711,2025-02-17 13:18:47.025405080,73.77,Books
TXN-12833,CUST-1246,2025-02-17 16:49:03.948789760,62.07,Apparel
TXN-12834,CUST-1071,2025-02-17 20:19:20.872174436,155.13,Apparel
TXN-12835,CUST-1829,2025-02-17 23:49:37.795559112,66.74,Apparel
TXN-12836,CUST-1184,2025-02-18 03:19:54.718943788,32.1,Books
TXN-12837,CUST-1005,2025-02-18 06:50:11.642328468,94.44,Books
TXN-12838,CUST-1205,2025-02-18 10:20:28.565713144,68.66,Beauty
TXN-12839,CUST-1543,2025-02-18 13:50:45.489097820,29.9,Home & Kitchen
TXN-12840,CUST-1610,2025-02-18 17:21:02.412482496,73.93,Home & Kitchen
TXN-12841,CUST-1905,2025-02-18 20:51:19.335867172,139.25,Beauty
TXN-12842,CUST-1386,2025-02-19 00:21:36.259251852,12.17,Apparel
TXN-12843,CUST-1767,2025-02-19 03:51:53.182636528,84.74,Home & Kitchen
TXN-12844,CUST-1698,2025-02-19 07:22:10.106021204,42.26,Home & Kitchen
TXN-12845,CUST-1075,2025-02-19 10:52:27.029405880,35.97,Apparel
TXN-12846,CUST-1176,2025-02-19 14:22:43.952790560,47.39,Electronics
TXN-12847,CUST-1826,2025-02-19 17:53:00.876175236,41.39,Electronics
TXN-12848,CUST-1798,2025-02-19 21:23:17.799559912,143.89,Beauty
TXN-12849,CUST-1348,2025-02-20 00:53:34.722944588,34.1,Books
TXN-12850,CUST-1254,2025-02-20 04:23:51.646329268,109.08,Home & Kitchen
TXN-12851,CUST-1836,2025-02-20 07:54:08.569713944,17.41,Home & Kitchen
TXN-12852,CUST-1701,2025-02-20 11:24:25.493098620,236.8,Beauty
TXN-12853,CUST-1307,2025-02-20 14:54:42.416483296,83.03,Beauty
TXN-12854,CUST-1344,2025-02-20 18:24:59.339867976,102.0,Home & Kitchen
TXN-12855,CUST-1126,2025-02-20 21:55:16.263252652,36.54,Apparel
TXN-12856,CUST-1936,2025-02-21 01:25:33.186637328,49.84,Apparel
TXN-12857,CUST-1286,2025-02-21 04:55:50.110022008,29.0,Books
TXN-12858,CUST-1765,2025-02-21 08:26:07.033406680,212.21,Home & Kitchen
TXN-12859,CUST-1724,2025-02-21 11:56:23.956791360,60.22,Home & Kitchen
TXN-12860,CUST-1761,2025-02-21 15:26:40.880176032,84.66,Home & Kitchen
TXN-12861,CUST-1595,2025-02-21 18:56:57.803560712,109.4,Home & Kitchen
TXN-12862,CUST-1486,2025-02-21 22:27:14.726945392,44.78,Beauty
TXN-12863,CUST-1382,2025-02-22 01:57:31.650330064,105.5,Electronics
TXN-12864,CUST-1405,2025-02-22 05:27:48.573714744,94.52,Home & Kitchen
TXN-12865,CUST-1387,2025-02-22 08:58:05.497099424,101.73,Electronics
TXN-12866,CUST-1524,2025-02-22 12:28:22.420484096,60.39,Apparel
TXN-12867,CUST-1556,2025-02-22 15:58:39.343868776,46.21,Books
TXN-12868,CUST-1638,2025-02-22 19:28:56.267253448,28.84,Apparel
TXN-12869,CUST-1937,2025-02-22 22:59:13.190638128,140.56,Home & Kitchen
TXN-12870,CUST-1625,2025-02-23 02:29:30.114022808,80.3,Apparel
TXN-12871,CUST-1944,2025-02-23 05:59:47.037407480,54.07,Beauty
TXN-12872,CUST-1275,2025-02-23 09:30:03.960792160,226.17,Electronics
TXN-12873,CUST-1499,2025-02-23 13:00:20.884176832,13.68,Home & Kitchen
TXN-12874,CUST-1716,2025-02-23 16:30:37.807561512,152.37,Beauty
TXN-12875,CUST-1336,2025-02-23 20:00:54.730946192,461.88,Electronics
TXN-12876,CUST-1949,2025-02-23 23:31:11.654330864,173.49,Beauty
TXN-12877,CUST-1931,2025-02-24 03:01:28.577715544,134.73,Apparel
TXN-12878,CUST-1480,2025-02-24 06:31:45.501100224,45.17,Home & Kitchen
TXN-12879,CUST-1896,2025-02-24 10:02:02.424484896,29.73,Apparel
TXN-12880,CUST-1910,2025-02-24 13:32:19.347869576,109.56,Books
TXN-12881,CUST-1972,2025-02-24 17:02:36.271254248,37.24,Home & Kitchen
TXN-12882,CUST-1272,2025-02-24 20:32:53.194638928,24.52,Apparel
TXN-12883,CUST-1919,2025-02-25 00:03:10.118023608,125.82,Home & Kitchen
TXN-12884,CUST-1057,2025-02-25 03:33:27.041408280,38.11,Electronics
TXN-12885,CUST-1327,2025-02-25 07:03:43.964792960,194.39,Home & Kitchen
TXN-12886,CUST-1730,2025-02-25 10:34:00.888177632,147.74,Home & Kitchen
TXN-12887,CUST-1108,2025-02-25 14:04:17.811562312,151.11,Electronics
TXN-12888,CUST-1278,2025-02-25 17:34:34.734946992,120.74,Apparel
TXN-12889,CUST-1685,2025-02-25 21:04:51.658331664,169.57,Home & Kitchen
TXN-12890,CUST-1327,2025-02-26 00:35:08.581716344,132.89,Beauty
TXN-12891,CUST-1775,2025-02-26 04:05:25.505101024,79.19,Home & Kitchen
TXN-12892,CUST-1314,2025-02-26 07:35:42.428485696,36.3,Apparel
TXN-12893,CUST-1473,2025-02-26 11:05:59.351870376,174.33,Electronics
TXN-12894,CUST-1110,2025-02-26 14:36:16.275255048,147.73,Apparel
TXN-12895,CUST-1698,2025-02-26 18:06:33.198639728,58.02,Books
TXN-12896,CUST-1780,2025-02-26 21:36:50.122024408,12.99,Home & Kitchen
TXN-12897,CUST-1934,2025-02-27 01:07:07.045409080,86.32,Home & Kitchen
TXN-12898,CUST-1228,2025-02-27 04:37:23.968793760,13.89,Electronics
TXN-12899,CUST-1496,2025-02-27 08:07:40.892178440,205.56,Home & Kitchen
TXN-12900,CUST-1155,2025-02-27 11:37:57.815563112,254.54,Beauty
TXN-12901,CUST-1472,2025-02-27 15:08:14.738947792,25.76,Beauty
TXN-12902,CUST-1700,2025-02-27 18:38:31.662332464,94.62,Apparel
TXN-12903,CUST-1271,2025-02-27 22:08:48.585717144,17.26,Electronics
TXN-12904,CUST-1886,2025-02-28 01:39:05.509101824,108.07,Books
TXN-12905,CUST-1001,2025-02-28 05:09:22.432486496,42.0,Apparel
TXN-12906,CUST-1757,2025-02-28 08:39:39.355871176,95.7,Electronics
TXN-12907,CUST-1721,2025-02-28 12:09:56.279255848,45.0,Electronics
TXN-12908,CUST-1510,2025-02-28 15:40:13.202640528,21.8,Apparel
TXN-12909,CUST-1912,2025-02-28 19:10:30.126025208,49.08,Apparel
TXN-12910,CUST-1285,2025-02-28 22:40:47.049409880,18.97,Home & Kitchen
TXN-12911,CUST-1870,2025-03-01 02:11:03.972794560,74.51,Books
TXN-12912,CUST-1012,2025-03-01 05:41:20.896179240,13.14,Beauty
TXN-12913,CUST-1607,2025-03-01 09:11:37.819563912,66.2,Home & Kitchen
TXN-12914,CUST-1497,2025-03-01 12:41:54.742948592,173.11,Electronics
TXN-12915,CUST-1732,2025-03-01 16:12:11.666333264,146.45,Books
TXN-12916,CUST-1237,2025-03-01 19:42:28.589717944,170.78,Books
TXN-12917,CUST-1093,2025-03-01 23:12:45.513102624,201.38,Apparel
TXN-12918,CUST-1337,2025-03-02 02:43:02.436487296,18.28,Books
TXN-12919,CUST-1780,2025-03-02 06:13:19.359871976,20.34,Books
TXN-12920,CUST-1170,2025-03-02 09:43:36.283256648,71.07,Electronics
TXN-12921,CUST-1980,2025-03-02 13:13:53.206641328,178.3,Home & Kitchen
TXN-12922,CUST-1605,2025-03-02 16:44:10.130026008,284.74,Books
TXN-12923,CUST-1660,2025-03-02 20:14:27.053410680,13.55,Apparel
TXN-12924,CUST-1623,2025-03-02 23:44:43.976795360,42.98,Home & Kitchen
TXN-12925,CUST-1566,2025-03-03 03:15:00.900180040,27.95,Apparel
TXN-12926,CUST-1848,2025-03-03 06:45:17.823564712,115.78,Books
TXN-12927,CUST-1935,2025-03-03 10:15:34.746949392,86.66,Home & Kitchen
TXN-12928,CUST-1466,2025-03-03 13:45:51.670334064,19.58,Books
TXN-12929,CUST-1627,2025-03-03 17:16:08.593718744,59.55,Electronics
TXN-12930,CUST-1142,2025-03-03 20:46:25.517103424,96.74,Home & Kitchen
TXN-12931,CUST-1200,2025-03-04 00:16:42.440488096,123.22,Apparel
TXN-12932,CUST-1179,2025-03-04 03:46:59.363872776,11.52,Electronics
TXN-12933,CUST-1713,2025-03-04 07:17:16.287257448,175.87,Beauty
TXN-12934,CUST-1363,2025-03-04 10:47:33.210642128,73.17,Apparel
TXN-12935,CUST-1478,2025-03-04 14:17:50.134026808,135.31,Books
TXN-12936,CUST-1564,2025-03-04 17:48:07.057411480,133.75,Apparel
TXN-12937,CUST-1470,2025-03-04 21:18:23.980796160,25.79,Beauty
TXN-12938,CUST-1383,2025-03-05 00:48:40.904180840,18.75,Apparel
TXN-12939,CUST-1691,2025-03-05 04:18:57.827565512,105.82,Electronics
TXN-12940,CUST-1925,2025-03-05 07:49:14.750950192,22.76,Apparel
TXN-12941,CUST-1416,2025-03-05 11:19:31.674334864,152.25,Home & Kitchen
TXN-12942,CUST-1824,2025-03-05 14:49:48.597719544,107.15,Beauty
TXN-12943,CUST-1307,2025-03-05 18:20:05.521104224,148.3,Apparel
TXN-12944,CUST-1648,2025-03-05 21:50:22.444488896,36.64,Beauty
TXN-12945,CUST-1693,2025-03-06 01:20:39.367873576,38.55,Electronics
TXN-12946,CUST-1366,2025-03-06 04:50:56.291258256,93.43,Home & Kitchen
TXN-12947,CUST-1000,2025-03-06 08:21:13.214642928,12.4,Books
TXN-12948,CUST-1043,2025-03-06 11:51:30.138027608,107.23,Apparel
TXN-12949,CUST-1738,2025-03-06 15:21:47.061412280,145.49,Electronics
TXN-12950,CUST-1842,2025-03-06 18:52:03.984796960,50.23,Beauty
TXN-12951,CUST-1097,2025-03-06 22:22:20.908181640,118.57,Beauty
TXN-12952,CUST-1719,2025-03-07 01:52:37.831566312,24.39,Electronics
TXN-12953,CUST-1264,2025-03-07 05:22:54.754950992,39.17,Apparel
TXN-12954,CUST-1799,2025-03-07 08:53:11.678335664,284.61,Books
TXN-12955,CUST-1782,2025-03-07 12:23:28.601720344,331.93,Apparel
TXN-12956,CUST-1139,2025-03-07 15:53:45.525105024,63.9,Home & Kitchen
TXN-12957,CUST-1480,2025-03-07 19:24:02.448489696,214.16,Apparel
TXN-12958,CUST-1236,2025-03-07 22:54:19.371874376,65.48,Home & Kitchen
TXN-12959,CUST-1973,2025-03-08 02:24:36.295259056,35.85,Beauty
TXN-12960,CUST-1952,2025-03-08 05:54:53.218643728,33.29,Home & Kitchen
TXN-12961,CUST-1903,2025-03-08 09:25:10.142028408,208.92,Books
TXN-12962,CUST-1071,2025-03-08 12:55:27.065413080,24.2,Electronics
TXN-12963,CUST-1666,2025-03-08 16:25:43.988797760,75.0,Home & Kitchen
TXN-12964,CUST-1189,2025-03-08 19:56:00.912182440,70.81,Apparel
TXN-12965,CUST-1267,2025-03-08 23:26:17.835567112,110.92,Home & Kitchen
TXN-12966,CUST-1320,2025-03-09 02:56:34.758951792,61.87,Beauty
TXN-12967,CUST-1106,2025-03-09 06:26:51.682336464,33.84,Home & Kitchen
TXN-12968,CUST-1231,2025-03-09 09:57:08.605721144,23.92,Books
TXN-12969,CUST-1041,2025-03-09 13:27:25.529105824,82.73,Home & Kitchen
TXN-12970,CUST-1701,2025-03-09 16:57:42.452490496,105.2,Books
TXN-12971,CUST-1882,2025-03-09 20:27:59.375875176,73.21,Apparel
TXN-12972,CUST-1138,2025-03-09 23:58:16.299259856,110.56,Beauty
TXN-12973,CUST-1614,2025-03-10 03:28:33.222644528,21.44,Electronics
TXN-12974,CUST-1682,2025-03-10 06:58:50.146029208,170.58,Apparel
TXN-12975,CUST-1862,2025-03-10 10:29:07.069413880,75.49,Apparel
TXN-12976,CUST-1272,2025-03-10 13:59:23.992798560,20.17,Electronics
TXN-12977,CUST-1480,2025-03-10 17:29:40.916183240,56.48,Home & Kitchen
TXN-12978,CUST-1415,2025-03-10 20:59:57.839567912,149.72,Home & Kitchen
TXN-12979,CUST-1505,2025-03-11 00:30:14.762952592,180.89,Home & Kitchen
TXN-12980,CUST-1732,2025-03-11 04:00:31.686337264,33.06,Beauty
TXN-12981,CUST-1724,2025-03-11 07:30:48.609721944,103.17,Apparel
TXN-12982,CUST-1852,2025-03-11 11:01:05.533106624,17.9,Books
TXN-12983,CUST-1423,2025-03-11 14:31:22.456491296,12.56,Electronics
TXN-12984,CUST-1406,2025-03-11 18:01:39.379875976,71.64,Apparel
TXN-12985,CUST-1567,2025-03-11 21:31:56.303260656,99.02,Home & Kitchen
TXN-12986,CUST-1389,2025-03-12 01:02:13.226645328,129.14,Electronics
TXN-12987,CUST-1341,2025-03-12 04:32:30.150030008,41.19,Books
TXN-12988,CUST-1945,2025-03-12 08:02:47.073414680,10.49,Apparel
TXN-12989,CUST-1613,2025-03-12 11:33:03.996799360,58.98,Apparel
TXN-12990,CUST-1932,2025-03-12 15:03:20.920184040,11.2,Beauty
TXN-12991,CUST-1492,2025-03-12 18:33:37.843568712,17.24,Apparel
TXN-12992,CUST-1191,2025-03-12 22:03:54.766953392,39.67,Apparel
TXN-12993,CUST-1498,2025-03-13 01:34:11.690338072,53.11,Books
TXN-12994,CUST-1821,2025-03-13 05:04:28.613722744,34.58,Books
TXN-12995,CUST-1711,2025-03-13 08:34:45.537107424,75.4,Electronics
TXN-12996,CUST-1232,2025-03-13 12:05:02.460492096,14.27,Home & Kitchen
TXN-12997,CUST-1944,2025-03-13 15:35:19.383876776,21.71,Books
TXN-12998,CUST-1226,2025-03-13 19:05:36.307261456,99.12,Electronics
TXN-12999,CUST-1370,2025-03-13 22:35:53.230646128,21.5,Apparel
TXN-13000,CUST-1138,2025-03-14 02:06:10.154030808,86.58,Electronics
TXN-13001,CUST-1855,2025-03-14 05:36:27.077415480,14.22,Electronics
TXN-13002,CUST-1816,2025-03-14 09:06:44.000800160,49.24,Electronics
TXN-13003,CUST-1148,2025-03-14 12:37:00.924184840,24.65,Electronics
TXN-13004,CUST-1114,2025-03-14 16:07:17.847569512,18.71,Books
TXN-13005,CUST-1449,2025-03-14 19:37:34.770954192,72.78,Home & Kitchen
TXN-13006,CUST-1062,2025-03-14 23:07:51.694338872,207.68,Electronics
TXN-13007,CUST-1103,2025-03-15 02:38:08.617723544,14.23,Beauty
TXN-13008,CUST-1850,2025-03-15 06:08:25.541108224,51.06,Apparel
TXN-13009,CUST-1870,2025-03-15 09:38:42.464492896,102.21,Apparel
TXN-13010,CUST-1667,2025-03-15 13:08:59.387877576,56.59,Apparel
TXN-13011,CUST-1272,2025-03-15 16:39:16.311262256,133.18,Apparel
TXN-13012,CUST-1005,2025-03-15 20:09:33.234646928,24.85,Apparel
TXN-13013,CUST-1146,2025-03-15 23:39:50.158031608,250.66,Electronics
TXN-13014,CUST-1183,2025-03-16 03:10:07.081416280,46.48,Home & Kitchen
TXN-13015,CUST-1997,2025-03-16 06:40:24.004800960,41.34,Beauty
TXN-13016,CUST-1027,2025-03-16 10:10:40.928185640,165.72,Books
TXN-13017,CUST-1961,2025-03-16 13:40:57.851570312,72.24,Beauty
TXN-13018,CUST-1549,2025-03-16 17:11:14.774954992,64.49,Books
TXN-13019,CUST-1118,2025-03-16 20:41:31.698339672,107.37,Books
TXN-13020,CUST-1292,2025-03-17 00:11:48.621724344,75.03,Beauty
TXN-13021,CUST-1370,2025-03-17 03:42:05.545109024,23.3,Electronics
TXN-13022,CUST-1243,2025-03-17 07:12:22.468493696,94.11,Apparel
TXN-13023,CUST-1579,2025-03-17 10:42:39.391878376,20.74,Electronics
TXN-13024,CUST-1725,2025-03-17 14:12:56.315263056,132.94,Apparel
TXN-13025,CUST-1217,2025-03-17 17:43:13.238647728,353.44,Home & Kitchen
TXN-13026,CUST-1176,2025-03-17 21:13:30.162032408,45.54,Books
TXN-13027,CUST-1298,2025-03-18 00:43:47.085417080,54.13,Beauty
TXN-13028,CUST-1675,2025-03-18 04:14:04.008801760,13.57,Home & Kitchen
TXN-13029,CUST-1057,2025-03-18 07:44:20.932186440,11.04,Apparel
TXN-13030,CUST-1268,2025-03-18 11:14:37.855571112,200.77,Electronics
TXN-13031,CUST-1307,2025-03-18 14:44:54.778955792,20.33,Beauty
TXN-13032,CUST-1569,2025-03-18 18:15:11.702340472,54.26,Books
TXN-13033,CUST-1287,2025-03-18 21:45:28.625725144,136.7,Home & Kitchen
TXN-13034,CUST-1976,2025-03-19 01:15:45.549109824,175.08,Books
TXN-13035,CUST-1104,2025-03-19 04:46:02.472494496,64.95,Apparel
TXN-13036,CUST-1227,2025-03-19 08:16:19.395879176,72.44,Books
TXN-13037,CUST-1246,2025-03-19 11:46:36.319263856,93.08,Electronics
TXN-13038,CUST-1699,2025-03-19 15:16:53.242648528,254.05,Home & Kitchen
TXN-13039,CUST-1493,2025-03-19 18:47:10.166033208,79.22,Home & Kitchen
TXN-13040,CUST-1082,2025-03-19 22:17:27.089417888,71.48,Electronics
TXN-13041,CUST-1185,2025-03-20 01:47:44.012802560,11.1,Books
TXN-13042,CUST-1251,2025-03-20 05:18:00.936187240,16.33,Electronics
TXN-13043,CUST-1354,2025-03-20 08:48:17.859571912,74.56,Beauty
TXN-13044,CUST-1749,2025-03-20 12:18:34.782956592,216.45,Electronics
TXN-13045,CUST-1871,2025-03-20 15:48:51.706341272,161.13,Books
TXN-13046,CUST-1695,2025-03-20 19:19:08.629725944,313.76,Electronics
TXN-13047,CUST-1795,2025-03-20 22:49:25.553110624,66.28,Apparel
TXN-13048,CUST-1896,2025-03-21 02:19:42.476495296,126.31,Electronics
TXN-13049,CUST-1937,2025-03-21 05:49:59.399879976,147.63,Electronics
TXN-13050,CUST-1209,2025-03-21 09:20:16.323264656,88.32,Books
TXN-13051,CUST-1815,2025-03-21 12:50:33.246649328,41.02,Beauty
TXN-13052,CUST-1807,2025-03-21 16:20:50.170034008,57.61,Beauty
TXN-13053,CUST-1608,2025-03-21 19:51:07.093418688,156.35,Books
TXN-13054,CUST-1446,2025-03-21 23:21:24.016803360,36.6,Books
TXN-13055,CUST-1459,2025-03-22 02:51:40.940188040,203.02,Books
TXN-13056,CUST-1967,2025-03-22 06:21:57.863572712,29.58,Apparel
TXN-13057,CUST-1471,2025-03-22 09:52:14.786957392,113.83,Home & Kitchen
TXN-13058,CUST-1719,2025-03-22 13:22:31.710342072,84.68,Electronics
TXN-13059,CUST-1369,2025-03-22 16:52:48.633726744,113.85,Books
TXN-13060,CUST-1899,2025-03-22 20:23:05.557111424,53.13,Books
TXN-13061,CUST-1933,2025-03-22 23:53:22.480496096,212.33,Books
TXN-13062,CUST-1491,2025-03-23 03:23:39.403880776,85.07,Beauty
TXN-13063,CUST-1922,2025-03-23 06:53:56.327265456,35.51,Books
TXN-13064,CUST-1136,2025-03-23 10:24:13.250650128,86.3,Electronics
TXN-13065,CUST-1366,2025-03-23 13:54:30.174034808,35.35,Books
TXN-13066,CUST-1911,2025-03-23 17:24:47.097419488,36.07,Electronics
TXN-13067,CUST-1183,2025-03-23 20:55:04.020804160,48.26,Apparel
TXN-13068,CUST-1587,2025-03-24 00:25:20.944188840,153.51,Home & Kitchen
TXN-13069,CUST-1286,2025-03-24 03:55:37.867573512,62.03,Beauty
TXN-13070,CUST-1471,2025-03-24 07:25:54.790958192,95.2,Electronics
TXN-13071,CUST-1374,2025-03-24 10:56:11.714342872,47.31,Apparel
TXN-13072,CUST-1653,2025-03-24 14:26:28.637727544,32.95,Home & Kitchen
TXN-13073,CUST-1748,2025-03-24 17:56:45.561112224,241.98,Home & Kitchen
TXN-13074,CUST-1536,2025-03-24 21:27:02.484496896,79.4,Home & Kitchen
TXN-13075,CUST-1510,2025-03-25 00:57:19.407881576,213.8,Electronics
TXN-13076,CUST-1801,2025-03-25 04:27:36.331266256,27.06,Apparel
TXN-13077,CUST-1578,2025-03-25 07:57:53.254650928,21.92,Books
TXN-13078,CUST-1249,2025-03-25 11:28:10.178035608,155.25,Apparel
TXN-13079,CUST-1919,2025-03-25 14:58:27.101420288,95.67,Apparel
TXN-13080,CUST-1509,2025-03-25 18:28:44.024804960,25.49,Apparel
TXN-13081,CUST-1629,2025-03-25 21:59:00.948189640,33.54,Electronics
TXN-13082,CUST-1072,2025-03-26 01:29:17.871574312,130.96,Electronics
TXN-13083,CUST-1281,2025-03-26 04:59:34.794958992,55.37,Electronics
TXN-13084,CUST-1915,2025-03-26 08:29:51.718343672,93.27,Apparel
TXN-13085,CUST-1959,2025-03-26 12:00:08.641728344,38.74,Electronics
TXN-13086,CUST-1359,2025-03-26 15:30:25.565113024,46.0,Home & Kitchen
TXN-13087,CUST-1009,2025-03-26 19:00:42.488497704,360.93,Electronics
TXN-13088,CUST-1210,2025-03-26 22:30:59.411882376,31.34,Beauty
TXN-13089,CUST-1834,2025-03-27 02:01:16.335267056,62.96,Electronics
TXN-13090,CUST-1151,2025-03-27 05:31:33.258651728,149.54,Electronics
TXN-13091,CUST-1004,2025-03-27 09:01:50.182036408,30.51,Electronics
TXN-13092,CUST-1194,2025-03-27 12:32:07.105421088,50.24,Electronics
TXN-13093,CUST-1953,2025-03-27 16:02:24.028805760,81.61,Beauty
TXN-13094,CUST-1282,2025-03-27 19:32:40.952190440,59.22,Books
TXN-13095,CUST-1463,2025-03-27 23:02:57.875575112,56.14,Electronics
TXN-13096,CUST-1112,2025-03-28 02:33:14.798959792,43.77,Home & Kitchen
TXN-13097,CUST-1270,2025-03-28 06:03:31.722344472,76.26,Beauty
TXN-13098,CUST-1162,2025-03-28 09:33:48.645729144,83.44,Books
TXN-13099,CUST-1459,2025-03-28 13:04:05.569113824,89.44,Electronics
TXN-13100,CUST-1104,2025-03-28 16:34:22.492498504,15.47,Books
TXN-13101,CUST-1692,2025-03-28 20:04:39.415883176,84.78,Home & Kitchen
TXN-13102,CUST-1555,2025-03-28 23:34:56.339267856,239.7,Beauty
TXN-13103,CUST-1281,2025-03-29 03:05:13.262652528,68.4,Beauty
TXN-13104,CUST-1686,2025-03-29 06:35:30.186037208,104.22,Books
TXN-13105,CUST-1161,2025-03-29 10:05:47.109421888,71.02,Electronics
TXN-13106,CUST-1982,2025-03-29 13:36:04.032806560,154.69,Apparel
TXN-13107,CUST-1350,2025-03-29 17:06:20.956191240,209.0,Beauty
TXN-13108,CUST-1433,2025-03-29 20:36:37.879575912,25.27,Apparel
TXN-13109,CUST-1851,2025-03-30 00:06:54.802960592,53.07,Beauty
TXN-13110,CUST-1139,2025-03-30 03:37:11.726345272,47.37,Electronics
TXN-13111,CUST-1470,2025-03-30 07:07:28.649729944,48.97,Electronics
TXN-13112,CUST-1131,2025-03-30 10:37:45.573114624,20.06,Beauty
TXN-13113,CUST-1086,2025-03-30 14:08:02.496499304,136.0,Books
TXN-13114,CUST-1687,2025-03-30 17:38:19.419883976,12.73,Electronics
TXN-13115,CUST-1182,2025-03-30 21:08:36.343268656,66.34,Electronics
TXN-13116,CUST-1367,2025-03-31 00:38:53.266653328,91.33,Home & Kitchen
TXN-13117,CUST-1128,2025-03-31 04:09:10.190038008,27.44,Electronics
TXN-13118,CUST-1245,2025-03-31 07:39:27.113422688,187.22,Home & Kitchen
TXN-13119,CUST-1600,2025-03-31 11:09:44.036807360,146.77,Electronics
TXN-13120,CUST-1577,2025-03-31 14:40:00.960192040,57.77,Electronics
TXN-13121,CUST-1669,2025-03-31 18:10:17.883576712,49.72,Books
TXN-13122,CUST-1898,2025-03-31 21:40:34.806961392,30.24,Books
TXN-13123,CUST-1377,2025-04-01 01:10:51.730346072,108.2,Electronics
TXN-13124,CUST-1148,2025-04-01 04:41:08.653730744,20.6,Beauty
TXN-13125,CUST-1984,2025-04-01 08:11:25.577115424,95.51,Beauty
TXN-13126,CUST-1851,2025-04-01 11:41:42.500500104,148.6,Electronics
TXN-13127,CUST-1432,2025-04-01 15:11:59.423884776,29.45,Beauty
TXN-13128,CUST-1627,2025-04-01 18:42:16.347269456,160.98,Electronics
TXN-13129,CUST-1725,2025-04-01 22:12:33.270654128,12.54,Books
TXN-13130,CUST-1468,2025-04-02 01:42:50.194038808,192.96,Apparel
TXN-13131,CUST-1445,2025-04-02 05:13:07.117423488,19.45,Home & Kitchen
TXN-13132,CUST-1480,2025-04-02 08:43:24.040808160,87.83,Beauty
TXN-13133,CUST-1883,2025-04-02 12:13:40.964192840,31.58,Beauty
TXN-13134,CUST-1293,2025-04-02 15:43:57.887577520,145.84,Books
TXN-13135,CUST-1764,2025-04-02 19:14:14.810962192,63.85,Beauty
TXN-13136,CUST-1142,2025-04-02 22:44:31.734346872,20.9,Electronics
TXN-13137,CUST-1249,2025-04-03 02:14:48.657731544,73.47,Electronics
TXN-13138,CUST-1877,2025-04-03 05:45:05.581116224,49.3,Apparel
TXN-13139,CUST-1947,2025-04-03 09:15:22.504500904,91.23,Apparel
TXN-13140,CUST-1974,2025-04-03 12:45:39.427885576,170.22,Apparel
TXN-13141,CUST-1301,2025-04-03 16:15:56.351270256,49.49,Electronics
TXN-13142,CUST-1024,2025-04-03 19:46:13.274654928,35.67,Apparel
TXN-13143,CUST-1788,2025-04-03 23:16:30.198039608,11.1,Apparel
TXN-13144,CUST-1983,2025-04-04 02:46:47.121424288,74.15,Electronics
TXN-13145,CUST-1888,2025-04-04 06:17:04.044808960,48.6,Books
TXN-13146,CUST-1889,2025-04-04 09:47:20.968193640,45.21,Beauty
TXN-13147,CUST-1900,2025-04-04 13:17:37.891578320,25.15,Home & Kitchen
TXN-13148,CUST-1069,2025-04-04 16:47:54.814962992,52.17,Electronics
TXN-13149,CUST-1624,2025-04-04 20:18:11.738347672,322.24,Electronics
TXN-13150,CUST-1874,2025-04-04 23:48:28.661732344,36.51,Home & Kitchen
TXN-13151,CUST-1111,2025-04-05 03:18:45.585117024,78.67,Home & Kitchen
TXN-13152,CUST-1363,2025-04-05 06:49:02.508501704,122.37,Apparel
TXN-13153,CUST-1302,2025-04-05 10:19:19.431886376,113.72,Home & Kitchen
TXN-13154,CUST-1470,2025-04-05 13:49:36.355271056,39.9,Beauty
TXN-13155,CUST-1963,2025-04-05 17:19:53.278655728,80.79,Beauty
TXN-13156,CUST-1090,2025-04-05 20:50:10.202040408,163.75,Beauty
TXN-13157,CUST-1529,2025-04-06 00:20:27.125425088,11.17,Beauty
TXN-13158,CUST-1660,2025-04-06 03:50:44.048809760,52.92,Beauty
TXN-13159,CUST-1987,2025-04-06 07:21:00.972194440,29.05,Apparel
TXN-13160,CUST-1738,2025-04-06 10:51:17.895579120,46.9,Electronics
TXN-13161,CUST-1725,2025-04-06 14:21:34.818963792,50.34,Home & Kitchen
TXN-13162,CUST-1871,2025-04-06 17:51:51.742348472,112.98,Electronics
TXN-13163,CUST-1662,2025-04-06 21:22:08.665733144,17.39,Home & Kitchen
TXN-13164,CUST-1191,2025-04-07 00:52:25.589117824,63.9,Apparel
TXN-13165,CUST-1962,2025-04-07 04:22:42.512502504,72.29,Apparel
TXN-13166,CUST-1551,2025-04-07 07:52:59.435887176,61.11,Books
TXN-13167,CUST-1241,2025-04-07 11:23:16.359271856,108.72,Books
TXN-13168,CUST-1137,2025-04-07 14:53:33.282656528,46.31,Apparel
TXN-13169,CUST-1344,2025-04-07 18:23:50.206041208,227.49,Apparel
TXN-13170,CUST-1179,2025-04-07 21:54:07.129425888,59.31,Home & Kitchen
TXN-13171,CUST-1711,2025-04-08 01:24:24.052810560,73.51,Apparel
TXN-13172,CUST-1502,2025-04-08 04:54:40.976195240,140.95,Electronics
TXN-13173,CUST-1202,2025-04-08 08:24:57.899579920,34.14,Home & Kitchen
TXN-13174,CUST-1572,2025-04-08 11:55:14.822964592,15.86,Apparel
TXN-13175,CUST-1191,2025-04-08 15:25:31.746349272,102.27,Home & Kitchen
TXN-13176,CUST-1004,2025-04-08 18:55:48.669733944,59.48,Home & Kitchen
TXN-13177,CUST-1889,2025-04-08 22:26:05.593118624,180.12,Beauty
TXN-13178,CUST-1236,2025-04-09 01:56:22.516503304,314.19,Books
TXN-13179,CUST-1692,2025-04-09 05:26:39.439887976,48.2,Home & Kitchen
TXN-13180,CUST-1310,2025-04-09 08:56:56.363272656,50.27,Home & Kitchen
TXN-13181,CUST-1548,2025-04-09 12:27:13.286657328,49.31,Beauty
TXN-13182,CUST-1055,2025-04-09 15:57:30.210042008,39.43,Apparel
TXN-13183,CUST-1442,2025-04-09 19:27:47.133426688,124.14,Home & Kitchen
TXN-13184,CUST-1236,2025-04-09 22:58:04.056811360,116.72,Beauty
TXN-13185,CUST-1869,2025-04-10 02:28:20.980196040,58.85,Electronics
TXN-13186,CUST-1860,2025-04-10 05:58:37.903580720,13.43,Beauty
TXN-13187,CUST-1196,2025-04-10 09:28:54.826965392,37.78,Books
TXN-13188,CUST-1584,2025-04-10 12:59:11.750350072,35.93,Books
TXN-13189,CUST-1570,2025-04-10 16:29:28.673734744,134.99,Apparel
TXN-13190,CUST-1751,2025-04-10 19:59:45.597119424,16.87,Apparel
TXN-13191,CUST-1513,2025-04-10 23:30:02.520504104,132.87,Books
TXN-13192,CUST-1448,2025-04-11 03:00:19.443888776,92.96,Books
TXN-13193,CUST-1359,2025-04-11 06:30:36.367273456,108.88,Home & Kitchen
TXN-13194,CUST-1699,2025-04-11 10:00:53.290658136,52.45,Books
TXN-13195,CUST-1818,2025-04-11 13:31:10.214042808,95.39,Apparel
TXN-13196,CUST-1029,2025-04-11 17:01:27.137427488,80.43,Books
TXN-13197,CUST-1778,2025-04-11 20:31:44.060812160,119.89,Apparel
TXN-13198,CUST-1987,2025-04-12 00:02:00.984196840,54.4,Electronics
TXN-13199,CUST-1107,2025-04-12 03:32:17.907581520,58.02,Books
TXN-13200,CUST-1843,2025-04-12 07:02:34.830966192,87.37,Apparel
TXN-13201,CUST-1934,2025-04-12 10:32:51.754350872,18.58,Beauty
TXN-13202,CUST-1601,2025-04-12 14:03:08.677735544,52.99,Home & Kitchen
TXN-13203,CUST-1716,2025-04-12 17:33:25.601120224,278.03,Apparel
TXN-13204,CUST-1890,2025-04-12 21:03:42.524504904,12.87,Books
TXN-13205,CUST-1967,2025-04-13 00:33:59.447889576,38.49,Books
TXN-13206,CUST-1958,2025-04-13 04:04:16.371274256,38.28,Electronics
TXN-13207,CUST-1959,2025-04-13 07:34:33.294658936,85.27,Beauty
TXN-13208,CUST-1444,2025-04-13 11:04:50.218043608,18.39,Apparel
TXN-13209,CUST-1892,2025-04-13 14:35:07.141428288,84.27,Beauty
TXN-13210,CUST-1437,2025-04-13 18:05:24.064812960,17.49,Electronics
TXN-13211,CUST-1731,2025-04-13 21:35:40.988197640,17.48,Home & Kitchen
TXN-13212,CUST-1889,2025-04-14 01:05:57.911582320,107.7,Beauty
TXN-13213,CUST-1605,2025-04-14 04:36:14.834966992,39.38,Electronics
TXN-13214,CUST-1456,2025-04-14 08:06:31.758351672,294.31,Apparel
TXN-13215,CUST-1614,2025-04-14 11:36:48.681736344,12.86,Home & Kitchen
TXN-13216,CUST-1734,2025-04-14 15:07:05.605121024,54.17,Books
TXN-13217,CUST-1697,2025-04-14 18:37:22.528505704,19.0,Electronics
TXN-13218,CUST-1980,2025-04-14 22:07:39.451890376,42.47,Books
TXN-13219,CUST-1695,2025-04-15 01:37:56.375275056,484.94,Home & Kitchen
TXN-13220,CUST-1494,2025-04-15 05:08:13.298659736,174.76,Electronics
TXN-13221,CUST-1673,2025-04-15 08:38:30.222044408,13.71,Electronics
TXN-13222,CUST-1246,2025-04-15 12:08:47.145429088,72.13,Home & Kitchen
TXN-13223,CUST-1542,2025-04-15 15:39:04.068813760,88.27,Apparel
TXN-13224,CUST-1563,2025-04-15 19:09:20.992198440,27.64,Electronics
TXN-13225,CUST-1856,2025-04-15 22:39:37.915583120,21.76,Home & Kitchen
TXN-13226,CUST-1587,2025-04-16 02:09:54.838967792,186.05,Beauty
TXN-13227,CUST-1896,2025-04-16 05:40:11.762352472,270.09,Books
TXN-13228,CUST-1438,2025-04-16 09:10:28.685737144,371.13,Electronics
TXN-13229,CUST-1277,2025-04-16 12:40:45.609121824,126.96,Beauty
TXN-13230,CUST-1551,2025-04-16 16:11:02.532506504,91.69,Electronics
TXN-13231,CUST-1612,2025-04-16 19:41:19.455891176,41.82,Apparel
TXN-13232,CUST-1110,2025-04-16 23:11:36.379275856,24.1,Home & Kitchen
TXN-13233,CUST-1384,2025-04-17 02:41:53.302660536,16.17,Electronics
TXN-13234,CUST-1832,2025-04-17 06:12:10.226045208,98.64,Home & Kitchen
TXN-13235,CUST-1760,2025-04-17 09:42:27.149429888,125.19,Electronics
TXN-13236,CUST-1190,2025-04-17 13:12:44.072814560,141.35,Apparel
TXN-13237,CUST-1489,2025-04-17 16:43:00.996199240,193.8,Apparel
TXN-13238,CUST-1693,2025-04-17 20:13:17.919583920,168.98,Beauty
TXN-13239,CUST-1425,2025-04-17 23:43:34.842968592,629.48,Apparel
TXN-13240,CUST-1404,2025-04-18 03:13:51.766353272,30.98,Home & Kitchen
TXN-13241,CUST-1334,2025-04-18 06:44:08.689737952,118.07,Apparel
TXN-13242,CUST-1208,2025-04-18 10:14:25.613122624,76.22,Electronics
TXN-13243,CUST-1021,2025-04-18 13:44:42.536507304,32.71,Apparel
TXN-13244,CUST-1677,2025-04-18 17:14:59.459891976,310.91,Home & Kitchen
TXN-13245,CUST-1610,2025-04-18 20:45:16.383276656,181.13,Electronics
TXN-13246,CUST-1207,2025-04-19 00:15:33.306661336,20.32,Beauty
TXN-13247,CUST-1007,2025-04-19 03:45:50.230046008,11.99,Beauty
TXN-13248,CUST-1701,2025-04-19 07:16:07.153430688,97.44,Beauty
TXN-13249,CUST-1686,2025-04-19 10:46:24.076815360,79.5,Electronics
TXN-13250,CUST-1784,2025-04-19 14:16:41.000200040,215.95,Beauty
TXN-13251,CUST-1528,2025-04-19 17:46:57.923584720,29.99,Apparel
TXN-13252,CUST-1601,2025-04-19 21:17:14.846969392,16.61,Electronics
TXN-13253,CUST-1652,2025-04-20 00:47:31.770354072,32.5,Electronics
TXN-13254,CUST-1656,2025-04-20 04:17:48.693738752,11.43,Electronics
TXN-13255,CUST-1165,2025-04-20 07:48:05.617123424,12.74,Books
TXN-13256,CUST-1848,2025-04-20 11:18:22.540508104,194.76,Home & Kitchen
TXN-13257,CUST-1495,2025-04-20 14:48:39.463892776,42.54,Books
TXN-13258,CUST-1589,2025-04-20 18:18:56.387277456,49.68,Books
TXN-13259,CUST-1428,2025-04-20 21:49:13.310662136,11.39,Books
TXN-13260,CUST-1773,2025-04-21 01:19:30.234046808,33.66,Home & Kitchen
TXN-13261,CUST-1162,2025-04-21 04:49:47.157431488,132.5,Books
TXN-13262,CUST-1365,2025-04-21 08:20:04.080816160,81.68,Beauty
TXN-13263,CUST-1525,2025-04-21 11:50:21.004200840,115.11,Electronics
TXN-13264,CUST-1238,2025-04-21 15:20:37.927585520,54.46,Electronics
TXN-13265,CUST-1071,2025-04-21 18:50:54.850970192,37.8,Apparel
TXN-13266,CUST-1444,2025-04-21 22:21:11.774354872,59.45,Beauty
TXN-13267,CUST-1654,2025-04-22 01:51:28.697739552,39.26,Home & Kitchen
TXN-13268,CUST-1821,2025-04-22 05:21:45.621124224,146.96,Electronics
TXN-13269,CUST-1508,2025-04-22 08:52:02.544508904,36.5,Books
TXN-13270,CUST-1794,2025-04-22 12:22:19.467893576,90.86,Apparel
TXN-13271,CUST-1268,2025-04-22 15:52:36.391278256,21.05,Apparel
TXN-13272,CUST-1752,2025-04-22 19:22:53.314662936,97.08,Electronics
TXN-13273,CUST-1414,2025-04-22 22:53:10.238047608,193.4,Beauty
TXN-13274,CUST-1244,2025-04-23 02:23:27.161432288,80.35,Apparel
TXN-13275,CUST-1674,2025-04-23 05:53:44.084816960,71.55,Electronics
TXN-13276,CUST-1059,2025-04-23 09:24:01.008201640,253.54,Beauty
TXN-13277,CUST-1005,2025-04-23 12:54:17.931586320,84.04,Electronics
TXN-13278,CUST-1708,2025-04-23 16:24:34.854970992,32.54,Electronics
TXN-13279,CUST-1981,2025-04-23 19:54:51.778355672,35.94,Beauty
TXN-13280,CUST-1569,2025-04-23 23:25:08.701740352,101.64,Beauty
TXN-13281,CUST-1816,2025-04-24 02:55:25.625125024,109.73,Beauty
TXN-13282,CUST-1406,2025-04-24 06:25:42.548509704,37.13,Electronics
TXN-13283,CUST-1216,2025-04-24 09:55:59.471894376,41.77,Apparel
TXN-13284,CUST-1929,2025-04-24 13:26:16.395279056,363.76,Home & Kitchen
TXN-13285,CUST-1025,2025-04-24 16:56:33.318663736,18.06,Home & Kitchen
TXN-13286,CUST-1814,2025-04-24 20:26:50.242048408,48.89,Electronics
TXN-13287,CUST-1004,2025-04-24 23:57:07.165433088,14.84,Electronics
TXN-13288,CUST-1985,2025-04-25 03:27:24.088817768,139.06,Apparel
TXN-13289,CUST-1531,2025-04-25 06:57:41.012202440,17.27,Beauty
TXN-13290,CUST-1389,2025-04-25 10:27:57.935587120,94.07,Electronics
TXN-13291,CUST-1709,2025-04-25 13:58:14.858971792,14.36,Books
TXN-13292,CUST-1570,2025-04-25 17:28:31.782356472,93.8,Beauty
TXN-13293,CUST-1447,2025-04-25 20:58:48.705741152,148.88,Electronics
TXN-13294,CUST-1753,2025-04-26 00:29:05.629125824,48.16,Books
TXN-13295,CUST-1145,2025-04-26 03:59:22.552510504,65.38,Apparel
TXN-13296,CUST-1387,2025-04-26 07:29:39.475895176,48.5,Books
TXN-13297,CUST-1784,2025-04-26 10:59:56.399279856,36.8,Electronics
TXN-13298,CUST-1248,2025-04-26 14:30:13.322664536,131.94,Home & Kitchen
TXN-13299,CUST-1525,2025-04-26 18:00:30.246049208,33.81,Electronics
TXN-13300,CUST-1461,2025-04-26 21:30:47.169433888,106.27,Home & Kitchen
TXN-13301,CUST-1012,2025-04-27 01:01:04.092818568,27.32,Apparel
TXN-13302,CUST-1902,2025-04-27 04:31:21.016203240,31.56,Apparel
TXN-13303,CUST-1383,2025-04-27 08:01:37.939587920,40.76,Beauty
TXN-13304,CUST-1555,2025-04-27 11:31:54.862972592,76.72,Beauty
TXN-13305,CUST-1886,2025-04-27 15:02:11.786357272,55.44,Home & Kitchen
TXN-13306,CUST-1398,2025-04-27 18:32:28.709741952,112.53,Home & Kitchen
TXN-13307,CUST-1018,2025-04-27 22:02:45.633126624,28.02,Apparel
TXN-13308,CUST-1574,2025-04-28 01:33:02.556511304,10.8,Books
TXN-13309,CUST-1490,2025-04-28 05:03:19.479895976,122.4,Home & Kitchen
TXN-13310,CUST-1750,2025-04-28 08:33:36.403280656,139.3,Home & Kitchen
TXN-13311,CUST-1418,2025-04-28 12:03:53.326665336,14.6,Books
TXN-13312,CUST-1336,2025-04-28 15:34:10.250050008,80.8,Beauty
TXN-13313,CUST-1418,2025-04-28 19:04:27.173434688,45.64,Beauty
TXN-13314,CUST-1914,2025-04-28 22:34:44.096819368,128.45,Home & Kitchen
TXN-13315,CUST-1915,2025-04-29 02:05:01.020204040,165.61,Beauty
TXN-13316,CUST-1611,2025-04-29 05:35:17.943588720,152.79,Beauty
TXN-13317,CUST-1674,2025-04-29 09:05:34.866973392,122.61,Beauty
TXN-13318,CUST-1927,2025-04-29 12:35:51.790358072,33.51,Apparel
TXN-13319,CUST-1121,2025-04-29 16:06:08.713742752,135.3,Electronics
TXN-13320,CUST-1431,2025-04-29 19:36:25.637127424,67.18,Home & Kitchen
TXN-13321,CUST-1043,2025-04-29 23:06:42.560512104,14.06,Home & Kitchen
TXN-13322,CUST-1871,2025-04-30 02:36:59.483896776,55.79,Apparel
TXN-13323,CUST-1919,2025-04-30 06:07:16.407281456,223.75,Electronics
TXN-13324,CUST-1316,2025-04-30 09:37:33.330666136,174.1,Electronics
TXN-13325,CUST-1380,2025-04-30 13:07:50.254050808,18.09,Apparel
TXN-13326,CUST-1144,2025-04-30 16:38:07.177435488,112.23,Books
TXN-13327,CUST-1326,2025-04-30 20:08:24.100820168,132.91,Books
TXN-13328,CUST-1362,2025-04-30 23:38:41.024204840,33.75,Electronics
TXN-13329,CUST-1049,2025-05-01 03:08:57.947589520,57.84,Books
TXN-13330,CUST-1064,2025-05-01 06:39:14.870974192,103.1,Books
TXN-13331,CUST-1354,2025-05-01 10:09:31.794358872,53.36,Books
TXN-13332,CUST-1799,2025-05-01 13:39:48.717743552,18.98,Electronics
TXN-13333,CUST-1163,2025-05-01 17:10:05.641128224,101.78,Books
TXN-13334,CUST-1140,2025-05-01 20:40:22.564512904,191.97,Home & Kitchen
TXN-13335,CUST-1965,2025-05-02 00:10:39.487897584,89.27,Electronics
TXN-13336,CUST-1825,2025-05-02 03:40:56.411282256,121.48,Apparel
TXN-13337,CUST-1127,2025-05-02 07:11:13.334666936,43.28,Books
TXN-13338,CUST-1397,2025-05-02 10:41:30.258051608,25.18,Beauty
TXN-13339,CUST-1932,2025-05-02 14:11:47.181436288,87.2,Electronics
TXN-13340,CUST-1879,2025-05-02 17:42:04.104820968,39.79,Apparel
TXN-13341,CUST-1462,2025-05-02 21:12:21.028205640,157.5,Home & Kitchen
TXN-13342,CUST-1750,2025-05-03 00:42:37.951590320,19.81,Apparel
TXN-13343,CUST-1835,2025-05-03 04:12:54.874974992,52.62,Books
TXN-13344,CUST-1807,2025-05-03 07:43:11.798359672,47.9,Beauty
TXN-13345,CUST-1186,2025-05-03 11:13:28.721744352,218.61,Books
TXN-13346,CUST-1719,2025-05-03 14:43:45.645129024,22.47,Apparel
TXN-13347,CUST-1731,2025-05-03 18:14:02.568513704,10.74,Electronics
TXN-13348,CUST-1911,2025-05-03 21:44:19.491898384,30.39,Beauty
TXN-13349,CUST-1189,2025-05-04 01:14:36.415283056,138.73,Beauty
TXN-13350,CUST-1387,2025-05-04 04:44:53.338667736,27.61,Apparel
TXN-13351,CUST-1428,2025-05-04 08:15:10.262052408,30.67,Books
TXN-13352,CUST-1857,2025-05-04 11:45:27.185437088,20.44,Apparel
TXN-13353,CUST-1283,2025-05-04 15:15:44.108821768,104.26,Beauty
TXN-13354,CUST-1863,2025-05-04 18:46:01.032206440,15.38,Apparel
TXN-13355,CUST-1236,2025-05-04 22:16:17.955591120,40.17,Beauty
TXN-13356,CUST-1193,2025-05-05 01:46:34.878975792,34.9,Books
TXN-13357,CUST-1286,2025-05-05 05:16:51.802360472,70.75,Electronics
TXN-13358,CUST-1770,2025-05-05 08:47:08.725745152,108.32,Electronics
TXN-13359,CUST-1757,2025-05-05 12:17:25.649129824,67.09,Apparel
TXN-13360,CUST-1135,2025-05-05 15:47:42.572514504,210.55,Beauty
TXN-13361,CUST-1791,2025-05-05 19:17:59.495899184,236.88,Electronics
TXN-13362,CUST-1782,2025-05-05 22:48:16.419283856,43.64,Beauty
TXN-13363,CUST-1170,2025-05-06 02:18:33.342668536,122.77,Books
TXN-13364,CUST-1158,2025-05-06 05:48:50.266053208,110.69,Apparel
TXN-13365,CUST-1200,2025-05-06 09:19:07.189437888,177.59,Beauty
TXN-13366,CUST-1486,2025-05-06 12:49:24.112822568,54.56,Apparel
TXN-13367,CUST-1556,2025-05-06 16:19:41.036207240,66.7,Beauty
TXN-13368,CUST-1961,2025-05-06 19:49:57.959591920,50.31,Beauty
TXN-13369,CUST-1775,2025-05-06 23:20:14.882976592,152.47,Books
TXN-13370,CUST-1582,2025-05-07 02:50:31.806361272,29.57,Apparel
TXN-13371,CUST-1503,2025-05-07 06:20:48.729745952,30.55,Home & Kitchen
TXN-13372,CUST-1875,2025-05-07 09:51:05.653130624,44.96,Beauty
TXN-13373,CUST-1370,2025-05-07 13:21:22.576515304,29.64,Beauty
TXN-13374,CUST-1102,2025-05-07 16:51:39.499899984,71.75,Electronics
TXN-13375,CUST-1124,2025-05-07 20:21:56.423284656,20.83,Apparel
TXN-13376,CUST-1312,2025-05-07 23:52:13.346669336,38.95,Home & Kitchen
TXN-13377,CUST-1975,2025-05-08 03:22:30.270054008,193.52,Books
TXN-13378,CUST-1994,2025-05-08 06:52:47.193438688,49.47,Home & Kitchen
TXN-13379,CUST-1797,2025-05-08 10:23:04.116823368,113.44,Books
TXN-13380,CUST-1457,2025-05-08 13:53:21.040208040,19.03,Home & Kitchen
TXN-13381,CUST-1229,2025-05-08 17:23:37.963592720,31.33,Home & Kitchen
TXN-13382,CUST-1657,2025-05-08 20:53:54.886977400,133.51,Apparel
TXN-13383,CUST-1881,2025-05-09 00:24:11.810362072,117.97,Electronics
TXN-13384,CUST-1196,2025-05-09 03:54:28.733746752,46.6,Home & Kitchen
TXN-13385,CUST-1884,2025-05-09 07:24:45.657131424,241.58,Beauty
TXN-13386,CUST-1732,2025-05-09 10:55:02.580516104,191.13,Beauty
TXN-13387,CUST-1422,2025-05-09 14:25:19.503900784,255.86,Beauty
TXN-13388,CUST-1571,2025-05-09 17:55:36.427285456,51.89,Electronics
TXN-13389,CUST-1609,2025-05-09 21:25:53.350670136,26.5,Home & Kitchen
TXN-13390,CUST-1170,2025-05-10 00:56:10.274054808,83.89,Books
TXN-13391,CUST-1381,2025-05-10 04:26:27.197439488,96.58,Books
TXN-13392,CUST-1172,2025-05-10 07:56:44.120824168,20.05,Apparel
TXN-13393,CUST-1662,2025-05-10 11:27:01.044208840,125.8,Electronics
TXN-13394,CUST-1452,2025-05-10 14:57:17.967593520,11.37,Home & Kitchen
TXN-13395,CUST-1349,2025-05-10 18:27:34.890978200,59.44,Beauty
TXN-13396,CUST-1901,2025-05-10 21:57:51.814362872,40.15,Electronics
TXN-13397,CUST-1951,2025-05-11 01:28:08.737747552,111.12,Electronics
TXN-13398,CUST-1633,2025-05-11 04:58:25.661132224,38.13,Home & Kitchen
TXN-13399,CUST-1493,2025-05-11 08:28:42.584516904,141.5,Apparel
TXN-13400,CUST-1619,2025-05-11 11:58:59.507901584,77.78,Apparel
TXN-13401,CUST-1003,2025-05-11 15:29:16.431286256,128.45,Apparel
TXN-13402,CUST-1092,2025-05-11 18:59:33.354670936,350.6,Beauty
TXN-13403,CUST-1918,2025-05-11 22:29:50.278055608,95.26,Beauty
TXN-13404,CUST-1005,2025-05-12 02:00:07.201440288,324.73,Home & Kitchen
TXN-13405,CUST-1287,2025-05-12 05:30:24.124824968,12.19,Apparel
TXN-13406,CUST-1617,2025-05-12 09:00:41.048209640,40.95,Home & Kitchen
TXN-13407,CUST-1145,2025-05-12 12:30:57.971594320,18.56,Apparel
TXN-13408,CUST-1782,2025-05-12 16:01:14.894979000,32.82,Electronics
TXN-13409,CUST-1423,2025-05-12 19:31:31.818363672,146.92,Books
TXN-13410,CUST-1889,2025-05-12 23:01:48.741748352,12.46,Books
TXN-13411,CUST-1607,2025-05-13 02:32:05.665133024,65.08,Apparel
TXN-13412,CUST-1456,2025-05-13 06:02:22.588517704,72.8,Home & Kitchen
TXN-13413,CUST-1740,2025-05-13 09:32:39.511902384,71.77,Beauty
TXN-13414,CUST-1201,2025-05-13 13:02:56.435287056,58.37,Apparel
TXN-13415,CUST-1211,2025-05-13 16:33:13.358671736,127.26,Apparel
TXN-13416,CUST-1005,2025-05-13 20:03:30.282056408,20.75,Beauty
TXN-13417,CUST-1623,2025-05-13 23:33:47.205441088,37.89,Apparel
TXN-13418,CUST-1375,2025-05-14 03:04:04.128825768,81.73,Electronics
TXN-13419,CUST-1890,2025-05-14 06:34:21.052210440,98.07,Beauty
TXN-13420,CUST-1446,2025-05-14 10:04:37.975595120,48.83,Electronics
TXN-13421,CUST-1834,2025-05-14 13:34:54.898979800,166.18,Books
TXN-13422,CUST-1105,2025-05-14 17:05:11.822364472,50.27,Beauty
TXN-13423,CUST-1650,2025-05-14 20:35:28.745749152,48.66,Beauty
TXN-13424,CUST-1810,2025-05-15 00:05:45.669133824,12.77,Home & Kitchen
TXN-13425,CUST-1400,2025-05-15 03:36:02.592518504,70.08,Home & Kitchen
TXN-13426,CUST-1095,2025-05-15 07:06:19.515903184,102.5,Beauty
TXN-13427,CUST-1387,2025-05-15 10:36:36.439287856,19.11,Books
TXN-13428,CUST-1958,2025-05-15 14:06:53.362672536,37.33,Apparel
TXN-13429,CUST-1451,2025-05-15 17:37:10.286057208,123.99,Home & Kitchen
TXN-13430,CUST-1848,2025-05-15 21:07:27.209441888,44.17,Books
TXN-13431,CUST-1808,2025-05-16 00:37:44.132826568,30.74,Books
TXN-13432,CUST-1978,2025-05-16 04:08:01.056211240,93.65,Home & Kitchen
TXN-13433,CUST-1900,2025-05-16 07:38:17.979595920,26.43,Apparel
TXN-13434,CUST-1415,2025-05-16 11:08:34.902980600,179.5,Home & Kitchen
TXN-13435,CUST-1725,2025-05-16 14:38:51.826365272,18.37,Books
TXN-13436,CUST-1503,2025-05-16 18:09:08.749749952,101.95,Electronics
TXN-13437,CUST-1453,2025-05-16 21:39:25.673134624,61.92,Home & Kitchen
TXN-13438,CUST-1290,2025-05-17 01:09:42.596519304,162.98,Books
TXN-13439,CUST-1533,2025-05-17 04:39:59.519903984,20.12,Home & Kitchen
TXN-13440,CUST-1192,2025-05-17 08:10:16.443288656,94.97,Books
TXN-13441,CUST-1979,2025-05-17 11:40:33.366673336,73.66,Apparel
TXN-13442,CUST-1149,2025-05-17 15:10:50.290058016,59.06,Books
TXN-13443,CUST-1879,2025-05-17 18:41:07.213442688,60.71,Beauty
TXN-13444,CUST-1758,2025-05-17 22:11:24.136827368,106.0,Electronics
TXN-13445,CUST-1778,2025-05-18 01:41:41.060212040,218.23,Books
TXN-13446,CUST-1972,2025-05-18 05:11:57.983596720,17.18,Home & Kitchen
TXN-13447,CUST-1762,2025-05-18 08:42:14.906981400,11.48,Home & Kitchen
TXN-13448,CUST-1514,2025-05-18 12:12:31.830366072,132.88,Books
TXN-13449,CUST-1392,2025-05-18 15:42:48.753750752,18.59,Beauty
TXN-13450,CUST-1315,2025-05-18 19:13:05.677135424,333.98,Books
TXN-13451,CUST-1075,2025-05-18 22:43:22.600520104,82.44,Apparel
TXN-13452,CUST-1598,2025-05-19 02:13:39.523904784,88.92,Beauty
TXN-13453,CUST-1269,2025-05-19 05:43:56.447289456,26.63,Books
TXN-13454,CUST-1224,2025-05-19 09:14:13.370674136,30.61,Electronics
TXN-13455,CUST-1529,2025-05-19 12:44:30.294058816,90.77,Beauty
TXN-13456,CUST-1112,2025-05-19 16:14:47.217443488,190.37,Books
TXN-13457,CUST-1250,2025-05-19 19:45:04.140828168,312.95,Electronics
TXN-13458,CUST-1232,2025-05-19 23:15:21.064212840,26.55,Books
TXN-13459,CUST-1840,2025-05-20 02:45:37.987597520,20.8,Apparel
TXN-13460,CUST-1790,2025-05-20 06:15:54.910982200,14.35,Home & Kitchen
TXN-13461,CUST-1713,2025-05-20 09:46:11.834366872,162.04,Books
TXN-13462,CUST-1082,2025-05-20 13:16:28.757751552,36.19,Beauty
TXN-13463,CUST-1124,2025-05-20 16:46:45.681136224,10.14,Books
TXN-13464,CUST-1174,2025-05-20 20:17:02.604520904,29.0,Books
TXN-13465,CUST-1068,2025-05-20 23:47:19.527905584,41.21,Books
TXN-13466,CUST-1046,2025-05-21 03:17:36.451290256,363.17,Books
TXN-13467,CUST-1883,2025-05-21 06:47:53.374674936,65.6,Beauty
TXN-13468,CUST-1255,2025-05-21 10:18:10.298059616,27.18,Beauty
TXN-13469,CUST-1726,2025-05-21 13:48:27.221444288,40.58,Books
TXN-13470,CUST-1029,2025-05-21 17:18:44.144828968,40.07,Home & Kitchen
TXN-13471,CUST-1280,2025-05-21 20:49:01.068213640,11.49,Books
TXN-13472,CUST-1923,2025-05-22 00:19:17.991598320,20.89,Beauty
TXN-13473,CUST-1993,2025-05-22 03:49:34.914983000,99.11,Apparel
TXN-13474,CUST-1236,2025-05-22 07:19:51.838367672,19.61,Books
TXN-13475,CUST-1247,2025-05-22 10:50:08.761752352,29.67,Books
TXN-13476,CUST-1367,2025-05-22 14:20:25.685137024,42.39,Books
TXN-13477,CUST-1494,2025-05-22 17:50:42.608521704,116.33,Books
TXN-13478,CUST-1024,2025-05-22 21:20:59.531906384,75.49,Electronics
TXN-13479,CUST-1585,2025-05-23 00:51:16.455291056,97.6,Books
TXN-13480,CUST-1717,2025-05-23 04:21:33.378675736,72.78,Beauty
TXN-13481,CUST-1489,2025-05-23 07:51:50.302060416,96.3,Beauty
TXN-13482,CUST-1493,2025-05-23 11:22:07.225445088,10.21,Electronics
TXN-13483,CUST-1313,2025-05-23 14:52:24.148829768,210.41,Books
TXN-13484,CUST-1605,2025-05-23 18:22:41.072214440,18.82,Home & Kitchen
TXN-13485,CUST-1374,2025-05-23 21:52:57.995599120,49.1,Books
TXN-13486,CUST-1638,2025-05-24 01:23:14.918983800,120.57,Beauty
TXN-13487,CUST-1936,2025-05-24 04:53:31.842368472,52.85,Apparel
TXN-13488,CUST-1024,2025-05-24 08:23:48.765753152,230.09,Apparel
TXN-13489,CUST-1333,2025-05-24 11:54:05.689137832,57.28,Home & Kitchen
TXN-13490,CUST-1354,2025-05-24 15:24:22.612522504,165.92,Books
TXN-13491,CUST-1115,2025-05-24 18:54:39.535907184,134.88,Electronics
TXN-13492,CUST-1047,2025-05-24 22:24:56.459291856,307.19,Books
TXN-13493,CUST-1737,2025-05-25 01:55:13.382676536,205.83,Home & Kitchen
TXN-13494,CUST-1777,2025-05-25 05:25:30.306061216,181.3,Home & Kitchen
TXN-13495,CUST-1098,2025-05-25 08:55:47.229445888,108.65,Home & Kitchen
TXN-13496,CUST-1458,2025-05-25 12:26:04.152830568,44.3,Apparel
TXN-13497,CUST-1522,2025-05-25 15:56:21.076215240,18.41,Books
TXN-13498,CUST-1596,2025-05-25 19:26:37.999599920,97.51,Books
TXN-13499,CUST-1404,2025-05-25 22:56:54.922984600,298.52,Electronics
TXN-13500,CUST-1213,2025-05-26 02:27:11.846369272,107.26,Home & Kitchen
TXN-13501,CUST-1684,2025-05-26 05:57:28.769753952,208.1,Home & Kitchen
TXN-13502,CUST-1902,2025-05-26 09:27:45.693138632,132.34,Beauty
TXN-13503,CUST-1502,2025-05-26 12:58:02.616523304,23.36,Beauty
TXN-13504,CUST-1720,2025-05-26 16:28:19.539907984,31.5,Apparel
TXN-13505,CUST-1447,2025-05-26 19:58:36.463292656,41.38,Books
TXN-13506,CUST-1893,2025-05-26 23:28:53.386677336,23.82,Electronics
TXN-13507,CUST-1575,2025-05-27 02:59:10.310062016,75.36,Electronics
TXN-13508,CUST-1257,2025-05-27 06:29:27.233446688,288.03,Home & Kitchen
TXN-13509,CUST-1843,2025-05-27 09:59:44.156831368,117.49,Electronics
TXN-13510,CUST-1120,2025-05-27 13:30:01.080216040,51.29,Home & Kitchen
TXN-13511,CUST-1809,2025-05-27 17:00:18.003600720,10.34,Books
TXN-13512,CUST-1977,2025-05-27 20:30:34.926985400,38.19,Electronics
TXN-13513,CUST-1053,2025-05-28 00:00:51.850370072,66.11,Home & Kitchen
TXN-13514,CUST-1330,2025-05-28 03:31:08.773754752,39.4,Books
TXN-13515,CUST-1783,2025-05-28 07:01:25.697139432,18.83,Books
TXN-13516,CUST-1240,2025-05-28 10:31:42.620524104,53.86,Home & Kitchen
TXN-13517,CUST-1754,2025-05-28 14:01:59.543908784,31.9,Home & Kitchen
TXN-13518,CUST-1529,2025-05-28 17:32:16.467293456,189.96,Apparel
TXN-13519,CUST-1482,2025-05-28 21:02:33.390678136,18.05,Books
TXN-13520,CUST-1186,2025-05-29 00:32:50.314062816,13.78,Home & Kitchen
TXN-13521,CUST-1857,2025-05-29 04:03:07.237447488,10.4,Books
TXN-13522,CUST-1655,2025-05-29 07:33:24.160832168,39.82,Electronics
TXN-13523,CUST-1261,2025-05-29 11:03:41.084216840,91.0,Beauty
TXN-13524,CUST-1952,2025-05-29 14:33:58.007601520,108.32,Beauty
TXN-13525,CUST-1363,2025-05-29 18:04:14.930986200,55.28,Home & Kitchen
TXN-13526,CUST-1490,2025-05-29 21:34:31.854370872,96.48,Home & Kitchen
TXN-13527,CUST-1430,2025-05-30 01:04:48.777755552,43.46,Books
TXN-13528,CUST-1238,2025-05-30 04:35:05.701140232,92.65,Home & Kitchen
TXN-13529,CUST-1303,2025-05-30 08:05:22.624524904,13.11,Books
TXN-13530,CUST-1297,2025-05-30 11:35:39.547909584,47.16,Home & Kitchen
TXN-13531,CUST-1075,2025-05-30 15:05:56.471294256,127.35,Books
TXN-13532,CUST-1699,2025-05-30 18:36:13.394678936,131.84,Home & Kitchen
TXN-13533,CUST-1332,2025-05-30 22:06:30.318063616,104.45,Apparel
TXN-13534,CUST-1899,2025-05-31 01:36:47.241448288,27.13,Books
TXN-13535,CUST-1998,2025-05-31 05:07:04.164832968,31.3,Apparel
TXN-13536,CUST-1757,2025-05-31 08:37:21.088217648,425.79,Apparel
TXN-13537,CUST-1641,2025-05-31 12:07:38.011602320,18.18,Apparel
TXN-13538,CUST-1473,2025-05-31 15:37:54.934987000,24.94,Apparel
TXN-13539,CUST-1826,2025-05-31 19:08:11.858371672,20.45,Electronics
TXN-13540,CUST-1922,2025-05-31 22:38:28.781756352,39.77,Beauty
TXN-13541,CUST-1282,2025-06-01 02:08:45.705141032,27.7,Electronics
TXN-13542,CUST-1590,2025-06-01 05:39:02.628525704,61.64,Home & Kitchen
TXN-13543,CUST-1071,2025-06-01 09:09:19.551910384,58.47,Home & Kitchen
TXN-13544,CUST-1262,2025-06-01 12:39:36.475295056,183.83,Beauty
TXN-13545,CUST-1702,2025-06-01 16:09:53.398679736,12.65,Beauty
TXN-13546,CUST-1878,2025-06-01 19:40:10.322064416,38.91,Beauty
TXN-13547,CUST-1886,2025-06-01 23:10:27.245449088,78.1,Apparel
TXN-13548,CUST-1941,2025-06-02 02:40:44.168833768,79.63,Electronics
TXN-13549,CUST-1574,2025-06-02 06:11:01.092218448,59.06,Home & Kitchen
TXN-13550,CUST-1999,2025-06-02 09:41:18.015603120,136.83,Electronics
TXN-13551,CUST-1891,2025-06-02 13:11:34.938987800,14.86,Electronics
TXN-13552,CUST-1011,2025-06-02 16:41:51.862372472,136.75,Electronics
TXN-13553,CUST-1140,2025-06-02 20:12:08.785757152,61.2,Beauty
TXN-13554,CUST-1765,2025-06-02 23:42:25.709141832,20.77,Beauty
TXN-13555,CUST-1554,2025-06-03 03:12:42.632526504,172.67,Home & Kitchen
TXN-13556,CUST-1016,2025-06-03 06:42:59.555911184,88.57,Home & Kitchen
TXN-13557,CUST-1062,2025-06-03 10:13:16.479295856,23.39,Home & Kitchen
TXN-13558,CUST-1252,2025-06-03 13:43:33.402680536,12.57,Electronics
TXN-13559,CUST-1464,2025-06-03 17:13:50.326065216,21.41,Beauty
TXN-13560,CUST-1375,2025-06-03 20:44:07.249449888,80.39,Apparel
TXN-13561,CUST-1803,2025-06-04 00:14:24.172834568,24.82,Electronics
TXN-13562,CUST-1980,2025-06-04 03:44:41.096219248,29.19,Books
TXN-13563,CUST-1519,2025-06-04 07:14:58.019603920,11.91,Electronics
TXN-13564,CUST-1836,2025-06-04 10:45:14.942988600,106.26,Beauty
TXN-13565,CUST-1089,2025-06-04 14:15:31.866373272,134.7,Books
TXN-13566,CUST-1719,2025-06-04 17:45:48.789757952,129.54,Electronics
TXN-13567,CUST-1803,2025-06-04 21:16:05.713142632,20.24,Beauty
TXN-13568,CUST-1795,2025-06-05 00:46:22.636527304,185.21,Beauty
TXN-13569,CUST-1629,2025-06-05 04:16:39.559911984,93.67,Apparel
TXN-13570,CUST-1860,2025-06-05 07:46:56.483296656,180.86,Electronics
TXN-13571,CUST-1174,2025-06-05 11:17:13.406681336,54.45,Beauty
TXN-13572,CUST-1075,2025-06-05 14:47:30.330066016,53.08,Home & Kitchen
TXN-13573,CUST-1612,2025-06-05 18:17:47.253450688,125.12,Beauty
TXN-13574,CUST-1925,2025-06-05 21:48:04.176835368,17.35,Apparel
TXN-13575,CUST-1662,2025-06-06 01:18:21.100220048,65.18,Beauty
TXN-13576,CUST-1399,2025-06-06 04:48:38.023604720,145.77,Electronics
TXN-13577,CUST-1781,2025-06-06 08:18:54.946989400,142.98,Electronics
TXN-13578,CUST-1969,2025-06-06 11:49:11.870374072,244.49,Books
TXN-13579,CUST-1070,2025-06-06 15:19:28.793758752,99.87,Electronics
TXN-13580,CUST-1179,2025-06-06 18:49:45.717143432,27.47,Books
TXN-13581,CUST-1123,2025-06-06 22:20:02.640528104,11.54,Home & Kitchen
TXN-13582,CUST-1380,2025-06-07 01:50:19.563912784,58.96,Apparel
TXN-13583,CUST-1292,2025-06-07 05:20:36.487297464,64.07,Home & Kitchen
TXN-13584,CUST-1796,2025-06-07 08:50:53.410682136,30.61,Books
TXN-13585,CUST-1194,2025-06-07 12:21:10.334066816,19.99,Beauty
TXN-13586,CUST-1910,2025-06-07 15:51:27.257451488,76.18,Beauty
TXN-13587,CUST-1227,2025-06-07 19:21:44.180836168,118.38,Home & Kitchen
TXN-13588,CUST-1430,2025-06-07 22:52:01.104220848,383.81,Beauty
TXN-13589,CUST-1941,2025-06-08 02:22:18.027605520,116.51,Books
TXN-13590,CUST-1435,2025-06-08 05:52:34.950990200,128.36,Apparel
TXN-13591,CUST-1786,2025-06-08 09:22:51.874374872,81.87,Electronics
TXN-13592,CUST-1460,2025-06-08 12:53:08.797759552,329.74,Books
TXN-13593,CUST-1617,2025-06-08 16:23:25.721144232,86.61,Books
TXN-13594,CUST-1020,2025-06-08 19:53:42.644528904,157.59,Electronics
TXN-13595,CUST-1063,2025-06-08 23:23:59.567913584,228.61,Electronics
TXN-13596,CUST-1164,2025-06-09 02:54:16.491298264,209.29,Apparel
TXN-13597,CUST-1026,2025-06-09 06:24:33.414682936,46.02,Apparel
TXN-13598,CUST-1310,2025-06-09 09:54:50.338067616,16.14,Apparel
TXN-13599,CUST-1284,2025-06-09 13:25:07.261452288,24.14,Beauty
TXN-13600,CUST-1659,2025-06-09 16:55:24.184836968,14.58,Books
TXN-13601,CUST-1280,2025-06-09 20:25:41.108221648,18.35,Electronics
TXN-13602,CUST-1837,2025-06-09 23:55:58.031606320,25.31,Books
TXN-13603,CUST-1830,2025-06-10 03:26:14.954991000,41.29,Books
TXN-13604,CUST-1163,2025-06-10 06:56:31.878375672,68.82,Apparel
TXN-13605,CUST-1897,2025-06-10 10:26:48.801760352,103.28,Apparel
TXN-13606,CUST-1917,2025-06-10 13:57:05.725145032,27.77,Books
TXN-13607,CUST-1223,2025-06-10 17:27:22.648529704,93.73,Apparel
TXN-13608,CUST-1783,2025-06-10 20:57:39.571914384,101.37,Beauty
TXN-13609,CUST-1145,2025-06-11 00:27:56.495299064,71.34,Electronics
TXN-13610,CUST-1964,2025-06-11 03:58:13.418683736,185.46,Books
TXN-13611,CUST-1949,2025-06-11 07:28:30.342068416,18.82,Electronics
TXN-13612,CUST-1867,2025-06-11 10:58:47.265453088,24.62,Beauty
TXN-13613,CUST-1029,2025-06-11 14:29:04.188837768,51.98,Apparel
TXN-13614,CUST-1044,2025-06-11 17:59:21.112222448,20.16,Home & Kitchen
TXN-13615,CUST-1786,2025-06-11 21:29:38.035607120,72.65,Beauty
TXN-13616,CUST-1470,2025-06-12 00:59:54.958991800,48.11,Home & Kitchen
TXN-13617,CUST-1033,2025-06-12 04:30:11.882376472,35.12,Electronics
TXN-13618,CUST-1652,2025-06-12 08:00:28.805761152,23.97,Books
TXN-13619,CUST-1426,2025-06-12 11:30:45.729145832,40.64,Apparel
TXN-13620,CUST-1829,2025-06-12 15:01:02.652530504,80.23,Beauty
TXN-13621,CUST-1885,2025-06-12 18:31:19.575915184,74.31,Apparel
TXN-13622,CUST-1220,2025-06-12 22:01:36.499299864,23.4,Home & Kitchen
TXN-13623,CUST-1867,2025-06-13 01:31:53.422684536,20.01,Home & Kitchen
TXN-13624,CUST-1533,2025-06-13 05:02:10.346069216,12.03,Books
TXN-13625,CUST-1691,2025-06-13 08:32:27.269453888,10.94,Home & Kitchen
TXN-13626,CUST-1947,2025-06-13 12:02:44.192838568,168.9,Books
TXN-13627,CUST-1366,2025-06-13 15:33:01.116223248,13.46,Beauty
TXN-13628,CUST-1931,2025-06-13 19:03:18.039607920,108.54,Books
TXN-13629,CUST-1840,2025-06-13 22:33:34.962992600,164.17,Home & Kitchen
TXN-13630,CUST-1742,2025-06-14 02:03:51.886377280,17.74,Electronics
TXN-13631,CUST-1914,2025-06-14 05:34:08.809761952,52.99,Books
TXN-13632,CUST-1549,2025-06-14 09:04:25.733146632,255.86,Apparel
TXN-13633,CUST-1581,2025-06-14 12:34:42.656531304,144.75,Electronics
TXN-13634,CUST-1115,2025-06-14 16:04:59.579915984,60.46,Books
TXN-13635,CUST-1238,2025-06-14 19:35:16.503300664,117.84,Apparel
TXN-13636,CUST-1334,2025-06-14 23:05:33.426685336,144.4,Electronics
TXN-13637,CUST-1440,2025-06-15 02:35:50.350070016,42.08,Books
TXN-13638,CUST-1147,2025-06-15 06:06:07.273454688,177.03,Beauty
TXN-13639,CUST-1008,2025-06-15 09:36:24.196839368,57.68,Apparel
TXN-13640,CUST-1287,2025-06-15 13:06:41.120224048,66.28,Beauty
TXN-13641,CUST-1387,2025-06-15 16:36:58.043608720,620.31,Home & Kitchen
TXN-13642,CUST-1049,2025-06-15 20:07:14.966993400,149.01,Books
TXN-13643,CUST-1849,2025-06-15 23:37:31.890378080,43.68,Books
TXN-13644,CUST-1516,2025-06-16 03:07:48.813762752,10.78,Apparel
TXN-13645,CUST-1915,2025-06-16 06:38:05.737147432,83.8,Books
TXN-13646,CUST-1854,2025-06-16 10:08:22.660532104,101.28,Home & Kitchen
TXN-13647,CUST-1637,2025-06-16 13:38:39.583916784,88.91,Books
TXN-13648,CUST-1586,2025-06-16 17:08:56.507301464,267.83,Electronics
TXN-13649,CUST-1676,2025-06-16 20:39:13.430686136,159.07,Beauty
TXN-13650,CUST-1277,2025-06-17 00:09:30.354070816,54.68,Home & Kitchen
TXN-13651,CUST-1953,2025-06-17 03:39:47.277455488,14.87,Home & Kitchen
TXN-13652,CUST-1835,2025-06-17 07:10:04.200840168,58.48,Beauty
TXN-13653,CUST-1988,2025-06-17 10:40:21.124224848,97.66,Beauty
TXN-13654,CUST-1299,2025-06-17 14:10:38.047609520,80.18,Home & Kitchen
TXN-13655,CUST-1801,2025-06-17 17:40:54.970994200,67.94,Beauty
TXN-13656,CUST-1588,2025-06-17 21:11:11.894378880,57.45,Apparel
TXN-13657,CUST-1809,2025-06-18 00:41:28.817763552,36.09,Beauty
TXN-13658,CUST-1648,2025-06-18 04:11:45.741148232,34.36,Electronics
TXN-13659,CUST-1617,2025-06-18 07:42:02.664532904,62.02,Electronics
TXN-13660,CUST-1606,2025-06-18 11:12:19.587917584,23.13,Apparel
TXN-13661,CUST-1134,2025-06-18 14:42:36.511302264,41.24,Beauty
TXN-13662,CUST-1579,2025-06-18 18:12:53.434686936,39.36,Electronics
TXN-13663,CUST-1146,2025-06-18 21:43:10.358071616,76.35,Books
TXN-13664,CUST-1489,2025-06-19 01:13:27.281456288,15.18,Beauty
TXN-13665,CUST-1477,2025-06-19 04:43:44.204840968,142.75,Apparel
TXN-13666,CUST-1158,2025-06-19 08:14:01.128225648,71.98,Beauty
TXN-13667,CUST-1383,2025-06-19 11:44:18.051610320,93.34,Home & Kitchen
TXN-13668,CUST-1162,2025-06-19 15:14:34.974995000,101.08,Home & Kitchen
TXN-13669,CUST-1440,2025-06-19 18:44:51.898379680,35.84,Electronics
TXN-13670,CUST-1852,2025-06-19 22:15:08.821764352,57.67,Home & Kitchen
TXN-13671,CUST-1188,2025-06-20 01:45:25.745149032,244.69,Apparel
TXN-13672,CUST-1414,2025-06-20 05:15:42.668533704,119.16,Electronics
TXN-13673,CUST-1338,2025-06-20 08:45:59.591918384,271.89,Apparel
TXN-13674,CUST-1606,2025-06-20 12:16:16.515303064,112.86,Apparel
TXN-13675,CUST-1180,2025-06-20 15:46:33.438687736,24.48,Home & Kitchen
TXN-13676,CUST-1287,2025-06-20 19:16:50.362072416,15.0,Home & Kitchen
TXN-13677,CUST-1833,2025-06-20 22:47:07.285457096,74.65,Apparel
TXN-13678,CUST-1186,2025-06-21 02:17:24.208841768,43.22,Home & Kitchen
TXN-13679,CUST-1883,2025-06-21 05:47:41.132226448,34.17,Home & Kitchen
TXN-13680,CUST-1137,2025-06-21 09:17:58.055611120,133.46,Home & Kitchen
TXN-13681,CUST-1129,2025-06-21 12:48:14.978995800,44.3,Beauty
TXN-13682,CUST-1193,2025-06-21 16:18:31.902380480,38.59,Apparel
TXN-13683,CUST-1315,2025-06-21 19:48:48.825765152,152.28,Books
TXN-13684,CUST-1983,2025-06-21 23:19:05.749149832,150.45,Apparel
TXN-13685,CUST-1784,2025-06-22 02:49:22.672534504,43.05,Electronics
TXN-13686,CUST-1863,2025-06-22 06:19:39.595919184,144.01,Home & Kitchen
TXN-13687,CUST-1143,2025-06-22 09:49:56.519303864,152.67,Home & Kitchen
TXN-13688,CUST-1015,2025-06-22 13:20:13.442688536,51.36,Books
TXN-13689,CUST-1301,2025-06-22 16:50:30.366073216,15.16,Electronics
TXN-13690,CUST-1422,2025-06-22 20:20:47.289457896,10.12,Beauty
TXN-13691,CUST-1244,2025-06-22 23:51:04.212842568,65.56,Apparel
TXN-13692,CUST-1926,2025-06-23 03:21:21.136227248,41.63,Beauty
TXN-13693,CUST-1106,2025-06-23 06:51:38.059611920,449.06,Electronics
TXN-13694,CUST-1087,2025-06-23 10:21:54.982996600,121.02,Books
TXN-13695,CUST-1128,2025-06-23 13:52:11.906381280,117.43,Electronics
TXN-13696,CUST-1906,2025-06-23 17:22:28.829765952,242.99,Books
TXN-13697,CUST-1886,2025-06-23 20:52:45.753150632,174.01,Beauty
TXN-13698,CUST-1340,2025-06-24 00:23:02.676535304,38.73,Beauty
TXN-13699,CUST-1003,2025-06-24 03:53:19.599919984,23.61,Electronics
TXN-13700,CUST-1326,2025-06-24 07:23:36.523304664,112.75,Electronics
TXN-13701,CUST-1409,2025-06-24 10:53:53.446689336,45.64,Home & Kitchen
TXN-13702,CUST-1878,2025-06-24 14:24:10.370074016,58.07,Books
TXN-13703,CUST-1305,2025-06-24 17:54:27.293458696,84.65,Home & Kitchen
TXN-13704,CUST-1907,2025-06-24 21:24:44.216843368,188.84,Apparel
TXN-13705,CUST-1606,2025-06-25 00:55:01.140228048,50.74,Apparel
TXN-13706,CUST-1720,2025-06-25 04:25:18.063612720,124.7,Electronics
TXN-13707,CUST-1224,2025-06-25 07:55:34.986997400,33.43,Beauty
TXN-13708,CUST-1970,2025-06-25 11:25:51.910382080,99.79,Apparel
TXN-13709,CUST-1347,2025-06-25 14:56:08.833766752,10.12,Apparel
TXN-13710,CUST-1991,2025-06-25 18:26:25.757151432,163.89,Home & Kitchen
TXN-13711,CUST-1320,2025-06-25 21:56:42.680536104,12.31,Home & Kitchen
TXN-13712,CUST-1558,2025-06-26 01:26:59.603920784,103.56,Apparel
TXN-13713,CUST-1987,2025-06-26 04:57:16.527305464,13.55,Electronics
TXN-13714,CUST-1180,2025-06-26 08:27:33.450690136,33.22,Home & Kitchen
TXN-13715,CUST-1617,2025-06-26 11:57:50.374074816,61.57,Apparel
TXN-13716,CUST-1710,2025-06-26 15:28:07.297459496,50.85,Beauty
TXN-13717,CUST-1385,2025-06-26 18:58:24.220844168,25.97,Home & Kitchen
TXN-13718,CUST-1617,2025-06-26 22:28:41.144228848,40.46,Apparel
TXN-13719,CUST-1791,2025-06-27 01:58:58.067613520,107.57,Books
TXN-13720,CUST-1771,2025-06-27 05:29:14.990998200,92.98,Home & Kitchen
TXN-13721,CUST-1107,2025-06-27 08:59:31.914382880,15.59,Books
TXN-13722,CUST-1530,2025-06-27 12:29:48.837767552,113.17,Home & Kitchen
TXN-13723,CUST-1409,2025-06-27 16:00:05.761152232,14.09,Home & Kitchen
TXN-13724,CUST-1970,2025-06-27 19:30:22.684536904,68.72,Books
TXN-13725,CUST-1295,2025-06-27 23:00:39.607921584,32.59,Electronics
TXN-13726,CUST-1817,2025-06-28 02:30:56.531306264,76.45,Apparel
TXN-13727,CUST-1170,2025-06-28 06:01:13.454690936,32.72,Electronics
TXN-13728,CUST-1330,2025-06-28 09:31:30.378075616,324.77,Electronics
TXN-13729,CUST-1492,2025-06-28 13:01:47.301460296,37.8,Apparel
TXN-13730,CUST-1194,2025-06-28 16:32:04.224844968,30.78,Beauty
TXN-13731,CUST-1011,2025-06-28 20:02:21.148229648,34.48,Electronics
TXN-13732,CUST-1194,2025-06-28 23:32:38.071614320,180.09,Electronics
TXN-13733,CUST-1489,2025-06-29 03:02:54.994999000,85.84,Electronics
TXN-13734,CUST-1794,2025-06-29 06:33:11.918383680,108.39,Beauty
TXN-13735,CUST-1880,2025-06-29 10:03:28.841768352,197.59,Home & Kitchen
TXN-13736,CUST-1181,2025-06-29 13:33:45.765153032,192.17,Books
TXN-13737,CUST-1961,2025-06-29 17:04:02.688537712,110.73,Books
TXN-13738,CUST-1816,2025-06-29 20:34:19.611922384,26.53,Beauty
TXN-13739,CUST-1655,2025-06-30 00:04:36.535307064,149.04,Electronics
TXN-13740,CUST-1897,2025-06-30 03:34:53.458691736,27.09,Books
TXN-13741,CUST-1315,2025-06-30 07:05:10.382076416,111.87,Beauty
TXN-13742,CUST-1693,2025-06-30 10:35:27.305461096,96.78,Apparel
TXN-13743,CUST-1029,2025-06-30 14:05:44.228845768,116.69,Books
TXN-13744,CUST-1595,2025-06-30 17:36:01.152230448,67.06,Apparel
TXN-13745,CUST-1677,2025-06-30 21:06:18.075615120,86.36,Electronics
TXN-13746,CUST-1795,2025-07-01 00:36:34.998999800,239.83,Books
TXN-13747,CUST-1792,2025-07-01 04:06:51.922384480,17.99,Beauty
TXN-13748,CUST-1095,2025-07-01 07:37:08.845769152,37.7,Home & Kitchen
TXN-13749,CUST-1380,2025-07-01 11:07:25.769153832,80.88,Books
TXN-13750,CUST-1777,2025-07-01 14:37:42.692538512,259.43,Books
TXN-13751,CUST-1443,2025-07-01 18:07:59.615923184,17.53,Books
TXN-13752,CUST-1297,2025-07-01 21:38:16.539307864,11.71,Books
TXN-13753,CUST-1807,2025-07-02 01:08:33.462692536,14.3,Beauty
TXN-13754,CUST-1736,2025-07-02 04:38:50.386077216,14.04,Beauty
TXN-13755,CUST-1844,2025-07-02 08:09:07.309461896,188.8,Home & Kitchen
TXN-13756,CUST-1360,2025-07-02 11:39:24.232846568,105.81,Beauty
TXN-13757,CUST-1373,2025-07-02 15:09:41.156231248,94.78,Beauty
TXN-13758,CUST-1553,2025-07-02 18:39:58.079615920,65.45,Electronics
TXN-13759,CUST-1302,2025-07-02 22:10:15.003000600,124.23,Electronics
TXN-13760,CUST-1420,2025-07-03 01:40:31.926385280,22.69,Apparel
TXN-13761,CUST-1245,2025-07-03 05:10:48.849769952,47.31,Home & Kitchen
TXN-13762,CUST-1719,2025-07-03 08:41:05.773154632,60.5,Electronics
TXN-13763,CUST-1236,2025-07-03 12:11:22.696539312,18.77,Home & Kitchen
TXN-13764,CUST-1533,2025-07-03 15:41:39.619923984,50.79,Home & Kitchen
TXN-13765,CUST-1184,2025-07-03 19:11:56.543308664,38.54,Books
TXN-13766,CUST-1467,2025-07-03 22:42:13.466693336,12.72,Home & Kitchen
TXN-13767,CUST-1753,2025-07-04 02:12:30.390078016,21.03,Books
TXN-13768,CUST-1362,2025-07-04 05:42:47.313462696,118.31,Apparel
TXN-13769,CUST-1282,2025-07-04 09:13:04.236847368,11.37,Apparel
TXN-13770,CUST-1552,2025-07-04 12:43:21.160232048,214.15,Apparel
TXN-13771,CUST-1335,2025-07-04 16:13:38.083616720,16.78,Books
TXN-13772,CUST-1161,2025-07-04 19:43:55.007001400,130.42,Books
TXN-13773,CUST-1159,2025-07-04 23:14:11.930386080,181.66,Apparel
TXN-13774,CUST-1473,2025-07-05 02:44:28.853770752,222.44,Books
TXN-13775,CUST-1600,2025-07-05 06:14:45.777155432,161.57,Beauty
TXN-13776,CUST-1321,2025-07-05 09:45:02.700540112,35.43,Beauty
TXN-13777,CUST-1011,2025-07-05 13:15:19.623924784,40.38,Books
TXN-13778,CUST-1423,2025-07-05 16:45:36.547309464,51.71,Books
TXN-13779,CUST-1072,2025-07-05 20:15:53.470694136,21.25,Electronics
TXN-13780,CUST-1587,2025-07-05 23:46:10.394078816,11.69,Electronics
TXN-13781,CUST-1857,2025-07-06 03:16:27.317463496,162.51,Home & Kitchen
TXN-13782,CUST-1200,2025-07-06 06:46:44.240848168,70.58,Home & Kitchen
TXN-13783,CUST-1521,2025-07-06 10:17:01.164232848,80.38,Home & Kitchen
TXN-13784,CUST-1863,2025-07-06 13:47:18.087617528,206.29,Apparel
TXN-13785,CUST-1504,2025-07-06 17:17:35.011002200,92.05,Beauty
TXN-13786,CUST-1737,2025-07-06 20:47:51.934386880,98.05,Apparel
TXN-13787,CUST-1687,2025-07-07 00:18:08.857771552,125.97,Books
TXN-13788,CUST-1787,2025-07-07 03:48:25.781156232,19.28,Electronics
TXN-13789,CUST-1038,2025-07-07 07:18:42.704540912,43.49,Books
TXN-13790,CUST-1059,2025-07-07 10:48:59.627925584,268.64,Books
TXN-13791,CUST-1577,2025-07-07 14:19:16.551310264,202.23,Electronics
TXN-13792,CUST-1320,2025-07-07 17:49:33.474694936,171.61,Books
TXN-13793,CUST-1434,2025-07-07 21:19:50.398079616,55.12,Home & Kitchen
TXN-13794,CUST-1635,2025-07-08 00:50:07.321464296,155.97,Electronics
TXN-13795,CUST-1675,2025-07-08 04:20:24.244848968,13.72,Books
TXN-13796,CUST-1407,2025-07-08 07:50:41.168233648,22.06,Home & Kitchen
TXN-13797,CUST-1922,2025-07-08 11:20:58.091618328,50.08,Home & Kitchen
TXN-13798,CUST-1385,2025-07-08 14:51:15.015003000,59.54,Beauty
TXN-13799,CUST-1670,2025-07-08 18:21:31.938387680,32.94,Home & Kitchen
TXN-13800,CUST-1568,2025-07-08 21:51:48.861772352,43.06,Apparel
TXN-13801,CUST-1077,2025-07-09 01:22:05.785157032,23.32,Electronics
TXN-13802,CUST-1193,2025-07-09 04:52:22.708541712,60.37,Electronics
TXN-13803,CUST-1284,2025-07-09 08:22:39.631926384,128.43,Electronics
TXN-13804,CUST-1526,2025-07-09 11:52:56.555311064,91.21,Books
TXN-13805,CUST-1523,2025-07-09 15:23:13.478695736,18.55,Books
TXN-13806,CUST-1612,2025-07-09 18:53:30.402080416,60.15,Apparel
TXN-13807,CUST-1155,2025-07-09 22:23:47.325465096,99.71,Home & Kitchen
TXN-13808,CUST-1339,2025-07-10 01:54:04.248849768,66.61,Books
TXN-13809,CUST-1124,2025-07-10 05:24:21.172234448,47.28,Home & Kitchen
TXN-13810,CUST-1870,2025-07-10 08:54:38.095619128,82.95,Home & Kitchen
TXN-13811,CUST-1279,2025-07-10 12:24:55.019003800,269.66,Books
TXN-13812,CUST-1916,2025-07-10 15:55:11.942388480,17.48,Books
TXN-13813,CUST-1905,2025-07-10 19:25:28.865773152,47.07,Apparel
TXN-13814,CUST-1621,2025-07-10 22:55:45.789157832,49.14,Beauty
TXN-13815,CUST-1845,2025-07-11 02:26:02.712542512,74.52,Electronics
TXN-13816,CUST-1868,2025-07-11 05:56:19.635927184,22.38,Books
TXN-13817,CUST-1657,2025-07-11 09:26:36.559311864,24.58,Books
TXN-13818,CUST-1727,2025-07-11 12:56:53.482696536,35.2,Home & Kitchen
TXN-13819,CUST-1909,2025-07-11 16:27:10.406081216,244.05,Beauty
TXN-13820,CUST-1673,2025-07-11 19:57:27.329465896,109.35,Books
TXN-13821,CUST-1127,2025-07-11 23:27:44.252850568,91.29,Beauty
TXN-13822,CUST-1313,2025-07-12 02:58:01.176235248,137.35,Electronics
TXN-13823,CUST-1331,2025-07-12 06:28:18.099619928,20.24,Home & Kitchen
TXN-13824,CUST-1149,2025-07-12 09:58:35.023004600,157.1,Apparel
TXN-13825,CUST-1453,2025-07-12 13:28:51.946389280,77.76,Electronics
TXN-13826,CUST-1035,2025-07-12 16:59:08.869773952,40.63,Beauty
TXN-13827,CUST-1684,2025-07-12 20:29:25.793158632,136.9,Beauty
TXN-13828,CUST-1419,2025-07-12 23:59:42.716543312,131.68,Electronics
TXN-13829,CUST-1021,2025-07-13 03:29:59.639927984,150.17,Beauty
TXN-13830,CUST-1205,2025-07-13 07:00:16.563312664,19.21,Apparel
TXN-13831,CUST-1638,2025-07-13 10:30:33.486697344,271.41,Apparel
TXN-13832,CUST-1847,2025-07-13 14:00:50.410082016,250.72,Beauty
TXN-13833,CUST-1956,2025-07-13 17:31:07.333466696,43.18,Beauty
TXN-13834,CUST-1355,2025-07-13 21:01:24.256851368,15.11,Apparel
TXN-13835,CUST-1439,2025-07-14 00:31:41.180236048,23.71,Beauty
TXN-13836,CUST-1728,2025-07-14 04:01:58.103620728,380.35,Books
TXN-13837,CUST-1095,2025-07-14 07:32:15.027005400,72.09,Home & Kitchen
TXN-13838,CUST-1928,2025-07-14 11:02:31.950390080,43.08,Books
TXN-13839,CUST-1940,2025-07-14 14:32:48.873774752,35.5,Beauty
TXN-13840,CUST-1163,2025-07-14 18:03:05.797159432,32.28,Beauty
TXN-13841,CUST-1147,2025-07-14 21:33:22.720544112,91.83,Home & Kitchen
TXN-13842,CUST-1529,2025-07-15 01:03:39.643928784,50.78,Beauty
TXN-13843,CUST-1293,2025-07-15 04:33:56.567313464,262.32,Home & Kitchen
TXN-13844,CUST-1194,2025-07-15 08:04:13.490698144,96.36,Apparel
TXN-13845,CUST-1662,2025-07-15 11:34:30.414082816,127.78,Home & Kitchen
TXN-13846,CUST-1479,2025-07-15 15:04:47.337467496,35.98,Home & Kitchen
TXN-13847,CUST-1876,2025-07-15 18:35:04.260852168,16.19,Books
TXN-13848,CUST-1122,2025-07-15 22:05:21.184236848,60.18,Beauty
TXN-13849,CUST-1399,2025-07-16 01:35:38.107621528,38.33,Apparel
TXN-13850,CUST-1698,2025-07-16 05:05:55.031006200,26.93,Electronics
TXN-13851,CUST-1964,2025-07-16 08:36:11.954390880,238.75,Home & Kitchen
TXN-13852,CUST-1451,2025-07-16 12:06:28.877775552,54.02,Electronics
TXN-13853,CUST-1660,2025-07-16 15:36:45.801160232,24.4,Beauty
TXN-13854,CUST-1103,2025-07-16 19:07:02.724544912,26.61,Home & Kitchen
TXN-13855,CUST-1754,2025-07-16 22:37:19.647929584,34.71,Electronics
TXN-13856,CUST-1461,2025-07-17 02:07:36.571314264,556.6,Books
TXN-13857,CUST-1742,2025-07-17 05:37:53.494698944,33.4,Electronics
TXN-13858,CUST-1990,2025-07-17 09:08:10.418083616,39.9,Books
TXN-13859,CUST-1717,2025-07-17 12:38:27.341468296,90.76,Apparel
TXN-13860,CUST-1709,2025-07-17 16:08:44.264852968,36.11,Beauty
TXN-13861,CUST-1395,2025-07-17 19:39:01.188237648,28.23,Electronics
TXN-13862,CUST-1911,2025-07-17 23:09:18.111622328,22.95,Home & Kitchen
TXN-13863,CUST-1336,2025-07-18 02:39:35.035007000,38.12,Beauty
TXN-13864,CUST-1598,2025-07-18 06:09:51.958391680,18.4,Electronics
TXN-13865,CUST-1141,2025-07-18 09:40:08.881776352,11.41,Home & Kitchen
TXN-13866,CUST-1316,2025-07-18 13:10:25.805161032,132.47,Home & Kitchen
TXN-13867,CUST-1710,2025-07-18 16:40:42.728545712,21.13,Home & Kitchen
TXN-13868,CUST-1557,2025-07-18 20:10:59.651930384,122.2,Home & Kitchen
TXN-13869,CUST-1799,2025-07-18 23:41:16.575315064,129.79,Electronics
TXN-13870,CUST-1526,2025-07-19 03:11:33.498699744,67.9,Apparel
TXN-13871,CUST-1555,2025-07-19 06:41:50.422084416,37.8,Books
TXN-13872,CUST-1400,2025-07-19 10:12:07.345469096,21.75,Books
TXN-13873,CUST-1680,2025-07-19 13:42:24.268853768,110.11,Books
TXN-13874,CUST-1309,2025-07-19 17:12:41.192238448,78.98,Apparel
TXN-13875,CUST-1494,2025-07-19 20:42:58.115623128,89.91,Home & Kitchen
TXN-13876,CUST-1555,2025-07-20 00:13:15.039007800,10.65,Home & Kitchen
TXN-13877,CUST-1609,2025-07-20 03:43:31.962392480,206.83,Beauty
TXN-13878,CUST-1772,2025-07-20 07:13:48.885777160,15.14,Books
TXN-13879,CUST-1108,2025-07-20 10:44:05.809161832,44.27,Books
TXN-13880,CUST-1794,2025-07-20 14:14:22.732546512,48.65,Home & Kitchen
TXN-13881,CUST-1371,2025-07-20 17:44:39.655931184,10.1,Books
TXN-13882,CUST-1854,2025-07-20 21:14:56.579315864,61.55,Home & Kitchen
TXN-13883,CUST-1615,2025-07-21 00:45:13.502700544,114.82,Home & Kitchen
TXN-13884,CUST-1767,2025-07-21 04:15:30.426085216,139.98,Home & Kitchen
TXN-13885,CUST-1890,2025-07-21 07:45:47.349469896,168.64,Electronics
TXN-13886,CUST-1205,2025-07-21 11:16:04.272854568,60.17,Electronics
TXN-13887,CUST-1846,2025-07-21 14:46:21.196239248,84.7,Electronics
TXN-13888,CUST-1042,2025-07-21 18:16:38.119623928,16.21,Electronics
TXN-13889,CUST-1864,2025-07-21 21:46:55.043008600,60.21,Apparel
TXN-13890,CUST-1244,2025-07-22 01:17:11.966393280,22.62,Beauty
TXN-13891,CUST-1286,2025-07-22 04:47:28.889777960,44.61,Beauty
TXN-13892,CUST-1354,2025-07-22 08:17:45.813162632,39.96,Home & Kitchen
TXN-13893,CUST-1784,2025-07-22 11:48:02.736547312,51.31,Books
TXN-13894,CUST-1475,2025-07-22 15:18:19.659931984,73.58,Electronics
TXN-13895,CUST-1082,2025-07-22 18:48:36.583316664,184.88,Beauty
TXN-13896,CUST-1109,2025-07-22 22:18:53.506701344,47.63,Beauty
TXN-13897,CUST-1949,2025-07-23 01:49:10.430086016,307.77,Electronics
TXN-13898,CUST-1189,2025-07-23 05:19:27.353470696,116.73,Apparel
TXN-13899,CUST-1982,2025-07-23 08:49:44.276855368,63.73,Apparel
TXN-13900,CUST-1799,2025-07-23 12:20:01.200240048,87.47,Beauty
TXN-13901,CUST-1935,2025-07-23 15:50:18.123624728,18.09,Apparel
TXN-13902,CUST-1908,2025-07-23 19:20:35.047009400,149.59,Electronics
TXN-13903,CUST-1250,2025-07-23 22:50:51.970394080,75.48,Beauty
TXN-13904,CUST-1723,2025-07-24 02:21:08.893778760,330.51,Electronics
TXN-13905,CUST-1290,2025-07-24 05:51:25.817163432,85.88,Apparel
TXN-13906,CUST-1644,2025-07-24 09:21:42.740548112,144.73,Electronics
TXN-13907,CUST-1200,2025-07-24 12:51:59.663932784,130.62,Apparel
TXN-13908,CUST-1796,2025-07-24 16:22:16.587317464,41.79,Apparel
TXN-13909,CUST-1325,2025-07-24 19:52:33.510702144,32.54,Electronics
TXN-13910,CUST-1510,2025-07-24 23:22:50.434086816,52.22,Apparel
TXN-13911,CUST-1408,2025-07-25 02:53:07.357471496,57.23,Home & Kitchen
TXN-13912,CUST-1606,2025-07-25 06:23:24.280856168,30.59,Electronics
TXN-13913,CUST-1789,2025-07-25 09:53:41.204240848,178.75,Home & Kitchen
TXN-13914,CUST-1961,2025-07-25 13:23:58.127625528,68.66,Electronics
TXN-13915,CUST-1940,2025-07-25 16:54:15.051010200,297.78,Apparel
TXN-13916,CUST-1836,2025-07-25 20:24:31.974394880,134.56,Apparel
TXN-13917,CUST-1507,2025-07-25 23:54:48.897779560,70.84,Beauty
TXN-13918,CUST-1730,2025-07-26 03:25:05.821164232,230.37,Beauty
TXN-13919,CUST-1600,2025-07-26 06:55:22.744548912,62.72,Home & Kitchen
TXN-13920,CUST-1071,2025-07-26 10:25:39.667933584,173.6,Apparel
TXN-13921,CUST-1246,2025-07-26 13:55:56.591318264,43.25,Beauty
TXN-13922,CUST-1640,2025-07-26 17:26:13.514702944,45.69,Apparel
TXN-13923,CUST-1723,2025-07-26 20:56:30.438087616,50.61,Electronics
TXN-13924,CUST-1939,2025-07-27 00:26:47.361472296,69.33,Beauty
TXN-13925,CUST-1854,2025-07-27 03:57:04.284856976,70.47,Home & Kitchen
TXN-13926,CUST-1607,2025-07-27 07:27:21.208241648,61.45,Beauty
TXN-13927,CUST-1586,2025-07-27 10:57:38.131626328,37.4,Apparel
TXN-13928,CUST-1934,2025-07-27 14:27:55.055011000,206.51,Books
TXN-13929,CUST-1565,2025-07-27 17:58:11.978395680,76.61,Books
TXN-13930,CUST-1343,2025-07-27 21:28:28.901780360,49.29,Apparel
TXN-13931,CUST-1970,2025-07-28 00:58:45.825165032,88.99,Electronics
TXN-13932,CUST-1924,2025-07-28 04:29:02.748549712,119.57,Beauty
TXN-13933,CUST-1053,2025-07-28 07:59:19.671934384,252.79,Books
TXN-13934,CUST-1729,2025-07-28 11:29:36.595319064,61.92,Electronics
TXN-13935,CUST-1527,2025-07-28 14:59:53.518703744,18.92,Apparel
TXN-13936,CUST-1610,2025-07-28 18:30:10.442088416,53.59,Electronics
TXN-13937,CUST-1531,2025-07-28 22:00:27.365473096,58.9,Apparel
TXN-13938,CUST-1557,2025-07-29 01:30:44.288857776,180.47,Beauty
TXN-13939,CUST-1962,2025-07-29 05:01:01.212242448,47.66,Electronics
TXN-13940,CUST-1192,2025-07-29 08:31:18.135627128,239.84,Beauty
TXN-13941,CUST-1894,2025-07-29 12:01:35.059011800,59.79,Electronics
TXN-13942,CUST-1057,2025-07-29 15:31:51.982396480,283.09,Apparel
TXN-13943,CUST-1436,2025-07-29 19:02:08.905781160,10.62,Apparel
TXN-13944,CUST-1110,2025-07-29 22:32:25.829165832,181.81,Electronics
TXN-13945,CUST-1128,2025-07-30 02:02:42.752550512,210.65,Apparel
TXN-13946,CUST-1848,2025-07-30 05:32:59.675935184,253.35,Home & Kitchen
TXN-13947,CUST-1705,2025-07-30 09:03:16.599319864,10.99,Home & Kitchen
TXN-13948,CUST-1924,2025-07-30 12:33:33.522704544,24.13,Beauty
TXN-13949,CUST-1851,2025-07-30 16:03:50.446089216,89.55,Home & Kitchen
TXN-13950,CUST-1325,2025-07-30 19:34:07.369473896,11.94,Home & Kitchen
TXN-13951,CUST-1007,2025-07-30 23:04:24.292858576,14.93,Books
TXN-13952,CUST-1028,2025-07-31 02:34:41.216243248,28.74,Books
TXN-13953,CUST-1111,2025-07-31 06:04:58.139627928,63.88,Books
TXN-13954,CUST-1946,2025-07-31 09:35:15.063012600,69.21,Books
TXN-13955,CUST-1672,2025-07-31 13:05:31.986397280,12.61,Apparel
TXN-13956,CUST-1130,2025-07-31 16:35:48.909781960,24.01,Beauty
TXN-13957,CUST-1187,2025-07-31 20:06:05.833166632,61.94,Beauty
TXN-13958,CUST-1674,2025-07-31 23:36:22.756551312,77.59,Home & Kitchen
TXN-13959,CUST-1708,2025-08-01 03:06:39.679935984,22.05,Beauty
TXN-13960,CUST-1474,2025-08-01 06:36:56.603320664,48.17,Home & Kitchen
TXN-13961,CUST-1363,2025-08-01 10:07:13.526705344,186.07,Beauty
TXN-13962,CUST-1203,2025-08-01 13:37:30.450090016,520.88,Electronics
TXN-13963,CUST-1211,2025-08-01 17:07:47.373474696,336.96,Electronics
TXN-13964,CUST-1620,2025-08-01 20:38:04.296859376,170.07,Beauty
TXN-13965,CUST-1275,2025-08-02 00:08:21.220244048,47.65,Apparel
TXN-13966,CUST-1072,2025-08-02 03:38:38.143628728,97.01,Home & Kitchen
TXN-13967,CUST-1678,2025-08-02 07:08:55.067013400,50.42,Beauty
TXN-13968,CUST-1771,2025-08-02 10:39:11.990398080,88.42,Home & Kitchen
TXN-13969,CUST-1242,2025-08-02 14:09:28.913782760,37.77,Books
TXN-13970,CUST-1786,2025-08-02 17:39:45.837167432,79.89,Beauty
TXN-13971,CUST-1101,2025-08-02 21:10:02.760552112,65.64,Apparel
TXN-13972,CUST-1986,2025-08-03 00:40:19.683936784,11.86,Books
TXN-13973,CUST-1684,2025-08-03 04:10:36.607321464,127.3,Beauty
TXN-13974,CUST-1170,2025-08-03 07:40:53.530706144,10.9,Electronics
TXN-13975,CUST-1652,2025-08-03 11:11:10.454090816,36.02,Beauty
TXN-13976,CUST-1908,2025-08-03 14:41:27.377475496,10.45,Electronics
TXN-13977,CUST-1187,2025-08-03 18:11:44.300860176,45.39,Electronics
TXN-13978,CUST-1440,2025-08-03 21:42:01.224244848,14.89,Beauty
TXN-13979,CUST-1085,2025-08-04 01:12:18.147629528,193.58,Beauty
TXN-13980,CUST-1475,2025-08-04 04:42:35.071014200,50.3,Electronics
TXN-13981,CUST-1051,2025-08-04 08:12:51.994398880,56.14,Home & Kitchen
TXN-13982,CUST-1110,2025-08-04 11:43:08.917783560,42.29,Books
TXN-13983,CUST-1948,2025-08-04 15:13:25.841168232,84.07,Apparel
TXN-13984,CUST-1876,2025-08-04 18:43:42.764552912,125.08,Beauty
TXN-13985,CUST-1853,2025-08-04 22:13:59.687937592,88.34,Books
TXN-13986,CUST-1042,2025-08-05 01:44:16.611322264,113.44,Books
TXN-13987,CUST-1210,2025-08-05 05:14:33.534706944,187.31,Home & Kitchen
TXN-13988,CUST-1967,2025-08-05 08:44:50.458091616,159.38,Books
TXN-13989,CUST-1199,2025-08-05 12:15:07.381476296,94.08,Beauty
TXN-13990,CUST-1809,2025-08-05 15:45:24.304860976,28.12,Books
TXN-13991,CUST-1857,2025-08-05 19:15:41.228245648,86.15,Beauty
TXN-13992,CUST-1751,2025-08-05 22:45:58.151630328,62.9,Beauty
TXN-13993,CUST-1626,2025-08-06 02:16:15.075015000,104.73,Electronics
TXN-13994,CUST-1025,2025-08-06 05:46:31.998399680,144.2,Home & Kitchen
TXN-13995,CUST-1918,2025-08-06 09:16:48.921784360,111.82,Apparel
TXN-13996,CUST-1298,2025-08-06 12:47:05.845169032,150.58,Electronics
TXN-13997,CUST-1076,2025-08-06 16:17:22.768553712,14.95,Apparel
TXN-13998,CUST-1923,2025-08-06 19:47:39.691938392,12.41,Beauty
TXN-13999,CUST-1136,2025-08-06 23:17:56.615323064,32.43,Electronics
TXN-14000,CUST-1019,2025-08-07 02:48:13.538707744,183.2,Books
TXN-14001,CUST-1439,2025-08-07 06:18:30.462092416,140.15,Books
TXN-14002,CUST-1210,2025-08-07 09:48:47.385477096,96.1,Apparel
TXN-14003,CUST-1751,2025-08-07 13:19:04.308861776,100.49,Beauty
TXN-14004,CUST-1550,2025-08-07 16:49:21.232246448,107.28,Apparel
TXN-14005,CUST-1434,2025-08-07 20:19:38.155631128,224.33,Home & Kitchen
TXN-14006,CUST-1779,2025-08-07 23:49:55.079015800,143.87,Books
TXN-14007,CUST-1206,2025-08-08 03:20:12.002400480,83.24,Electronics
TXN-14008,CUST-1990,2025-08-08 06:50:28.925785160,92.18,Electronics
TXN-14009,CUST-1438,2025-08-08 10:20:45.849169832,28.04,Electronics
TXN-14010,CUST-1973,2025-08-08 13:51:02.772554512,90.32,Books
TXN-14011,CUST-1778,2025-08-08 17:21:19.695939192,51.46,Beauty
TXN-14012,CUST-1665,2025-08-08 20:51:36.619323864,22.45,Books
TXN-14013,CUST-1041,2025-08-09 00:21:53.542708544,133.15,Books
TXN-14014,CUST-1410,2025-08-09 03:52:10.466093216,63.54,Electronics
TXN-14015,CUST-1522,2025-08-09 07:22:27.389477896,294.32,Books
TXN-14016,CUST-1805,2025-08-09 10:52:44.312862576,34.81,Electronics
TXN-14017,CUST-1609,2025-08-09 14:23:01.236247248,59.14,Beauty
TXN-14018,CUST-1426,2025-08-09 17:53:18.159631928,54.56,Home & Kitchen
TXN-14019,CUST-1274,2025-08-09 21:23:35.083016600,19.65,Electronics
TXN-14020,CUST-1447,2025-08-10 00:53:52.006401280,51.65,Apparel
TXN-14021,CUST-1901,2025-08-10 04:24:08.929785960,35.43,Home & Kitchen
TXN-14022,CUST-1941,2025-08-10 07:54:25.853170632,23.11,Beauty
TXN-14023,CUST-1883,2025-08-10 11:24:42.776555312,34.86,Home & Kitchen
TXN-14024,CUST-1741,2025-08-10 14:54:59.699939992,29.92,Electronics
TXN-14025,CUST-1368,2025-08-10 18:25:16.623324664,109.34,Beauty
TXN-14026,CUST-1937,2025-08-10 21:55:33.546709344,12.34,Apparel
TXN-14027,CUST-1219,2025-08-11 01:25:50.470094016,82.07,Electronics
TXN-14028,CUST-1576,2025-08-11 04:56:07.393478696,117.24,Electronics
TXN-14029,CUST-1866,2025-08-11 08:26:24.316863376,59.15,Beauty
TXN-14030,CUST-1231,2025-08-11 11:56:41.240248048,211.14,Beauty
TXN-14031,CUST-1327,2025-08-11 15:26:58.163632728,102.29,Home & Kitchen
TXN-14032,CUST-1442,2025-08-11 18:57:15.087017408,113.35,Apparel
TXN-14033,CUST-1051,2025-08-11 22:27:32.010402080,26.45,Home & Kitchen
TXN-14034,CUST-1885,2025-08-12 01:57:48.933786760,122.64,Home & Kitchen
TXN-14035,CUST-1942,2025-08-12 05:28:05.857171432,143.83,Electronics
TXN-14036,CUST-1375,2025-08-12 08:58:22.780556112,43.62,Beauty
TXN-14037,CUST-1262,2025-08-12 12:28:39.703940792,28.0,Electronics
TXN-14038,CUST-1266,2025-08-12 15:58:56.627325464,46.47,Apparel
TXN-14039,CUST-1358,2025-08-12 19:29:13.550710144,110.92,Home & Kitchen
TXN-14040,CUST-1316,2025-08-12 22:59:30.474094816,50.55,Apparel
TXN-14041,CUST-1323,2025-08-13 02:29:47.397479496,110.07,Beauty
TXN-14042,CUST-1920,2025-08-13 06:00:04.320864176,19.04,Beauty
TXN-14043,CUST-1907,2025-08-13 09:30:21.244248848,133.0,Books
TXN-14044,CUST-1665,2025-08-13 13:00:38.167633528,31.9,Apparel
TXN-14045,CUST-1869,2025-08-13 16:30:55.091018208,31.47,Electronics
TXN-14046,CUST-1877,2025-08-13 20:01:12.014402880,76.94,Apparel
TXN-14047,CUST-1651,2025-08-13 23:31:28.937787560,15.45,Home & Kitchen
TXN-14048,CUST-1938,2025-08-14 03:01:45.861172232,12.0,Beauty
TXN-14049,CUST-1562,2025-08-14 06:32:02.784556912,32.69,Beauty
TXN-14050,CUST-1628,2025-08-14 10:02:19.707941592,67.93,Apparel
TXN-14051,CUST-1420,2025-08-14 13:32:36.631326264,188.64,Apparel
TXN-14052,CUST-1045,2025-08-14 17:02:53.554710944,150.52,Apparel
TXN-14053,CUST-1820,2025-08-14 20:33:10.478095616,60.57,Home & Kitchen
TXN-14054,CUST-1599,2025-08-15 00:03:27.401480296,12.83,Home & Kitchen
TXN-14055,CUST-1719,2025-08-15 03:33:44.324864976,67.47,Electronics
TXN-14056,CUST-1888,2025-08-15 07:04:01.248249648,101.51,Apparel
TXN-14057,CUST-1268,2025-08-15 10:34:18.171634328,41.07,Electronics
TXN-14058,CUST-1600,2025-08-15 14:04:35.095019008,18.83,Books
TXN-14059,CUST-1380,2025-08-15 17:34:52.018403680,34.49,Home & Kitchen
TXN-14060,CUST-1117,2025-08-15 21:05:08.941788360,120.75,Beauty
TXN-14061,CUST-1565,2025-08-16 00:35:25.865173032,42.45,Books
TXN-14062,CUST-1952,2025-08-16 04:05:42.788557712,135.34,Beauty
TXN-14063,CUST-1115,2025-08-16 07:35:59.711942392,38.87,Books
TXN-14064,CUST-1629,2025-08-16 11:06:16.635327064,23.39,Electronics
TXN-14065,CUST-1259,2025-08-16 14:36:33.558711744,52.93,Electronics
TXN-14066,CUST-1074,2025-08-16 18:06:50.482096416,55.15,Home & Kitchen
TXN-14067,CUST-1479,2025-08-16 21:37:07.405481096,11.22,Beauty
TXN-14068,CUST-1304,2025-08-17 01:07:24.328865776,19.34,Books
TXN-14069,CUST-1006,2025-08-17 04:37:41.252250448,25.34,Apparel
TXN-14070,CUST-1365,2025-08-17 08:07:58.175635128,19.04,Apparel
TXN-14071,CUST-1633,2025-08-17 11:38:15.099019808,41.34,Home & Kitchen
TXN-14072,CUST-1522,2025-08-17 15:08:32.022404480,260.63,Beauty
TXN-14073,CUST-1347,2025-08-17 18:38:48.945789160,63.38,Apparel
TXN-14074,CUST-1437,2025-08-17 22:09:05.869173832,84.08,Home & Kitchen
TXN-14075,CUST-1214,2025-08-18 01:39:22.792558512,43.05,Home & Kitchen
TXN-14076,CUST-1428,2025-08-18 05:09:39.715943192,39.31,Beauty
TXN-14077,CUST-1790,2025-08-18 08:39:56.639327864,11.76,Apparel
TXN-14078,CUST-1497,2025-08-18 12:10:13.562712544,62.04,Apparel
TXN-14079,CUST-1539,2025-08-18 15:40:30.486097224,59.57,Apparel
TXN-14080,CUST-1746,2025-08-18 19:10:47.409481896,22.88,Electronics
TXN-14081,CUST-1366,2025-08-18 22:41:04.332866576,118.4,Apparel
TXN-14082,CUST-1312,2025-08-19 02:11:21.256251248,60.9,Books
TXN-14083,CUST-1537,2025-08-19 05:41:38.179635928,41.05,Electronics
TXN-14084,CUST-1920,2025-08-19 09:11:55.103020608,21.92,Electronics
TXN-14085,CUST-1053,2025-08-19 12:42:12.026405280,70.25,Electronics
TXN-14086,CUST-1540,2025-08-19 16:12:28.949789960,114.82,Electronics
TXN-14087,CUST-1466,2025-08-19 19:42:45.873174632,34.85,Home & Kitchen
TXN-14088,CUST-1864,2025-08-19 23:13:02.796559312,28.52,Books
TXN-14089,CUST-1163,2025-08-20 02:43:19.719943992,65.35,Beauty
TXN-14090,CUST-1781,2025-08-20 06:13:36.643328664,22.66,Apparel
TXN-14091,CUST-1333,2025-08-20 09:43:53.566713344,92.38,Electronics
TXN-14092,CUST-1546,2025-08-20 13:14:10.490098024,79.73,Beauty
TXN-14093,CUST-1797,2025-08-20 16:44:27.413482696,16.83,Home & Kitchen
TXN-14094,CUST-1347,2025-08-20 20:14:44.336867376,12.79,Beauty
TXN-14095,CUST-1272,2025-08-20 23:45:01.260252048,82.63,Electronics
TXN-14096,CUST-1962,2025-08-21 03:15:18.183636728,36.14,Books
TXN-14097,CUST-1719,2025-08-21 06:45:35.107021408,16.78,Beauty
TXN-14098,CUST-1749,2025-08-21 10:15:52.030406080,116.86,Electronics
TXN-14099,CUST-1413,2025-08-21 13:46:08.953790760,38.27,Electronics
TXN-14100,CUST-1499,2025-08-21 17:16:25.877175432,56.16,Apparel
TXN-14101,CUST-1092,2025-08-21 20:46:42.800560112,30.27,Apparel
TXN-14102,CUST-1684,2025-08-22 00:16:59.723944792,84.03,Books
TXN-14103,CUST-1078,2025-08-22 03:47:16.647329464,36.91,Apparel
TXN-14104,CUST-1621,2025-08-22 07:17:33.570714144,268.2,Books
TXN-14105,CUST-1216,2025-08-22 10:47:50.494098824,101.04,Home & Kitchen
TXN-14106,CUST-1946,2025-08-22 14:18:07.417483496,21.03,Home & Kitchen
TXN-14107,CUST-1357,2025-08-22 17:48:24.340868176,50.43,Apparel
TXN-14108,CUST-1617,2025-08-22 21:18:41.264252848,46.51,Home & Kitchen
TXN-14109,CUST-1506,2025-08-23 00:48:58.187637528,67.31,Beauty
TXN-14110,CUST-1558,2025-08-23 04:19:15.111022208,148.35,Beauty
TXN-14111,CUST-1180,2025-08-23 07:49:32.034406880,75.68,Beauty
TXN-14112,CUST-1575,2025-08-23 11:19:48.957791560,14.76,Home & Kitchen
TXN-14113,CUST-1245,2025-08-23 14:50:05.881176232,89.91,Beauty
TXN-14114,CUST-1243,2025-08-23 18:20:22.804560912,10.62,Books
TXN-14115,CUST-1505,2025-08-23 21:50:39.727945592,123.55,Electronics
TXN-14116,CUST-1421,2025-08-24 01:20:56.651330264,92.39,Apparel
TXN-14117,CUST-1319,2025-08-24 04:51:13.574714944,37.7,Books
TXN-14118,CUST-1086,2025-08-24 08:21:30.498099624,35.95,Beauty
TXN-14119,CUST-1216,2025-08-24 11:51:47.421484296,130.06,Electronics
TXN-14120,CUST-1489,2025-08-24 15:22:04.344868976,124.71,Apparel
TXN-14121,CUST-1518,2025-08-24 18:52:21.268253648,42.57,Books
TXN-14122,CUST-1277,2025-08-24 22:22:38.191638328,36.64,Apparel
TXN-14123,CUST-1848,2025-08-25 01:52:55.115023008,71.54,Home & Kitchen
TXN-14124,CUST-1721,2025-08-25 05:23:12.038407680,10.63,Beauty
TXN-14125,CUST-1168,2025-08-25 08:53:28.961792360,16.47,Books
TXN-14126,CUST-1329,2025-08-25 12:23:45.885177040,20.12,Books
TXN-14127,CUST-1649,2025-08-25 15:54:02.808561712,25.38,Electronics
TXN-14128,CUST-1440,2025-08-25 19:24:19.731946392,63.81,Electronics
TXN-14129,CUST-1390,2025-08-25 22:54:36.655331064,374.43,Electronics
TXN-14130,CUST-1495,2025-08-26 02:24:53.578715744,89.3,Apparel
TXN-14131,CUST-1380,2025-08-26 05:55:10.502100424,14.74,Beauty
TXN-14132,CUST-1305,2025-08-26 09:25:27.425485096,65.92,Apparel
TXN-14133,CUST-1741,2025-08-26 12:55:44.348869776,61.48,Beauty
TXN-14134,CUST-1986,2025-08-26 16:26:01.272254448,21.68,Books
TXN-14135,CUST-1819,2025-08-26 19:56:18.195639128,199.69,Apparel
TXN-14136,CUST-1672,2025-08-26 23:26:35.119023808,53.59,Apparel
TXN-14137,CUST-1512,2025-08-27 02:56:52.042408480,401.04,Apparel
TXN-14138,CUST-1747,2025-08-27 06:27:08.965793160,50.86,Home & Kitchen
TXN-14139,CUST-1948,2025-08-27 09:57:25.889177840,80.23,Beauty
TXN-14140,CUST-1187,2025-08-27 13:27:42.812562512,18.3,Beauty
TXN-14141,CUST-1929,2025-08-27 16:57:59.735947192,55.42,Apparel
TXN-14142,CUST-1515,2025-08-27 20:28:16.659331864,30.46,Home & Kitchen
TXN-14143,CUST-1912,2025-08-27 23:58:33.582716544,145.39,Apparel
TXN-14144,CUST-1643,2025-08-28 03:28:50.506101224,124.91,Beauty
TXN-14145,CUST-1426,2025-08-28 06:59:07.429485896,140.37,Books
TXN-14146,CUST-1501,2025-08-28 10:29:24.352870576,106.45,Home & Kitchen
TXN-14147,CUST-1729,2025-08-28 13:59:41.276255248,144.09,Home & Kitchen
TXN-14148,CUST-1259,2025-08-28 17:29:58.199639928,26.81,Apparel
TXN-14149,CUST-1512,2025-08-28 21:00:15.123024608,55.12,Books
TXN-14150,CUST-1070,2025-08-29 00:30:32.046409280,98.29,Beauty
TXN-14151,CUST-1477,2025-08-29 04:00:48.969793960,86.08,Electronics
TXN-14152,CUST-1177,2025-08-29 07:31:05.893178640,104.5,Beauty
TXN-14153,CUST-1456,2025-08-29 11:01:22.816563312,29.05,Beauty
TXN-14154,CUST-1188,2025-08-29 14:31:39.739947992,17.77,Books
TXN-14155,CUST-1290,2025-08-29 18:01:56.663332664,196.49,Home & Kitchen
TXN-14156,CUST-1519,2025-08-29 21:32:13.586717344,71.6,Beauty
TXN-14157,CUST-1764,2025-08-30 01:02:30.510102024,22.53,Home & Kitchen
TXN-14158,CUST-1919,2025-08-30 04:32:47.433486696,128.29,Books
TXN-14159,CUST-1978,2025-08-30 08:03:04.356871376,194.82,Books
TXN-14160,CUST-1291,2025-08-30 11:33:21.280256048,23.94,Apparel
TXN-14161,CUST-1945,2025-08-30 15:03:38.203640728,137.54,Electronics
TXN-14162,CUST-1755,2025-08-30 18:33:55.127025408,212.98,Books
TXN-14163,CUST-1634,2025-08-30 22:04:12.050410080,218.99,Books
TXN-14164,CUST-1810,2025-08-31 01:34:28.973794760,194.14,Home & Kitchen
TXN-14165,CUST-1282,2025-08-31 05:04:45.897179440,69.29,Books
TXN-14166,CUST-1543,2025-08-31 08:35:02.820564112,43.03,Beauty
TXN-14167,CUST-1845,2025-08-31 12:05:19.743948792,10.55,Apparel
TXN-14168,CUST-1376,2025-08-31 15:35:36.667333464,14.71,Apparel
TXN-14169,CUST-1657,2025-08-31 19:05:53.590718144,52.01,Beauty
TXN-14170,CUST-1155,2025-08-31 22:36:10.514102824,48.23,Books
TXN-14171,CUST-1507,2025-09-01 02:06:27.437487496,25.32,Electronics
TXN-14172,CUST-1412,2025-09-01 05:36:44.360872176,47.75,Books
TXN-14173,CUST-1527,2025-09-01 09:07:01.284256856,24.4,Apparel
TXN-14174,CUST-1354,2025-09-01 12:37:18.207641528,151.68,Electronics
TXN-14175,CUST-1558,2025-09-01 16:07:35.131026208,36.56,Home & Kitchen
TXN-14176,CUST-1762,2025-09-01 19:37:52.054410880,78.45,Home & Kitchen
TXN-14177,CUST-1186,2025-09-01 23:08:08.977795560,62.41,Books
TXN-14178,CUST-1030,2025-09-02 02:38:25.901180240,14.0,Books
TXN-14179,CUST-1259,2025-09-02 06:08:42.824564912,223.85,Electronics
TXN-14180,CUST-1420,2025-09-02 09:38:59.747949592,66.19,Electronics
TXN-14181,CUST-1528,2025-09-02 13:09:16.671334264,39.48,Books
TXN-14182,CUST-1550,2025-09-02 16:39:33.594718944,22.91,Apparel
TXN-14183,CUST-1303,2025-09-02 20:09:50.518103624,41.0,Home & Kitchen
TXN-14184,CUST-1941,2025-09-02 23:40:07.441488296,11.55,Electronics
TXN-14185,CUST-1985,2025-09-03 03:10:24.364872976,43.89,Apparel
TXN-14186,CUST-1943,2025-09-03 06:40:41.288257656,66.86,Books
TXN-14187,CUST-1038,2025-09-03 10:10:58.211642328,164.1,Beauty
TXN-14188,CUST-1488,2025-09-03 13:41:15.135027008,97.21,Electronics
TXN-14189,CUST-1643,2025-09-03 17:11:32.058411680,18.87,Beauty
TXN-14190,CUST-1541,2025-09-03 20:41:48.981796360,21.99,Apparel
TXN-14191,CUST-1669,2025-09-04 00:12:05.905181040,51.91,Home & Kitchen
TXN-14192,CUST-1277,2025-09-04 03:42:22.828565712,26.33,Apparel
TXN-14193,CUST-1202,2025-09-04 07:12:39.751950392,12.12,Home & Kitchen
TXN-14194,CUST-1065,2025-09-04 10:42:56.675335064,132.61,Apparel
TXN-14195,CUST-1107,2025-09-04 14:13:13.598719744,11.48,Electronics
TXN-14196,CUST-1267,2025-09-04 17:43:30.522104424,143.2,Electronics
TXN-14197,CUST-1221,2025-09-04 21:13:47.445489096,21.67,Beauty
TXN-14198,CUST-1803,2025-09-05 00:44:04.368873776,285.71,Apparel
TXN-14199,CUST-1529,2025-09-05 04:14:21.292258456,79.45,Apparel
TXN-14200,CUST-1089,2025-09-05 07:44:38.215643128,109.6,Beauty
TXN-14201,CUST-1692,2025-09-05 11:14:55.139027808,18.78,Books
TXN-14202,CUST-1254,2025-09-05 14:45:12.062412480,158.59,Apparel
TXN-14203,CUST-1454,2025-09-05 18:15:28.985797160,147.07,Apparel
TXN-14204,CUST-1252,2025-09-05 21:45:45.909181840,89.38,Apparel
TXN-14205,CUST-1256,2025-09-06 01:16:02.832566512,62.33,Books
TXN-14206,CUST-1382,2025-09-06 04:46:19.755951192,105.87,Electronics
TXN-14207,CUST-1441,2025-09-06 08:16:36.679335864,10.45,Beauty
TXN-14208,CUST-1857,2025-09-06 11:46:53.602720544,77.32,Books
TXN-14209,CUST-1598,2025-09-06 15:17:10.526105224,151.0,Home & Kitchen
TXN-14210,CUST-1089,2025-09-06 18:47:27.449489896,43.11,Home & Kitchen
TXN-14211,CUST-1748,2025-09-06 22:17:44.372874576,18.6,Books
TXN-14212,CUST-1389,2025-09-07 01:48:01.296259256,50.97,Books
TXN-14213,CUST-1581,2025-09-07 05:18:18.219643928,107.4,Electronics
TXN-14214,CUST-1043,2025-09-07 08:48:35.143028608,18.51,Home & Kitchen
TXN-14215,CUST-1711,2025-09-07 12:18:52.066413280,27.3,Beauty
TXN-14216,CUST-1663,2025-09-07 15:49:08.989797960,21.97,Apparel
TXN-14217,CUST-1597,2025-09-07 19:19:25.913182640,129.57,Apparel
TXN-14218,CUST-1018,2025-09-07 22:49:42.836567312,14.87,Electronics
TXN-14219,CUST-1100,2025-09-08 02:19:59.759951992,97.02,Electronics
TXN-14220,CUST-1913,2025-09-08 05:50:16.683336672,44.23,Home & Kitchen
TXN-14221,CUST-1606,2025-09-08 09:20:33.606721344,115.73,Beauty
TXN-14222,CUST-1765,2025-09-08 12:50:50.530106024,260.12,Beauty
TXN-14223,CUST-1356,2025-09-08 16:21:07.453490696,19.12,Books
TXN-14224,CUST-1541,2025-09-08 19:51:24.376875376,38.31,Electronics
TXN-14225,CUST-1760,2025-09-08 23:21:41.300260056,134.6,Apparel
TXN-14226,CUST-1937,2025-09-09 02:51:58.223644728,33.21,Apparel
TXN-14227,CUST-1032,2025-09-09 06:22:15.147029408,28.17,Home & Kitchen
TXN-14228,CUST-1969,2025-09-09 09:52:32.070414080,140.88,Apparel
TXN-14229,CUST-1228,2025-09-09 13:22:48.993798760,336.19,Beauty
TXN-14230,CUST-1523,2025-09-09 16:53:05.917183440,71.04,Beauty
TXN-14231,CUST-1629,2025-09-09 20:23:22.840568112,34.43,Electronics
TXN-14232,CUST-1861,2025-09-09 23:53:39.763952792,48.13,Home & Kitchen
TXN-14233,CUST-1154,2025-09-10 03:23:56.687337472,23.99,Apparel
TXN-14234,CUST-1422,2025-09-10 06:54:13.610722144,117.63,Electronics
TXN-14235,CUST-1904,2025-09-10 10:24:30.534106824,121.37,Books
TXN-14236,CUST-1245,2025-09-10 13:54:47.457491496,166.03,Books
TXN-14237,CUST-1404,2025-09-10 17:25:04.380876176,12.02,Apparel
TXN-14238,CUST-1843,2025-09-10 20:55:21.304260856,71.91,Apparel
TXN-14239,CUST-1758,2025-09-11 00:25:38.227645528,28.08,Apparel
TXN-14240,CUST-1540,2025-09-11 03:55:55.151030208,41.26,Beauty
TXN-14241,CUST-1160,2025-09-11 07:26:12.074414880,125.27,Apparel
TXN-14242,CUST-1746,2025-09-11 10:56:28.997799560,25.99,Books
TXN-14243,CUST-1701,2025-09-11 14:26:45.921184240,86.28,Apparel
TXN-14244,CUST-1116,2025-09-11 17:57:02.844568912,89.72,Home & Kitchen
TXN-14245,CUST-1270,2025-09-11 21:27:19.767953592,241.09,Books
TXN-14246,CUST-1769,2025-09-12 00:57:36.691338272,121.93,Home & Kitchen
TXN-14247,CUST-1691,2025-09-12 04:27:53.614722944,132.08,Books
TXN-14248,CUST-1486,2025-09-12 07:58:10.538107624,66.88,Electronics
TXN-14249,CUST-1884,2025-09-12 11:28:27.461492296,25.51,Books
TXN-14250,CUST-1171,2025-09-12 14:58:44.384876976,51.58,Books
TXN-14251,CUST-1949,2025-09-12 18:29:01.308261656,69.8,Home & Kitchen
TXN-14252,CUST-1273,2025-09-12 21:59:18.231646328,95.09,Home & Kitchen
TXN-14253,CUST-1258,2025-09-13 01:29:35.155031008,80.18,Books
TXN-14254,CUST-1134,2025-09-13 04:59:52.078415680,47.56,Books
TXN-14255,CUST-1682,2025-09-13 08:30:09.001800360,33.12,Beauty
TXN-14256,CUST-1721,2025-09-13 12:00:25.925185040,23.82,Electronics
TXN-14257,CUST-1747,2025-09-13 15:30:42.848569712,98.77,Electronics
TXN-14258,CUST-1421,2025-09-13 19:00:59.771954392,87.76,Apparel
TXN-14259,CUST-1420,2025-09-13 22:31:16.695339072,97.21,Books
TXN-14260,CUST-1185,2025-09-14 02:01:33.618723744,44.95,Books
TXN-14261,CUST-1928,2025-09-14 05:31:50.542108424,32.83,Books
TXN-14262,CUST-1363,2025-09-14 09:02:07.465493096,116.95,Books
TXN-14263,CUST-1954,2025-09-14 12:32:24.388877776,121.42,Electronics
TXN-14264,CUST-1606,2025-09-14 16:02:41.312262456,55.61,Home & Kitchen
TXN-14265,CUST-1377,2025-09-14 19:32:58.235647128,80.99,Beauty
TXN-14266,CUST-1522,2025-09-14 23:03:15.159031808,45.07,Home & Kitchen
TXN-14267,CUST-1579,2025-09-15 02:33:32.082416480,100.79,Home & Kitchen
TXN-14268,CUST-1890,2025-09-15 06:03:49.005801160,145.46,Electronics
TXN-14269,CUST-1721,2025-09-15 09:34:05.929185840,97.41,Beauty
TXN-14270,CUST-1195,2025-09-15 13:04:22.852570512,63.9,Books
TXN-14271,CUST-1880,2025-09-15 16:34:39.775955192,56.03,Electronics
TXN-14272,CUST-1097,2025-09-15 20:04:56.699339872,87.11,Electronics
TXN-14273,CUST-1604,2025-09-15 23:35:13.622724544,95.41,Beauty
TXN-14274,CUST-1983,2025-09-16 03:05:30.546109224,71.36,Apparel
TXN-14275,CUST-1021,2025-09-16 06:35:47.469493896,83.55,Electronics
TXN-14276,CUST-1449,2025-09-16 10:06:04.392878576,17.62,Home & Kitchen
TXN-14277,CUST-1171,2025-09-16 13:36:21.316263256,237.38,Home & Kitchen
TXN-14278,CUST-1382,2025-09-16 17:06:38.239647928,127.33,Books
TXN-14279,CUST-1133,2025-09-16 20:36:55.163032608,45.12,Electronics
TXN-14280,CUST-1425,2025-09-17 00:07:12.086417288,72.05,Books
TXN-14281,CUST-1024,2025-09-17 03:37:29.009801960,13.64,Electronics
TXN-14282,CUST-1502,2025-09-17 07:07:45.933186640,13.16,Beauty
TXN-14283,CUST-1184,2025-09-17 10:38:02.856571312,31.66,Electronics
TXN-14284,CUST-1084,2025-09-17 14:08:19.779955992,97.77,Apparel
TXN-14285,CUST-1566,2025-09-17 17:38:36.703340672,153.37,Home & Kitchen
TXN-14286,CUST-1762,2025-09-17 21:08:53.626725344,71.43,Beauty
TXN-14287,CUST-1143,2025-09-18 00:39:10.550110024,66.97,Home & Kitchen
TXN-14288,CUST-1862,2025-09-18 04:09:27.473494696,48.6,Books
TXN-14289,CUST-1909,2025-09-18 07:39:44.396879376,23.22,Beauty
TXN-14290,CUST-1678,2025-09-18 11:10:01.320264056,19.45,Apparel
TXN-14291,CUST-1411,2025-09-18 14:40:18.243648728,117.25,Home & Kitchen
TXN-14292,CUST-1223,2025-09-18 18:10:35.167033408,206.82,Electronics
TXN-14293,CUST-1219,2025-09-18 21:40:52.090418088,55.98,Electronics
TXN-14294,CUST-1178,2025-09-19 01:11:09.013802760,90.79,Electronics
TXN-14295,CUST-1630,2025-09-19 04:41:25.937187440,194.41,Beauty
TXN-14296,CUST-1432,2025-09-19 08:11:42.860572112,17.08,Apparel
TXN-14297,CUST-1264,2025-09-19 11:41:59.783956792,120.38,Apparel
TXN-14298,CUST-1953,2025-09-19 15:12:16.707341472,81.94,Apparel
TXN-14299,CUST-1428,2025-09-19 18:42:33.630726144,78.47,Home & Kitchen
TXN-14300,CUST-1661,2025-09-19 22:12:50.554110824,35.96,Beauty
TXN-14301,CUST-1415,2025-09-20 01:43:07.477495496,96.38,Electronics
TXN-14302,CUST-1452,2025-09-20 05:13:24.400880176,128.78,Home & Kitchen
TXN-14303,CUST-1726,2025-09-20 08:43:41.324264856,18.98,Apparel
TXN-14304,CUST-1196,2025-09-20 12:13:58.247649528,67.19,Electronics
TXN-14305,CUST-1553,2025-09-20 15:44:15.171034208,18.01,Beauty
TXN-14306,CUST-1052,2025-09-20 19:14:32.094418888,164.52,Books
TXN-14307,CUST-1479,2025-09-20 22:44:49.017803560,63.14,Apparel
TXN-14308,CUST-1442,2025-09-21 02:15:05.941188240,133.76,Apparel
TXN-14309,CUST-1329,2025-09-21 05:45:22.864572912,44.43,Apparel
TXN-14310,CUST-1250,2025-09-21 09:15:39.787957592,20.02,Apparel
TXN-14311,CUST-1806,2025-09-21 12:45:56.711342272,13.18,Electronics
TXN-14312,CUST-1889,2025-09-21 16:16:13.634726944,34.8,Beauty
TXN-14313,CUST-1782,2025-09-21 19:46:30.558111624,31.0,Home & Kitchen
TXN-14314,CUST-1966,2025-09-21 23:16:47.481496296,71.63,Electronics
TXN-14315,CUST-1924,2025-09-22 02:47:04.404880976,11.65,Beauty
TXN-14316,CUST-1122,2025-09-22 06:17:21.328265656,65.14,Home & Kitchen
TXN-14317,CUST-1878,2025-09-22 09:47:38.251650328,47.29,Apparel
TXN-14318,CUST-1386,2025-09-22 13:17:55.175035008,74.55,Beauty
TXN-14319,CUST-1338,2025-09-22 16:48:12.098419688,100.9,Apparel
TXN-14320,CUST-1777,2025-09-22 20:18:29.021804360,85.4,Beauty
TXN-14321,CUST-1347,2025-09-22 23:48:45.945189040,323.22,Books
TXN-14322,CUST-1028,2025-09-23 03:19:02.868573712,21.16,Apparel
TXN-14323,CUST-1974,2025-09-23 06:49:19.791958392,52.12,Apparel
TXN-14324,CUST-1034,2025-09-23 10:19:36.715343072,51.48,Apparel
TXN-14325,CUST-1517,2025-09-23 13:49:53.638727744,50.47,Electronics
TXN-14326,CUST-1395,2025-09-23 17:20:10.562112424,91.75,Home & Kitchen
TXN-14327,CUST-1622,2025-09-23 20:50:27.485497104,60.48,Apparel
TXN-14328,CUST-1293,2025-09-24 00:20:44.408881776,64.65,Apparel
TXN-14329,CUST-1588,2025-09-24 03:51:01.332266456,52.47,Electronics
TXN-14330,CUST-1348,2025-09-24 07:21:18.255651128,369.36,Electronics
TXN-14331,CUST-1146,2025-09-24 10:51:35.179035808,206.88,Books
TXN-14332,CUST-1066,2025-09-24 14:21:52.102420488,37.58,Beauty
TXN-14333,CUST-1903,2025-09-24 17:52:09.025805160,18.87,Apparel
TXN-14334,CUST-1519,2025-09-24 21:22:25.949189840,147.33,Beauty
TXN-14335,CUST-1121,2025-09-25 00:52:42.872574512,450.07,Electronics
TXN-14336,CUST-1339,2025-09-25 04:22:59.795959192,35.96,Electronics
TXN-14337,CUST-1174,2025-09-25 07:53:16.719343872,43.21,Books
TXN-14338,CUST-1899,2025-09-25 11:23:33.642728544,223.08,Home & Kitchen
TXN-14339,CUST-1690,2025-09-25 14:53:50.566113224,103.13,Electronics
TXN-14340,CUST-1596,2025-09-25 18:24:07.489497904,36.28,Apparel
TXN-14341,CUST-1450,2025-09-25 21:54:24.412882576,75.25,Books
TXN-14342,CUST-1556,2025-09-26 01:24:41.336267256,226.49,Home & Kitchen
TXN-14343,CUST-1135,2025-09-26 04:54:58.259651928,135.27,Books
TXN-14344,CUST-1854,2025-09-26 08:25:15.183036608,111.56,Electronics
TXN-14345,CUST-1015,2025-09-26 11:55:32.106421288,110.17,Home & Kitchen
TXN-14346,CUST-1332,2025-09-26 15:25:49.029805960,24.7,Beauty
TXN-14347,CUST-1194,2025-09-26 18:56:05.953190640,140.59,Home & Kitchen
TXN-14348,CUST-1495,2025-09-26 22:26:22.876575312,34.23,Apparel
TXN-14349,CUST-1008,2025-09-27 01:56:39.799959992,209.84,Beauty
TXN-14350,CUST-1827,2025-09-27 05:26:56.723344672,44.02,Beauty
TXN-14351,CUST-1333,2025-09-27 08:57:13.646729344,156.22,Apparel
TXN-14352,CUST-1332,2025-09-27 12:27:30.570114024,33.22,Beauty
TXN-14353,CUST-1326,2025-09-27 15:57:47.493498704,64.2,Electronics
TXN-14354,CUST-1014,2025-09-27 19:28:04.416883376,18.48,Home & Kitchen
TXN-14355,CUST-1838,2025-09-27 22:58:21.340268056,90.94,Home & Kitchen
TXN-14356,CUST-1613,2025-09-28 02:28:38.263652728,145.63,Apparel
TXN-14357,CUST-1225,2025-09-28 05:58:55.187037408,105.06,Electronics
TXN-14358,CUST-1424,2025-09-28 09:29:12.110422088,65.56,Beauty
TXN-14359,CUST-1789,2025-09-28 12:59:29.033806760,13.46,Home & Kitchen
TXN-14360,CUST-1407,2025-09-28 16:29:45.957191440,213.22,Home & Kitchen
TXN-14361,CUST-1112,2025-09-28 20:00:02.880576112,101.68,Home & Kitchen
TXN-14362,CUST-1996,2025-09-28 23:30:19.803960792,112.74,Home & Kitchen
TXN-14363,CUST-1427,2025-09-29 03:00:36.727345472,128.74,Books
TXN-14364,CUST-1000,2025-09-29 06:30:53.650730144,113.3,Apparel
TXN-14365,CUST-1265,2025-09-29 10:01:10.574114824,53.64,Beauty
TXN-14366,CUST-1490,2025-09-29 13:31:27.497499504,109.21,Beauty
TXN-14367,CUST-1207,2025-09-29 17:01:44.420884176,83.57,Apparel
TXN-14368,CUST-1621,2025-09-29 20:32:01.344268856,154.32,Electronics
TXN-14369,CUST-1711,2025-09-30 00:02:18.267653528,131.64,Apparel
TXN-14370,CUST-1951,2025-09-30 03:32:35.191038208,13.17,Home & Kitchen
TXN-14371,CUST-1368,2025-09-30 07:02:52.114422888,45.72,Home & Kitchen
TXN-14372,CUST-1984,2025-09-30 10:33:09.037807560,12.65,Apparel
TXN-14373,CUST-1305,2025-09-30 14:03:25.961192240,18.08,Apparel
TXN-14374,CUST-1011,2025-09-30 17:33:42.884576920,78.99,Beauty
TXN-14375,CUST-1344,2025-09-30 21:03:59.807961592,165.25,Beauty
TXN-14376,CUST-1464,2025-10-01 00:34:16.731346272,19.57,Books
TXN-14377,CUST-1699,2025-10-01 04:04:33.654730944,54.99,Books
TXN-14378,CUST-1665,2025-10-01 07:34:50.578115624,191.33,Home & Kitchen
TXN-14379,CUST-1493,2025-10-01 11:05:07.501500304,136.27,Books
TXN-14380,CUST-1367,2025-10-01 14:35:24.424884976,65.0,Books
TXN-14381,CUST-1845,2025-10-01 18:05:41.348269656,120.74,Electronics
TXN-14382,CUST-1936,2025-10-01 21:35:58.271654328,65.47,Apparel
TXN-14383,CUST-1419,2025-10-02 01:06:15.195039008,22.91,Beauty
TXN-14384,CUST-1888,2025-10-02 04:36:32.118423688,19.99,Books
TXN-14385,CUST-1790,2025-10-02 08:06:49.041808360,25.65,Beauty
TXN-14386,CUST-1170,2025-10-02 11:37:05.965193040,42.42,Books
TXN-14387,CUST-1133,2025-10-02 15:07:22.888577720,210.01,Books
TXN-14388,CUST-1964,2025-10-02 18:37:39.811962392,130.59,Home & Kitchen
TXN-14389,CUST-1426,2025-10-02 22:07:56.735347072,52.53,Electronics
TXN-14390,CUST-1024,2025-10-03 01:38:13.658731744,60.95,Apparel
TXN-14391,CUST-1529,2025-10-03 05:08:30.582116424,33.15,Apparel
TXN-14392,CUST-1189,2025-10-03 08:38:47.505501104,101.39,Home & Kitchen
TXN-14393,CUST-1140,2025-10-03 12:09:04.428885776,131.75,Home & Kitchen
TXN-14394,CUST-1554,2025-10-03 15:39:21.352270456,30.47,Apparel
TXN-14395,CUST-1845,2025-10-03 19:09:38.275655128,13.2,Apparel
TXN-14396,CUST-1795,2025-10-03 22:39:55.199039808,83.34,Electronics
TXN-14397,CUST-1657,2025-10-04 02:10:12.122424488,72.0,Books
TXN-14398,CUST-1314,2025-10-04 05:40:29.045809160,48.58,Electronics
TXN-14399,CUST-1443,2025-10-04 09:10:45.969193840,87.44,Apparel
TXN-14400,CUST-1318,2025-10-04 12:41:02.892578520,69.99,Books
TXN-14401,CUST-1440,2025-10-04 16:11:19.815963192,31.63,Apparel
TXN-14402,CUST-1091,2025-10-04 19:41:36.739347872,48.03,Electronics
TXN-14403,CUST-1178,2025-10-04 23:11:53.662732544,51.91,Electronics
TXN-14404,CUST-1055,2025-10-05 02:42:10.586117224,169.17,Electronics
TXN-14405,CUST-1154,2025-10-05 06:12:27.509501904,253.13,Books
TXN-14406,CUST-1671,2025-10-05 09:42:44.432886576,177.62,Beauty
TXN-14407,CUST-1110,2025-10-05 13:13:01.356271256,105.25,Beauty
TXN-14408,CUST-1136,2025-10-05 16:43:18.279655928,75.96,Apparel
TXN-14409,CUST-1231,2025-10-05 20:13:35.203040608,97.66,Books
TXN-14410,CUST-1991,2025-10-05 23:43:52.126425288,219.9,Home & Kitchen
TXN-14411,CUST-1467,2025-10-06 03:14:09.049809960,31.58,Beauty
TXN-14412,CUST-1731,2025-10-06 06:44:25.973194640,67.45,Books
TXN-14413,CUST-1480,2025-10-06 10:14:42.896579320,97.74,Books
TXN-14414,CUST-1067,2025-10-06 13:44:59.819963992,95.28,Beauty
TXN-14415,CUST-1813,2025-10-06 17:15:16.743348672,31.8,Books
TXN-14416,CUST-1248,2025-10-06 20:45:33.666733344,76.27,Books
TXN-14417,CUST-1993,2025-10-07 00:15:50.590118024,129.19,Beauty
TXN-14418,CUST-1322,2025-10-07 03:46:07.513502704,58.34,Electronics
TXN-14419,CUST-1921,2025-10-07 07:16:24.436887376,128.24,Apparel
TXN-14420,CUST-1903,2025-10-07 10:46:41.360272056,43.46,Home & Kitchen
TXN-14421,CUST-1517,2025-10-07 14:16:58.283656736,219.47,Apparel
TXN-14422,CUST-1975,2025-10-07 17:47:15.207041408,67.26,Electronics
TXN-14423,CUST-1791,2025-10-07 21:17:32.130426088,77.97,Electronics
TXN-14424,CUST-1431,2025-10-08 00:47:49.053810760,12.39,Books
TXN-14425,CUST-1486,2025-10-08 04:18:05.977195440,24.0,Apparel
TXN-14426,CUST-1605,2025-10-08 07:48:22.900580120,85.17,Electronics
TXN-14427,CUST-1428,2025-10-08 11:18:39.823964792,50.84,Apparel
TXN-14428,CUST-1268,2025-10-08 14:48:56.747349472,63.22,Electronics
TXN-14429,CUST-1708,2025-10-08 18:19:13.670734144,14.88,Home & Kitchen
TXN-14430,CUST-1536,2025-10-08 21:49:30.594118824,144.74,Electronics
TXN-14431,CUST-1147,2025-10-09 01:19:47.517503504,125.11,Apparel
TXN-14432,CUST-1117,2025-10-09 04:50:04.440888176,25.38,Books
TXN-14433,CUST-1849,2025-10-09 08:20:21.364272856,85.45,Apparel
TXN-14434,CUST-1366,2025-10-09 11:50:38.287657536,137.91,Beauty
TXN-14435,CUST-1849,2025-10-09 15:20:55.211042208,86.8,Apparel
TXN-14436,CUST-1065,2025-10-09 18:51:12.134426888,37.87,Home & Kitchen
TXN-14437,CUST-1969,2025-10-09 22:21:29.057811560,90.06,Home & Kitchen
TXN-14438,CUST-1812,2025-10-10 01:51:45.981196240,27.72,Home & Kitchen
TXN-14439,CUST-1369,2025-10-10 05:22:02.904580920,38.73,Electronics
TXN-14440,CUST-1174,2025-10-10 08:52:19.827965592,30.59,Home & Kitchen
TXN-14441,CUST-1830,2025-10-10 12:22:36.751350272,71.05,Apparel
TXN-14442,CUST-1587,2025-10-10 15:52:53.674734944,18.59,Books
TXN-14443,CUST-1494,2025-10-10 19:23:10.598119624,213.08,Home & Kitchen
TXN-14444,CUST-1972,2025-10-10 22:53:27.521504304,40.43,Apparel
TXN-14445,CUST-1113,2025-10-11 02:23:44.444888976,28.54,Electronics
TXN-14446,CUST-1110,2025-10-11 05:54:01.368273656,61.47,Electronics
TXN-14447,CUST-1760,2025-10-11 09:24:18.291658336,34.33,Books
TXN-14448,CUST-1438,2025-10-11 12:54:35.215043008,67.41,Books
TXN-14449,CUST-1714,2025-10-11 16:24:52.138427688,42.14,Apparel
TXN-14450,CUST-1146,2025-10-11 19:55:09.061812360,20.62,Books
TXN-14451,CUST-1034,2025-10-11 23:25:25.985197040,33.18,Books
TXN-14452,CUST-1998,2025-10-12 02:55:42.908581720,53.28,Electronics
TXN-14453,CUST-1308,2025-10-12 06:25:59.831966392,12.31,Apparel
TXN-14454,CUST-1537,2025-10-12 09:56:16.755351072,120.44,Books
TXN-14455,CUST-1749,2025-10-12 13:26:33.678735744,82.93,Apparel
TXN-14456,CUST-1013,2025-10-12 16:56:50.602120424,78.98,Home & Kitchen
TXN-14457,CUST-1373,2025-10-12 20:27:07.525505104,69.23,Electronics
TXN-14458,CUST-1556,2025-10-12 23:57:24.448889776,76.93,Electronics
TXN-14459,CUST-1427,2025-10-13 03:27:41.372274456,214.6,Electronics
TXN-14460,CUST-1727,2025-10-13 06:57:58.295659136,10.65,Beauty
TXN-14461,CUST-1232,2025-10-13 10:28:15.219043808,13.67,Apparel
TXN-14462,CUST-1704,2025-10-13 13:58:32.142428488,25.94,Home & Kitchen
TXN-14463,CUST-1562,2025-10-13 17:28:49.065813160,23.73,Books
TXN-14464,CUST-1938,2025-10-13 20:59:05.989197840,24.99,Home & Kitchen
TXN-14465,CUST-1886,2025-10-14 00:29:22.912582520,93.59,Apparel
TXN-14466,CUST-1725,2025-10-14 03:59:39.835967192,56.14,Electronics
TXN-14467,CUST-1662,2025-10-14 07:29:56.759351872,370.08,Beauty
TXN-14468,CUST-1439,2025-10-14 11:00:13.682736552,29.3,Apparel
TXN-14469,CUST-1501,2025-10-14 14:30:30.606121224,37.92,Apparel
TXN-14470,CUST-1274,2025-10-14 18:00:47.529505904,321.27,Books
TXN-14471,CUST-1849,2025-10-14 21:31:04.452890576,143.68,Home & Kitchen
TXN-14472,CUST-1075,2025-10-15 01:01:21.376275256,57.59,Home & Kitchen
TXN-14473,CUST-1438,2025-10-15 04:31:38.299659936,70.66,Books
TXN-14474,CUST-1731,2025-10-15 08:01:55.223044608,148.95,Beauty
TXN-14475,CUST-1859,2025-10-15 11:32:12.146429288,59.19,Electronics
TXN-14476,CUST-1955,2025-10-15 15:02:29.069813960,27.3,Electronics
TXN-14477,CUST-1698,2025-10-15 18:32:45.993198640,142.21,Beauty
TXN-14478,CUST-1288,2025-10-15 22:03:02.916583320,67.88,Books
TXN-14479,CUST-1914,2025-10-16 01:33:19.839967992,22.46,Apparel
TXN-14480,CUST-1539,2025-10-16 05:03:36.763352672,62.83,Home & Kitchen
TXN-14481,CUST-1890,2025-10-16 08:33:53.686737352,49.98,Apparel
TXN-14482,CUST-1691,2025-10-16 12:04:10.610122024,167.07,Home & Kitchen
TXN-14483,CUST-1252,2025-10-16 15:34:27.533506704,20.11,Apparel
TXN-14484,CUST-1125,2025-10-16 19:04:44.456891376,166.08,Books
TXN-14485,CUST-1176,2025-10-16 22:35:01.380276056,63.84,Books
TXN-14486,CUST-1036,2025-10-17 02:05:18.303660736,48.86,Beauty
TXN-14487,CUST-1409,2025-10-17 05:35:35.227045408,23.25,Apparel
TXN-14488,CUST-1610,2025-10-17 09:05:52.150430088,100.5,Apparel
TXN-14489,CUST-1609,2025-10-17 12:36:09.073814760,206.1,Beauty
TXN-14490,CUST-1126,2025-10-17 16:06:25.997199440,45.3,Beauty
TXN-14491,CUST-1482,2025-10-17 19:36:42.920584120,30.74,Books
TXN-14492,CUST-1167,2025-10-17 23:06:59.843968792,70.7,Books
TXN-14493,CUST-1591,2025-10-18 02:37:16.767353472,129.29,Apparel
TXN-14494,CUST-1293,2025-10-18 06:07:33.690738152,10.28,Books
TXN-14495,CUST-1844,2025-10-18 09:37:50.614122824,84.85,Books
TXN-14496,CUST-1637,2025-10-18 13:08:07.537507504,78.07,Apparel
TXN-14497,CUST-1342,2025-10-18 16:38:24.460892176,38.72,Beauty
TXN-14498,CUST-1309,2025-10-18 20:08:41.384276856,55.03,Apparel
TXN-14499,CUST-1661,2025-10-18 23:38:58.307661536,31.27,Electronics
TXN-14500,CUST-1527,2025-10-19 03:09:15.231046208,127.01,Apparel
TXN-14501,CUST-1539,2025-10-19 06:39:32.154430888,85.49,Electronics
TXN-14502,CUST-1418,2025-10-19 10:09:49.077815560,67.06,Apparel
TXN-14503,CUST-1443,2025-10-19 13:40:06.001200240,47.38,Electronics
TXN-14504,CUST-1684,2025-10-19 17:10:22.924584920,35.83,Electronics
TXN-14505,CUST-1557,2025-10-19 20:40:39.847969592,139.76,Apparel
TXN-14506,CUST-1839,2025-10-20 00:10:56.771354272,55.03,Books
TXN-14507,CUST-1235,2025-10-20 03:41:13.694738952,62.2,Home & Kitchen
TXN-14508,CUST-1438,2025-10-20 07:11:30.618123624,65.18,Books
TXN-14509,CUST-1213,2025-10-20 10:41:47.541508304,54.62,Electronics
TXN-14510,CUST-1084,2025-10-20 14:12:04.464892976,32.19,Apparel
TXN-14511,CUST-1793,2025-10-20 17:42:21.388277656,19.62,Apparel
TXN-14512,CUST-1743,2025-10-20 21:12:38.311662336,17.78,Apparel
TXN-14513,CUST-1084,2025-10-21 00:42:55.235047008,116.24,Apparel
TXN-14514,CUST-1920,2025-10-21 04:13:12.158431688,28.97,Home & Kitchen
TXN-14515,CUST-1488,2025-10-21 07:43:29.081816360,14.3,Beauty
TXN-14516,CUST-1064,2025-10-21 11:13:46.005201040,129.78,Electronics
TXN-14517,CUST-1645,2025-10-21 14:44:02.928585720,22.55,Home & Kitchen
TXN-14518,CUST-1662,2025-10-21 18:14:19.851970392,83.59,Books
TXN-14519,CUST-1626,2025-10-21 21:44:36.775355072,41.01,Beauty
TXN-14520,CUST-1063,2025-10-22 01:14:53.698739752,20.14,Beauty
TXN-14521,CUST-1342,2025-10-22 04:45:10.622124424,50.14,Apparel
TXN-14522,CUST-1938,2025-10-22 08:15:27.545509104,11.12,Home & Kitchen
TXN-14523,CUST-1874,2025-10-22 11:45:44.468893776,147.94,Books
TXN-14524,CUST-1918,2025-10-22 15:16:01.392278456,64.04,Apparel
TXN-14525,CUST-1351,2025-10-22 18:46:18.315663136,21.24,Apparel
TXN-14526,CUST-1157,2025-10-22 22:16:35.239047808,30.29,Electronics
TXN-14527,CUST-1588,2025-10-23 01:46:52.162432488,54.56,Beauty
TXN-14528,CUST-1490,2025-10-23 05:17:09.085817168,25.7,Books
TXN-14529,CUST-1657,2025-10-23 08:47:26.009201840,33.46,Beauty
TXN-14530,CUST-1854,2025-10-23 12:17:42.932586520,67.33,Home & Kitchen
TXN-14531,CUST-1462,2025-10-23 15:47:59.855971192,144.06,Electronics
TXN-14532,CUST-1224,2025-10-23 19:18:16.779355872,48.54,Apparel
TXN-14533,CUST-1916,2025-10-23 22:48:33.702740552,104.67,Electronics
TXN-14534,CUST-1312,2025-10-24 02:18:50.626125224,166.98,Apparel
TXN-14535,CUST-1614,2025-10-24 05:49:07.549509904,28.28,Electronics
TXN-14536,CUST-1918,2025-10-24 09:19:24.472894576,133.45,Apparel
TXN-14537,CUST-1858,2025-10-24 12:49:41.396279256,116.23,Beauty
TXN-14538,CUST-1812,2025-10-24 16:19:58.319663936,43.11,Beauty
TXN-14539,CUST-1939,2025-10-24 19:50:15.243048608,351.87,Beauty
TXN-14540,CUST-1465,2025-10-24 23:20:32.166433288,32.84,Beauty
TXN-14541,CUST-1087,2025-10-25 02:50:49.089817968,32.06,Electronics
TXN-14542,CUST-1882,2025-10-25 06:21:06.013202640,120.97,Apparel
TXN-14543,CUST-1302,2025-10-25 09:51:22.936587320,52.77,Beauty
TXN-14544,CUST-1679,2025-10-25 13:21:39.859971992,40.12,Electronics
TXN-14545,CUST-1434,2025-10-25 16:51:56.783356672,24.76,Apparel
TXN-14546,CUST-1681,2025-10-25 20:22:13.706741352,118.72,Electronics
TXN-14547,CUST-1134,2025-10-25 23:52:30.630126024,125.75,Beauty
TXN-14548,CUST-1049,2025-10-26 03:22:47.553510704,72.7,Home & Kitchen
TXN-14549,CUST-1431,2025-10-26 06:53:04.476895376,246.54,Electronics
TXN-14550,CUST-1339,2025-10-26 10:23:21.400280056,38.72,Beauty
TXN-14551,CUST-1346,2025-10-26 13:53:38.323664736,28.6,Books
TXN-14552,CUST-1645,2025-10-26 17:23:55.247049408,94.87,Apparel
TXN-14553,CUST-1346,2025-10-26 20:54:12.170434088,116.54,Beauty
TXN-14554,CUST-1648,2025-10-27 00:24:29.093818768,29.11,Books
TXN-14555,CUST-1244,2025-10-27 03:54:46.017203440,15.98,Electronics
TXN-14556,CUST-1108,2025-10-27 07:25:02.940588120,134.76,Electronics
TXN-14557,CUST-1824,2025-10-27 10:55:19.863972792,291.31,Books
TXN-14558,CUST-1798,2025-10-27 14:25:36.787357472,87.6,Books
TXN-14559,CUST-1532,2025-10-27 17:55:53.710742152,34.42,Apparel
TXN-14560,CUST-1089,2025-10-27 21:26:10.634126824,437.92,Electronics
TXN-14561,CUST-1295,2025-10-28 00:56:27.557511504,177.81,Books
TXN-14562,CUST-1111,2025-10-28 04:26:44.480896176,64.02,Home & Kitchen
TXN-14563,CUST-1812,2025-10-28 07:57:01.404280856,140.86,Home & Kitchen
TXN-14564,CUST-1588,2025-10-28 11:27:18.327665536,136.89,Books
TXN-14565,CUST-1176,2025-10-28 14:57:35.251050208,214.77,Apparel
TXN-14566,CUST-1342,2025-10-28 18:27:52.174434888,147.88,Electronics
TXN-14567,CUST-1659,2025-10-28 21:58:09.097819568,87.39,Home & Kitchen
TXN-14568,CUST-1100,2025-10-29 01:28:26.021204240,80.49,Books
TXN-14569,CUST-1757,2025-10-29 04:58:42.944588920,57.24,Books
TXN-14570,CUST-1628,2025-10-29 08:28:59.867973592,83.86,Beauty
TXN-14571,CUST-1603,2025-10-29 11:59:16.791358272,128.94,Books
TXN-14572,CUST-1400,2025-10-29 15:29:33.714742952,270.62,Apparel
TXN-14573,CUST-1027,2025-10-29 18:59:50.638127624,57.23,Home & Kitchen
TXN-14574,CUST-1936,2025-10-29 22:30:07.561512304,73.94,Beauty
TXN-14575,CUST-1961,2025-10-30 02:00:24.484896984,54.13,Home & Kitchen
TXN-14576,CUST-1536,2025-10-30 05:30:41.408281656,92.81,Home & Kitchen
TXN-14577,CUST-1057,2025-10-30 09:00:58.331666336,84.55,Apparel
TXN-14578,CUST-1497,2025-10-30 12:31:15.255051008,11.35,Books
TXN-14579,CUST-1296,2025-10-30 16:01:32.178435688,68.43,Apparel
TXN-14580,CUST-1133,2025-10-30 19:31:49.101820368,16.95,Books
TXN-14581,CUST-1330,2025-10-30 23:02:06.025205040,12.01,Beauty
TXN-14582,CUST-1248,2025-10-31 02:32:22.948589720,127.48,Apparel
TXN-14583,CUST-1549,2025-10-31 06:02:39.871974392,32.45,Apparel
TXN-14584,CUST-1901,2025-10-31 09:32:56.795359072,41.24,Electronics
TXN-14585,CUST-1940,2025-10-31 13:03:13.718743752,14.97,Apparel
TXN-14586,CUST-1074,2025-10-31 16:33:30.642128424,24.84,Electronics
TXN-14587,CUST-1653,2025-10-31 20:03:47.565513104,118.81,Books
TXN-14588,CUST-1833,2025-10-31 23:34:04.488897784,61.02,Books
TXN-14589,CUST-1167,2025-11-01 03:04:21.412282456,169.44,Books
TXN-14590,CUST-1770,2025-11-01 06:34:38.335667136,47.97,Electronics
TXN-14591,CUST-1502,2025-11-01 10:04:55.259051808,33.47,Books
TXN-14592,CUST-1884,2025-11-01 13:35:12.182436488,42.03,Home & Kitchen
TXN-14593,CUST-1354,2025-11-01 17:05:29.105821168,103.56,Apparel
TXN-14594,CUST-1224,2025-11-01 20:35:46.029205840,70.73,Electronics
TXN-14595,CUST-1663,2025-11-02 00:06:02.952590520,185.91,Books
TXN-14596,CUST-1530,2025-11-02 03:36:19.875975192,79.13,Home & Kitchen
TXN-14597,CUST-1145,2025-11-02 07:06:36.799359872,60.95,Apparel
TXN-14598,CUST-1959,2025-11-02 10:36:53.722744552,125.55,Apparel
TXN-14599,CUST-1240,2025-11-02 14:07:10.646129224,231.07,Books
TXN-14600,CUST-1883,2025-11-02 17:37:27.569513904,42.99,Home & Kitchen
TXN-14601,CUST-1892,2025-11-02 21:07:44.492898584,31.56,Electronics
TXN-14602,CUST-1343,2025-11-03 00:38:01.416283256,81.83,Books
TXN-14603,CUST-1748,2025-11-03 04:08:18.339667936,61.82,Apparel
TXN-14604,CUST-1034,2025-11-03 07:38:35.263052608,349.52,Apparel
TXN-14605,CUST-1701,2025-11-03 11:08:52.186437288,56.54,Apparel
TXN-14606,CUST-1000,2025-11-03 14:39:09.109821968,15.79,Books
TXN-14607,CUST-1995,2025-11-03 18:09:26.033206640,294.13,Beauty
TXN-14608,CUST-1152,2025-11-03 21:39:42.956591320,149.14,Beauty
TXN-14609,CUST-1428,2025-11-04 01:09:59.879975992,24.72,Beauty
TXN-14610,CUST-1944,2025-11-04 04:40:16.803360672,186.23,Home & Kitchen
TXN-14611,CUST-1507,2025-11-04 08:10:33.726745352,41.24,Books
TXN-14612,CUST-1125,2025-11-04 11:40:50.650130024,45.5,Apparel
TXN-14613,CUST-1490,2025-11-04 15:11:07.573514704,187.65,Home & Kitchen
TXN-14614,CUST-1481,2025-11-04 18:41:24.496899384,66.65,Beauty
TXN-14615,CUST-1344,2025-11-04 22:11:41.420284056,21.12,Electronics
TXN-14616,CUST-1911,2025-11-05 01:41:58.343668736,44.54,Home & Kitchen
TXN-14617,CUST-1737,2025-11-05 05:12:15.267053408,106.04,Home & Kitchen
TXN-14618,CUST-1220,2025-11-05 08:42:32.190438088,24.35,Books
TXN-14619,CUST-1914,2025-11-05 12:12:49.113822768,76.91,Home & Kitchen
TXN-14620,CUST-1918,2025-11-05 15:43:06.037207440,99.13,Books
TXN-14621,CUST-1722,2025-11-05 19:13:22.960592120,41.6,Electronics
TXN-14622,CUST-1024,2025-11-05 22:43:39.883976800,98.78,Apparel
TXN-14623,CUST-1527,2025-11-06 02:13:56.807361472,171.7,Apparel
TXN-14624,CUST-1181,2025-11-06 05:44:13.730746152,57.92,Beauty
TXN-14625,CUST-1498,2025-11-06 09:14:30.654130824,46.21,Beauty
TXN-14626,CUST-1840,2025-11-06 12:44:47.577515504,31.69,Electronics
TXN-14627,CUST-1640,2025-11-06 16:15:04.500900184,79.51,Apparel
TXN-14628,CUST-1041,2025-11-06 19:45:21.424284856,168.93,Beauty
TXN-14629,CUST-1914,2025-11-06 23:15:38.347669536,39.44,Home & Kitchen
TXN-14630,CUST-1480,2025-11-07 02:45:55.271054208,47.84,Books
TXN-14631,CUST-1929,2025-11-07 06:16:12.194438888,49.14,Beauty
TXN-14632,CUST-1847,2025-11-07 09:46:29.117823568,71.71,Electronics
TXN-14633,CUST-1747,2025-11-07 13:16:46.041208240,29.45,Apparel
TXN-14634,CUST-1871,2025-11-07 16:47:02.964592920,139.54,Electronics
TXN-14635,CUST-1438,2025-11-07 20:17:19.887977600,36.28,Books
TXN-14636,CUST-1401,2025-11-07 23:47:36.811362272,101.65,Books
TXN-14637,CUST-1545,2025-11-08 03:17:53.734746952,64.0,Electronics
TXN-14638,CUST-1344,2025-11-08 06:48:10.658131624,76.12,Beauty
TXN-14639,CUST-1892,2025-11-08 10:18:27.581516304,24.85,Beauty
TXN-14640,CUST-1044,2025-11-08 13:48:44.504900984,109.61,Apparel
TXN-14641,CUST-1645,2025-11-08 17:19:01.428285656,25.68,Apparel
TXN-14642,CUST-1020,2025-11-08 20:49:18.351670336,19.03,Home & Kitchen
TXN-14643,CUST-1633,2025-11-09 00:19:35.275055008,69.34,Home & Kitchen
TXN-14644,CUST-1069,2025-11-09 03:49:52.198439688,102.66,Apparel
TXN-14645,CUST-1863,2025-11-09 07:20:09.121824368,13.85,Home & Kitchen
TXN-14646,CUST-1872,2025-11-09 10:50:26.045209040,15.39,Electronics
TXN-14647,CUST-1047,2025-11-09 14:20:42.968593720,131.72,Beauty
TXN-14648,CUST-1490,2025-11-09 17:50:59.891978400,134.17,Home & Kitchen
TXN-14649,CUST-1550,2025-11-09 21:21:16.815363072,31.11,Home & Kitchen
TXN-14650,CUST-1286,2025-11-10 00:51:33.738747752,81.63,Electronics
TXN-14651,CUST-1009,2025-11-10 04:21:50.662132424,53.91,Books
TXN-14652,CUST-1541,2025-11-10 07:52:07.585517104,85.12,Apparel
TXN-14653,CUST-1755,2025-11-10 11:22:24.508901784,159.02,Electronics
TXN-14654,CUST-1273,2025-11-10 14:52:41.432286456,16.24,Books
TXN-14655,CUST-1955,2025-11-10 18:22:58.355671136,122.88,Electronics
TXN-14656,CUST-1599,2025-11-10 21:53:15.279055808,60.95,Beauty
TXN-14657,CUST-1755,2025-11-11 01:23:32.202440488,72.28,Electronics
TXN-14658,CUST-1380,2025-11-11 04:53:49.125825168,89.58,Electronics
TXN-14659,CUST-1328,2025-11-11 08:24:06.049209840,201.93,Beauty
TXN-14660,CUST-1478,2025-11-11 11:54:22.972594520,14.38,Apparel
TXN-14661,CUST-1014,2025-11-11 15:24:39.895979200,12.24,Books
TXN-14662,CUST-1515,2025-11-11 18:54:56.819363872,24.73,Home & Kitchen
TXN-14663,CUST-1190,2025-11-11 22:25:13.742748552,332.59,Apparel
TXN-14664,CUST-1167,2025-11-12 01:55:30.666133224,104.17,Electronics
TXN-14665,CUST-1520,2025-11-12 05:25:47.589517904,81.52,Home & Kitchen
TXN-14666,CUST-1620,2025-11-12 08:56:04.512902584,13.61,Beauty
TXN-14667,CUST-1136,2025-11-12 12:26:21.436287256,168.47,Apparel
TXN-14668,CUST-1153,2025-11-12 15:56:38.359671936,135.65,Books
TXN-14669,CUST-1387,2025-11-12 19:26:55.283056616,91.98,Apparel
TXN-14670,CUST-1208,2025-11-12 22:57:12.206441288,41.06,Apparel
TXN-14671,CUST-1271,2025-11-13 02:27:29.129825968,15.48,Home & Kitchen
TXN-14672,CUST-1142,2025-11-13 05:57:46.053210640,75.07,Beauty
TXN-14673,CUST-1610,2025-11-13 09:28:02.976595320,105.39,Beauty
TXN-14674,CUST-1888,2025-11-13 12:58:19.899980000,17.42,Apparel
TXN-14675,CUST-1819,2025-11-13 16:28:36.823364672,85.34,Beauty
TXN-14676,CUST-1068,2025-11-13 19:58:53.746749352,35.3,Home & Kitchen
TXN-14677,CUST-1246,2025-11-13 23:29:10.670134024,118.37,Home & Kitchen
TXN-14678,CUST-1260,2025-11-14 02:59:27.593518704,68.18,Books
TXN-14679,CUST-1787,2025-11-14 06:29:44.516903384,20.36,Beauty
TXN-14680,CUST-1078,2025-11-14 10:00:01.440288056,66.07,Books
TXN-14681,CUST-1657,2025-11-14 13:30:18.363672736,47.78,Electronics
TXN-14682,CUST-1622,2025-11-14 17:00:35.287057416,24.92,Home & Kitchen
TXN-14683,CUST-1769,2025-11-14 20:30:52.210442088,148.16,Apparel
TXN-14684,CUST-1604,2025-11-15 00:01:09.133826768,10.83,Home & Kitchen
TXN-14685,CUST-1524,2025-11-15 03:31:26.057211440,38.06,Electronics
TXN-14686,CUST-1771,2025-11-15 07:01:42.980596120,10.95,Apparel
TXN-14687,CUST-1937,2025-11-15 10:31:59.903980800,17.57,Beauty
TXN-14688,CUST-1620,2025-11-15 14:02:16.827365472,36.44,Beauty
TXN-14689,CUST-1329,2025-11-15 17:32:33.750750152,14.18,Home & Kitchen
TXN-14690,CUST-1188,2025-11-15 21:02:50.674134824,78.09,Apparel
TXN-14691,CUST-1094,2025-11-16 00:33:07.597519504,16.82,Apparel
TXN-14692,CUST-1616,2025-11-16 04:03:24.520904184,100.73,Books
TXN-14693,CUST-1007,2025-11-16 07:33:41.444288856,14.06,Electronics
TXN-14694,CUST-1066,2025-11-16 11:03:58.367673536,14.59,Beauty
TXN-14695,CUST-1495,2025-11-16 14:34:15.291058216,37.32,Home & Kitchen
TXN-14696,CUST-1190,2025-11-16 18:04:32.214442888,180.17,Apparel
TXN-14697,CUST-1365,2025-11-16 21:34:49.137827568,86.91,Beauty
TXN-14698,CUST-1767,2025-11-17 01:05:06.061212240,120.27,Home & Kitchen
TXN-14699,CUST-1520,2025-11-17 04:35:22.984596920,21.45,Beauty
TXN-14700,CUST-1989,2025-11-17 08:05:39.907981600,144.74,Home & Kitchen
TXN-14701,CUST-1116,2025-11-17 11:35:56.831366272,10.61,Beauty
TXN-14702,CUST-1266,2025-11-17 15:06:13.754750952,27.97,Books
TXN-14703,CUST-1610,2025-11-17 18:36:30.678135624,81.8,Electronics
TXN-14704,CUST-1484,2025-11-17 22:06:47.601520304,45.28,Beauty
TXN-14705,CUST-1508,2025-11-18 01:37:04.524904984,321.05,Electronics
TXN-14706,CUST-1297,2025-11-18 05:07:21.448289656,12.31,Beauty
TXN-14707,CUST-1908,2025-11-18 08:37:38.371674336,502.75,Apparel
TXN-14708,CUST-1163,2025-11-18 12:07:55.295059016,83.29,Books
TXN-14709,CUST-1375,2025-11-18 15:38:12.218443688,71.35,Books
TXN-14710,CUST-1652,2025-11-18 19:08:29.141828368,14.6,Electronics
TXN-14711,CUST-1267,2025-11-18 22:38:46.065213040,33.95,Apparel
TXN-14712,CUST-1548,2025-11-19 02:09:02.988597720,203.93,Home & Kitchen
TXN-14713,CUST-1073,2025-11-19 05:39:19.911982400,42.8,Books
TXN-14714,CUST-1507,2025-11-19 09:09:36.835367072,91.28,Apparel
TXN-14715,CUST-1072,2025-11-19 12:39:53.758751752,579.52,Apparel
TXN-14716,CUST-1307,2025-11-19 16:10:10.682136432,32.89,Electronics
TXN-14717,CUST-1198,2025-11-19 19:40:27.605521104,74.37,Apparel
TXN-14718,CUST-1129,2025-11-19 23:10:44.528905784,99.41,Apparel
TXN-14719,CUST-1757,2025-11-20 02:41:01.452290456,23.49,Home & Kitchen
TXN-14720,CUST-1823,2025-11-20 06:11:18.375675136,22.07,Electronics
TXN-14721,CUST-1571,2025-11-20 09:41:35.299059816,55.7,Electronics
TXN-14722,CUST-1790,2025-11-20 13:11:52.222444488,46.56,Apparel
TXN-14723,CUST-1614,2025-11-20 16:42:09.145829168,103.94,Home & Kitchen
TXN-14724,CUST-1807,2025-11-20 20:12:26.069213840,15.4,Beauty
TXN-14725,CUST-1831,2025-11-20 23:42:42.992598520,278.61,Books
TXN-14726,CUST-1486,2025-11-21 03:12:59.915983200,11.08,Electronics
TXN-14727,CUST-1852,2025-11-21 06:43:16.839367872,78.97,Home & Kitchen
TXN-14728,CUST-1150,2025-11-21 10:13:33.762752552,72.02,Home & Kitchen
TXN-14729,CUST-1668,2025-11-21 13:43:50.686137232,20.85,Apparel
TXN-14730,CUST-1205,2025-11-21 17:14:07.609521904,22.27,Books
TXN-14731,CUST-1985,2025-11-21 20:44:24.532906584,128.01,Electronics
TXN-14732,CUST-1178,2025-11-22 00:14:41.456291256,173.9,Beauty
TXN-14733,CUST-1196,2025-11-22 03:44:58.379675936,34.95,Apparel
TXN-14734,CUST-1734,2025-11-22 07:15:15.303060616,53.21,Electronics
TXN-14735,CUST-1088,2025-11-22 10:45:32.226445288,42.89,Electronics
TXN-14736,CUST-1798,2025-11-22 14:15:49.149829968,15.65,Home & Kitchen
TXN-14737,CUST-1433,2025-11-22 17:46:06.073214640,93.88,Books
TXN-14738,CUST-1787,2025-11-22 21:16:22.996599320,140.81,Beauty
TXN-14739,CUST-1747,2025-11-23 00:46:39.919984000,37.28,Books
TXN-14740,CUST-1182,2025-11-23 04:16:56.843368672,356.72,Home & Kitchen
TXN-14741,CUST-1208,2025-11-23 07:47:13.766753352,15.92,Beauty
TXN-14742,CUST-1492,2025-11-23 11:17:30.690138032,91.31,Beauty
TXN-14743,CUST-1129,2025-11-23 14:47:47.613522704,54.6,Apparel
TXN-14744,CUST-1664,2025-11-23 18:18:04.536907384,54.38,Beauty
TXN-14745,CUST-1012,2025-11-23 21:48:21.460292056,55.89,Electronics
TXN-14746,CUST-1633,2025-11-24 01:18:38.383676736,32.45,Books
TXN-14747,CUST-1870,2025-11-24 04:48:55.307061416,104.29,Books
TXN-14748,CUST-1731,2025-11-24 08:19:12.230446088,105.9,Apparel
TXN-14749,CUST-1105,2025-11-24 11:49:29.153830768,34.89,Beauty
TXN-14750,CUST-1374,2025-11-24 15:19:46.077215440,145.28,Home & Kitchen
TXN-14751,CUST-1581,2025-11-24 18:50:03.000600120,38.58,Electronics
TXN-14752,CUST-1706,2025-11-24 22:20:19.923984800,106.85,Apparel
TXN-14753,CUST-1697,2025-11-25 01:50:36.847369472,19.67,Beauty
TXN-14754,CUST-1098,2025-11-25 05:20:53.770754152,23.86,Home & Kitchen
TXN-14755,CUST-1593,2025-11-25 08:51:10.694138832,38.46,Beauty
TXN-14756,CUST-1586,2025-11-25 12:21:27.617523504,77.58,Apparel
TXN-14757,CUST-1885,2025-11-25 15:51:44.540908184,87.78,Home & Kitchen
TXN-14758,CUST-1851,2025-11-25 19:22:01.464292856,47.86,Home & Kitchen
TXN-14759,CUST-1191,2025-11-25 22:52:18.387677536,16.08,Home & Kitchen
TXN-14760,CUST-1324,2025-11-26 02:22:35.311062216,45.09,Home & Kitchen
TXN-14761,CUST-1978,2025-11-26 05:52:52.234446888,97.54,Beauty
TXN-14762,CUST-1725,2025-11-26 09:23:09.157831568,93.38,Home & Kitchen
TXN-14763,CUST-1826,2025-11-26 12:53:26.081216248,23.09,Beauty
TXN-14764,CUST-1955,2025-11-26 16:23:43.004600920,10.59,Home & Kitchen
TXN-14765,CUST-1466,2025-11-26 19:53:59.927985600,114.87,Home & Kitchen
TXN-14766,CUST-1893,2025-11-26 23:24:16.851370272,18.43,Apparel
TXN-14767,CUST-1366,2025-11-27 02:54:33.774754952,16.45,Beauty
TXN-14768,CUST-1317,2025-11-27 06:24:50.698139632,10.2,Beauty
TXN-14769,CUST-1143,2025-11-27 09:55:07.621524304,52.5,Books
TXN-14770,CUST-1383,2025-11-27 13:25:24.544908984,62.48,Apparel
TXN-14771,CUST-1215,2025-11-27 16:55:41.468293656,86.14,Beauty
TXN-14772,CUST-1360,2025-11-27 20:25:58.391678336,36.33,Apparel
TXN-14773,CUST-1323,2025-11-27 23:56:15.315063016,102.95,Apparel
TXN-14774,CUST-1014,2025-11-28 03:26:32.238447688,23.91,Apparel
TXN-14775,CUST-1216,2025-11-28 06:56:49.161832368,143.78,Electronics
TXN-14776,CUST-1491,2025-11-28 10:27:06.085217048,73.62,Beauty
TXN-14777,CUST-1950,2025-11-28 13:57:23.008601720,75.76,Apparel
TXN-14778,CUST-1546,2025-11-28 17:27:39.931986400,27.66,Electronics
TXN-14779,CUST-1182,2025-11-28 20:57:56.855371072,15.77,Electronics
TXN-14780,CUST-1269,2025-11-29 00:28:13.778755752,56.87,Home & Kitchen
TXN-14781,CUST-1944,2025-11-29 03:58:30.702140432,81.71,Home & Kitchen
TXN-14782,CUST-1466,2025-11-29 07:28:47.625525104,17.49,Beauty
TXN-14783,CUST-1869,2025-11-29 10:59:04.548909784,235.49,Home & Kitchen
TXN-14784,CUST-1611,2025-11-29 14:29:21.472294456,304.97,Beauty
TXN-14785,CUST-1518,2025-11-29 17:59:38.395679136,69.13,Electronics
TXN-14786,CUST-1541,2025-11-29 21:29:55.319063816,234.78,Electronics
TXN-14787,CUST-1466,2025-11-30 01:00:12.242448488,24.83,Beauty
TXN-14788,CUST-1304,2025-11-30 04:30:29.165833168,11.93,Home & Kitchen
TXN-14789,CUST-1984,2025-11-30 08:00:46.089217848,13.02,Home & Kitchen
TXN-14790,CUST-1143,2025-11-30 11:31:03.012602520,76.42,Beauty
TXN-14791,CUST-1110,2025-11-30 15:01:19.935987200,14.77,Books
TXN-14792,CUST-1231,2025-11-30 18:31:36.859371872,248.74,Home & Kitchen
TXN-14793,CUST-1690,2025-11-30 22:01:53.782756552,21.48,Apparel
TXN-14794,CUST-1583,2025-12-01 01:32:10.706141232,37.26,Home & Kitchen
TXN-14795,CUST-1721,2025-12-01 05:02:27.629525904,139.67,Books
TXN-14796,CUST-1731,2025-12-01 08:32:44.552910584,28.51,Electronics
TXN-14797,CUST-1591,2025-12-01 12:03:01.476295256,30.88,Electronics
TXN-14798,CUST-1499,2025-12-01 15:33:18.399679936,87.11,Electronics
TXN-14799,CUST-1594,2025-12-01 19:03:35.323064616,34.23,Home & Kitchen
TXN-14800,CUST-1553,2025-12-01 22:33:52.246449288,28.39,Electronics
TXN-14801,CUST-1272,2025-12-02 02:04:09.169833968,32.0,Books
TXN-14802,CUST-1702,2025-12-02 05:34:26.093218648,60.6,Books
TXN-14803,CUST-1172,2025-12-02 09:04:43.016603320,263.83,Home & Kitchen
TXN-14804,CUST-1972,2025-12-02 12:34:59.939988000,143.89,Apparel
TXN-14805,CUST-1006,2025-12-02 16:05:16.863372672,35.12,Home & Kitchen
TXN-14806,CUST-1154,2025-12-02 19:35:33.786757352,43.87,Electronics
TXN-14807,CUST-1521,2025-12-02 23:05:50.710142032,56.84,Home & Kitchen
TXN-14808,CUST-1545,2025-12-03 02:36:07.633526704,299.49,Books
TXN-14809,CUST-1547,2025-12-03 06:06:24.556911384,24.19,Home & Kitchen
TXN-14810,CUST-1920,2025-12-03 09:36:41.480296056,43.18,Home & Kitchen
TXN-14811,CUST-1517,2025-12-03 13:06:58.403680736,108.04,Apparel
TXN-14812,CUST-1919,2025-12-03 16:37:15.327065416,259.2,Books
TXN-14813,CUST-1913,2025-12-03 20:07:32.250450088,22.69,Beauty
TXN-14814,CUST-1214,2025-12-03 23:37:49.173834768,29.35,Beauty
TXN-14815,CUST-1133,2025-12-04 03:08:06.097219448,29.18,Books
TXN-14816,CUST-1284,2025-12-04 06:38:23.020604120,11.59,Beauty
TXN-14817,CUST-1125,2025-12-04 10:08:39.943988800,79.5,Electronics
TXN-14818,CUST-1920,2025-12-04 13:38:56.867373472,93.31,Beauty
TXN-14819,CUST-1438,2025-12-04 17:09:13.790758152,79.2,Electronics
TXN-14820,CUST-1848,2025-12-04 20:39:30.714142832,15.55,Books
TXN-14821,CUST-1685,2025-12-05 00:09:47.637527504,15.38,Beauty
TXN-14822,CUST-1151,2025-12-05 03:40:04.560912184,27.72,Beauty
TXN-14823,CUST-1330,2025-12-05 07:10:21.484296864,35.72,Electronics
TXN-14824,CUST-1537,2025-12-05 10:40:38.407681536,125.82,Electronics
TXN-14825,CUST-1382,2025-12-05 14:10:55.331066216,23.02,Home & Kitchen
TXN-14826,CUST-1114,2025-12-05 17:41:12.254450888,13.38,Apparel
TXN-14827,CUST-1893,2025-12-05 21:11:29.177835568,47.56,Beauty
TXN-14828,CUST-1481,2025-12-06 00:41:46.101220248,50.39,Apparel
TXN-14829,CUST-1283,2025-12-06 04:12:03.024604920,54.96,Apparel
TXN-14830,CUST-1898,2025-12-06 07:42:19.947989600,141.54,Beauty
TXN-14831,CUST-1074,2025-12-06 11:12:36.871374272,17.74,Electronics
TXN-14832,CUST-1165,2025-12-06 14:42:53.794758952,101.29,Home & Kitchen
TXN-14833,CUST-1188,2025-12-06 18:13:10.718143632,40.93,Books
TXN-14834,CUST-1077,2025-12-06 21:43:27.641528304,37.83,Beauty
TXN-14835,CUST-1946,2025-12-07 01:13:44.564912984,212.22,Beauty
TXN-14836,CUST-1601,2025-12-07 04:44:01.488297664,31.42,Books
TXN-14837,CUST-1687,2025-12-07 08:14:18.411682336,87.15,Apparel
TXN-14838,CUST-1020,2025-12-07 11:44:35.335067016,34.13,Home & Kitchen
TXN-14839,CUST-1565,2025-12-07 15:14:52.258451688,63.07,Apparel
TXN-14840,CUST-1183,2025-12-07 18:45:09.181836368,125.74,Books
TXN-14841,CUST-1870,2025-12-07 22:15:26.105221048,170.1,Books
TXN-14842,CUST-1221,2025-12-08 01:45:43.028605720,146.84,Home & Kitchen
TXN-14843,CUST-1826,2025-12-08 05:15:59.951990400,75.45,Books
TXN-14844,CUST-1327,2025-12-08 08:46:16.875375072,31.46,Books
TXN-14845,CUST-1178,2025-12-08 12:16:33.798759752,91.18,Home & Kitchen
TXN-14846,CUST-1787,2025-12-08 15:46:50.722144432,102.82,Beauty
TXN-14847,CUST-1111,2025-12-08 19:17:07.645529104,10.81,Apparel
TXN-14848,CUST-1735,2025-12-08 22:47:24.568913784,53.38,Beauty
TXN-14849,CUST-1725,2025-12-09 02:17:41.492298464,148.99,Beauty
TXN-14850,CUST-1058,2025-12-09 05:47:58.415683136,60.44,Apparel
TXN-14851,CUST-1326,2025-12-09 09:18:15.339067816,37.98,Beauty
TXN-14852,CUST-1904,2025-12-09 12:48:32.262452488,164.06,Home & Kitchen
TXN-14853,CUST-1620,2025-12-09 16:18:49.185837168,22.71,Apparel
TXN-14854,CUST-1896,2025-12-09 19:49:06.109221848,27.34,Electronics
TXN-14855,CUST-1668,2025-12-09 23:19:23.032606520,97.21,Beauty
TXN-14856,CUST-1190,2025-12-10 02:49:39.955991200,42.59,Books
TXN-14857,CUST-1199,2025-12-10 06:19:56.879375872,103.62,Apparel
TXN-14858,CUST-1311,2025-12-10 09:50:13.802760552,22.87,Electronics
TXN-14859,CUST-1707,2025-12-10 13:20:30.726145232,31.8,Books
TXN-14860,CUST-1034,2025-12-10 16:50:47.649529904,22.78,Electronics
TXN-14861,CUST-1378,2025-12-10 20:21:04.572914584,239.18,Beauty
TXN-14862,CUST-1386,2025-12-10 23:51:21.496299264,48.99,Books
TXN-14863,CUST-1757,2025-12-11 03:21:38.419683936,40.85,Beauty
TXN-14864,CUST-1236,2025-12-11 06:51:55.343068616,11.07,Books
TXN-14865,CUST-1615,2025-12-11 10:22:12.266453288,22.49,Apparel
TXN-14866,CUST-1518,2025-12-11 13:52:29.189837968,51.0,Home & Kitchen
TXN-14867,CUST-1282,2025-12-11 17:22:46.113222648,15.32,Home & Kitchen
TXN-14868,CUST-1000,2025-12-11 20:53:03.036607320,63.61,Electronics
TXN-14869,CUST-1730,2025-12-12 00:23:19.959992000,55.52,Books
TXN-14870,CUST-1463,2025-12-12 03:53:36.883376680,119.31,Beauty
TXN-14871,CUST-1229,2025-12-12 07:23:53.806761352,90.87,Apparel
TXN-14872,CUST-1966,2025-12-12 10:54:10.730146032,54.29,Apparel
TXN-14873,CUST-1171,2025-12-12 14:24:27.653530704,29.08,Apparel
TXN-14874,CUST-1086,2025-12-12 17:54:44.576915384,107.33,Home & Kitchen
TXN-14875,CUST-1552,2025-12-12 21:25:01.500300064,102.29,Beauty
TXN-14876,CUST-1122,2025-12-13 00:55:18.423684736,22.48,Apparel
TXN-14877,CUST-1842,2025-12-13 04:25:35.347069416,194.66,Apparel
TXN-14878,CUST-1297,2025-12-13 07:55:52.270454088,14.99,Electronics
TXN-14879,CUST-1884,2025-12-13 11:26:09.193838768,14.25,Books
TXN-14880,CUST-1928,2025-12-13 14:56:26.117223448,25.56,Books
TXN-14881,CUST-1689,2025-12-13 18:26:43.040608120,190.15,Books
TXN-14882,CUST-1574,2025-12-13 21:56:59.963992800,65.05,Electronics
TXN-14883,CUST-1483,2025-12-14 01:27:16.887377480,126.32,Home & Kitchen
TXN-14884,CUST-1164,2025-12-14 04:57:33.810762152,29.39,Electronics
TXN-14885,CUST-1698,2025-12-14 08:27:50.734146832,60.53,Apparel
TXN-14886,CUST-1382,2025-12-14 11:58:07.657531504,43.27,Beauty
TXN-14887,CUST-1208,2025-12-14 15:28:24.580916184,141.94,Apparel
TXN-14888,CUST-1738,2025-12-14 18:58:41.504300864,11.71,Apparel
TXN-14889,CUST-1431,2025-12-14 22:28:58.427685536,30.96,Beauty
TXN-14890,CUST-1388,2025-12-15 01:59:15.351070216,22.42,Books
TXN-14891,CUST-1559,2025-12-15 05:29:32.274454888,157.03,Electronics
TXN-14892,CUST-1223,2025-12-15 08:59:49.197839568,57.27,Home & Kitchen
TXN-14893,CUST-1002,2025-12-15 12:30:06.121224248,48.84,Apparel
TXN-14894,CUST-1371,2025-12-15 16:00:23.044608920,54.77,Apparel
TXN-14895,CUST-1686,2025-12-15 19:30:39.967993600,277.96,Home & Kitchen
TXN-14896,CUST-1445,2025-12-15 23:00:56.891378280,152.42,Electronics
TXN-14897,CUST-1610,2025-12-16 02:31:13.814762952,101.91,Apparel
TXN-14898,CUST-1115,2025-12-16 06:01:30.738147632,35.74,Home & Kitchen
TXN-14899,CUST-1269,2025-12-16 09:31:47.661532304,23.54,Apparel
TXN-14900,CUST-1446,2025-12-16 13:02:04.584916984,200.79,Books
TXN-14901,CUST-1367,2025-12-16 16:32:21.508301664,51.25,Books
TXN-14902,CUST-1252,2025-12-16 20:02:38.431686336,34.51,Apparel
TXN-14903,CUST-1316,2025-12-16 23:32:55.355071016,57.75,Apparel
TXN-14904,CUST-1414,2025-12-17 03:03:12.278455688,197.44,Books
TXN-14905,CUST-1094,2025-12-17 06:33:29.201840368,46.71,Apparel
TXN-14906,CUST-1784,2025-12-17 10:03:46.125225048,72.03,Electronics
TXN-14907,CUST-1891,2025-12-17 13:34:03.048609720,131.83,Electronics
TXN-14908,CUST-1023,2025-12-17 17:04:19.971994400,51.78,Beauty
TXN-14909,CUST-1627,2025-12-17 20:34:36.895379080,29.95,Electronics
TXN-14910,CUST-1662,2025-12-18 00:04:53.818763752,400.58,Apparel
TXN-14911,CUST-1849,2025-12-18 03:35:10.742148432,245.25,Apparel
TXN-14912,CUST-1049,2025-12-18 07:05:27.665533104,149.09,Home & Kitchen
TXN-14913,CUST-1501,2025-12-18 10:35:44.588917784,97.45,Electronics
TXN-14914,CUST-1717,2025-12-18 14:06:01.512302464,36.2,Books
TXN-14915,CUST-1497,2025-12-18 17:36:18.435687136,193.5,Books
TXN-14916,CUST-1334,2025-12-18 21:06:35.359071816,34.18,Beauty
TXN-14917,CUST-1078,2025-12-19 00:36:52.282456496,131.01,Home & Kitchen
TXN-14918,CUST-1581,2025-12-19 04:07:09.205841168,197.81,Books
TXN-14919,CUST-1026,2025-12-19 07:37:26.129225848,79.29,Beauty
TXN-14920,CUST-1270,2025-12-19 11:07:43.052610520,131.86,Electronics
TXN-14921,CUST-1561,2025-12-19 14:37:59.975995200,127.66,Home & Kitchen
TXN-14922,CUST-1803,2025-12-19 18:08:16.899379880,26.1,Home & Kitchen
TXN-14923,CUST-1246,2025-12-19 21:38:33.822764552,92.68,Apparel
TXN-14924,CUST-1775,2025-12-20 01:08:50.746149232,17.36,Electronics
TXN-14925,CUST-1590,2025-12-20 04:39:07.669533904,63.17,Home & Kitchen
TXN-14926,CUST-1386,2025-12-20 08:09:24.592918584,23.28,Beauty
TXN-14927,CUST-1701,2025-12-20 11:39:41.516303264,50.38,Books
TXN-14928,CUST-1558,2025-12-20 15:09:58.439687936,144.22,Electronics
TXN-14929,CUST-1972,2025-12-20 18:40:15.363072616,336.69,Electronics
TXN-14930,CUST-1360,2025-12-20 22:10:32.286457296,38.7,Home & Kitchen
TXN-14931,CUST-1865,2025-12-21 01:40:49.209841968,66.94,Home & Kitchen
TXN-14932,CUST-1983,2025-12-21 05:11:06.133226648,63.7,Home & Kitchen
TXN-14933,CUST-1487,2025-12-21 08:41:23.056611320,241.59,Beauty
TXN-14934,CUST-1351,2025-12-21 12:11:39.979996000,58.84,Apparel
TXN-14935,CUST-1700,2025-12-21 15:41:56.903380680,100.07,Home & Kitchen
TXN-14936,CUST-1927,2025-12-21 19:12:13.826765352,201.13,Apparel
TXN-14937,CUST-1255,2025-12-21 22:42:30.750150032,45.06,Apparel
TXN-14938,CUST-1221,2025-12-22 02:12:47.673534704,184.3,Electronics
TXN-14939,CUST-1883,2025-12-22 05:43:04.596919384,197.08,Books
TXN-14940,CUST-1752,2025-12-22 09:13:21.520304064,210.16,Books
TXN-14941,CUST-1780,2025-12-22 12:43:38.443688736,33.65,Beauty
TXN-14942,CUST-1000,2025-12-22 16:13:55.367073416,48.36,Beauty
TXN-14943,CUST-1545,2025-12-22 19:44:12.290458096,163.25,Books
TXN-14944,CUST-1445,2025-12-22 23:14:29.213842768,43.37,Books
TXN-14945,CUST-1078,2025-12-23 02:44:46.137227448,78.77,Electronics
TXN-14946,CUST-1235,2025-12-23 06:15:03.060612120,19.42,Electronics
TXN-14947,CUST-1333,2025-12-23 09:45:19.983996800,14.34,Books
TXN-14948,CUST-1888,2025-12-23 13:15:36.907381480,49.83,Home & Kitchen
TXN-14949,CUST-1348,2025-12-23 16:45:53.830766152,74.87,Home & Kitchen
TXN-14950,CUST-1097,2025-12-23 20:16:10.754150832,47.4,Electronics
TXN-14951,CUST-1081,2025-12-23 23:46:27.677535504,74.66,Apparel
TXN-14952,CUST-1501,2025-12-24 03:16:44.600920184,64.28,Books
TXN-14953,CUST-1966,2025-12-24 06:47:01.524304864,96.81,Beauty
TXN-14954,CUST-1476,2025-12-24 10:17:18.447689536,88.64,Home & Kitchen
TXN-14955,CUST-1926,2025-12-24 13:47:35.371074216,51.41,Apparel
TXN-14956,CUST-1703,2025-12-24 17:17:52.294458896,51.5,Home & Kitchen
TXN-14957,CUST-1764,2025-12-24 20:48:09.217843568,21.38,Apparel
TXN-14958,CUST-1920,2025-12-25 00:18:26.141228248,64.0,Books
TXN-14959,CUST-1549,2025-12-25 03:48:43.064612920,76.36,Books
TXN-14960,CUST-1013,2025-12-25 07:18:59.987997600,58.54,Books
TXN-14961,CUST-1391,2025-12-25 10:49:16.911382280,39.56,Electronics
TXN-14962,CUST-1346,2025-12-25 14:19:33.834766952,105.92,Apparel
TXN-14963,CUST-1309,2025-12-25 17:49:50.758151632,15.82,Beauty
TXN-14964,CUST-1385,2025-12-25 21:20:07.681536312,194.39,Beauty
TXN-14965,CUST-1208,2025-12-26 00:50:24.604920984,11.56,Books
TXN-14966,CUST-1356,2025-12-26 04:20:41.528305664,255.96,Beauty
TXN-14967,CUST-1973,2025-12-26 07:50:58.451690336,56.54,Home & Kitchen
TXN-14968,CUST-1600,2025-12-26 11:21:15.375075016,49.91,Apparel
TXN-14969,CUST-1567,2025-12-26 14:51:32.298459696,32.22,Apparel
TXN-14970,CUST-1093,2025-12-26 18:21:49.221844368,10.76,Apparel
TXN-14971,CUST-1092,2025-12-26 21:52:06.145229048,34.1,Home & Kitchen
TXN-14972,CUST-1339,2025-12-27 01:22:23.068613720,18.69,Electronics
TXN-14973,CUST-1596,2025-12-27 04:52:39.991998400,90.87,Home & Kitchen
TXN-14974,CUST-1444,2025-12-27 08:22:56.915383080,38.82,Apparel
TXN-14975,CUST-1756,2025-12-27 11:53:13.838767752,119.31,Apparel
TXN-14976,CUST-1021,2025-12-27 15:23:30.762152432,27.39,Apparel
TXN-14977,CUST-1290,2025-12-27 18:53:47.685537112,182.87,Beauty
TXN-14978,CUST-1484,2025-12-27 22:24:04.608921784,65.52,Electronics
TXN-14979,CUST-1783,2025-12-28 01:54:21.532306464,19.12,Home & Kitchen
TXN-14980,CUST-1305,2025-12-28 05:24:38.455691136,48.42,Apparel
TXN-14981,CUST-1633,2025-12-28 08:54:55.379075816,27.37,Books
TXN-14982,CUST-1127,2025-12-28 12:25:12.302460496,26.71,Electronics
TXN-14983,CUST-1624,2025-12-28 15:55:29.225845168,62.95,Books
TXN-14984,CUST-1938,2025-12-28 19:25:46.149229848,93.58,Electronics
TXN-14985,CUST-1272,2025-12-28 22:56:03.072614520,191.96,Apparel
TXN-14986,CUST-1847,2025-12-29 02:26:19.995999200,62.31,Electronics
TXN-14987,CUST-1441,2025-12-29 05:56:36.919383880,263.25,Electronics
TXN-14988,CUST-1502,2025-12-29 09:26:53.842768552,223.08,Apparel
TXN-14989,CUST-1129,2025-12-29 12:57:10.766153232,160.22,Books
TXN-14990,CUST-1131,2025-12-29 16:27:27.689537912,61.98,Books
TXN-14991,CUST-1596,2025-12-29 19:57:44.612922584,21.39,Beauty
TXN-14992,CUST-1934,2025-12-29 23:28:01.536307264,28.43,Books
TXN-14993,CUST-1481,2025-12-30 02:58:18.459691936,88.24,Books
TXN-14994,CUST-1861,2025-12-30 06:28:35.383076616,51.08,Electronics
TXN-14995,CUST-1389,2025-12-30 09:58:52.306461296,21.91,Beauty
TXN-14996,CUST-1592,2025-12-30 13:29:09.229845968,58.9,Apparel
TXN-14997,CUST-1998,2025-12-30 16:59:26.153230648,11.32,Apparel
TXN-14998,CUST-1984,2025-12-30 20:29:43.076615320,109.29,Home & Kitchen
TXN-14999,CUST-1324,2025-12-31 00:00:00.000000000,15.73,Beauty
